filename,full_path
00004ad1,C:\Development\Git\Afevis-MGS2-Bugfix-Compilation\Texture Fixes\ps2 textures\HAS ALPHA\bp_remade\no_mip_fixes\ui\00004ad1.png
000062b9,C:\Development\Git\Afevis-MGS2-Bugfix-Compilation\Texture Fixes\ps2 textures\OPAQUE\bp_remade\000062b9.png
00006739,C:\Development\Git\Afevis-MGS2-Bugfix-Compilation\Texture Fixes\ps2 textures\OPAQUE\bp_remade\00006739.png
0000c4dd,C:\Development\Git\Afevis-MGS2-Bugfix-Compilation\Texture Fixes\ps2 textures\HAS ALPHA\bp_remade\no_mip_fixes\ui\0000c4dd.png
0000c4dd_d0bf2476e36b7e6db64e892154845abf,C:\Development\Git\Afevis-MGS2-Bugfix-Compilation\Texture Fixes\ps2 textures\HAS ALPHA\bp_remade\no_mip_fixes\ui\0000c4dd_d0bf2476e36b7e6db64e892154845abf.png
0000f06e,C:\Development\Git\Afevis-MGS2-Bugfix-Compilation\Texture Fixes\ps2 textures\HAS ALPHA\bp_remade\no_mip_fixes\ui\0000f06e.png
00012016,C:\Development\Git\Afevis-MGS2-Bugfix-Compilation\Texture Fixes\ps2 textures\HAS ALPHA\bp_remade\no_mip_fixes\ui\00012016.png
00022016,C:\Development\Git\Afevis-MGS2-Bugfix-Compilation\Texture Fixes\ps2 textures\HAS ALPHA\bp_remade\no_mip_fixes\ui\00022016.png
00024ad1,C:\Development\Git\Afevis-MGS2-Bugfix-Compilation\Texture Fixes\ps2 textures\HAS ALPHA\bp_remade\no_mip_fixes\ui\00024ad1.png
0002936b,C:\Development\Git\Afevis-MGS2-Bugfix-Compilation\Texture Fixes\ps2 textures\HAS ALPHA\bp_remade\no_mip_fixes\ui\0002936b.png
0002cca2,C:\Development\Git\Afevis-MGS2-Bugfix-Compilation\Texture Fixes\ps2 textures\HAS ALPHA\bp_remade\no_mip_fixes\ui\0002cca2.png
00032016,C:\Development\Git\Afevis-MGS2-Bugfix-Compilation\Texture Fixes\ps2 textures\HAS ALPHA\bp_remade\no_mip_fixes\ui\00032016.png
000382c8,C:\Development\Git\Afevis-MGS2-Bugfix-Compilation\Texture Fixes\ps2 textures\HAS ALPHA\bp_remade\no_mip_fixes\ui\000382c8.png
000385a3,C:\Development\Git\Afevis-MGS2-Bugfix-Compilation\Texture Fixes\ps2 textures\HAS ALPHA\bp_remade\no_mip_fixes\ui\000385a3.png
0003c3de,C:\Development\Git\Afevis-MGS2-Bugfix-Compilation\Texture Fixes\ps2 textures\HAS ALPHA\bp_remade\no_mip_fixes\ui\0003c3de.png
0003c3de_59747dd0818a4f3d78cd7938115b9093,C:\Development\Git\Afevis-MGS2-Bugfix-Compilation\Texture Fixes\ps2 textures\HAS ALPHA\bp_remade\no_mip_fixes\ui\0003c3de_59747dd0818a4f3d78cd7938115b9093.png
00042016,C:\Development\Git\Afevis-MGS2-Bugfix-Compilation\Texture Fixes\ps2 textures\HAS ALPHA\bp_remade\no_mip_fixes\ui\00042016.png
000430f2,C:\Development\Git\Afevis-MGS2-Bugfix-Compilation\Texture Fixes\ps2 textures\HAS ALPHA\bp_remade\no_mip_fixes\ui\000430f2.png
00052016,C:\Development\Git\Afevis-MGS2-Bugfix-Compilation\Texture Fixes\ps2 textures\HAS ALPHA\bp_remade\no_mip_fixes\ui\00052016.png
00058f79,C:\Development\Git\Afevis-MGS2-Bugfix-Compilation\Texture Fixes\ps2 textures\HAS ALPHA\bp_remade\no_mip_fixes\ui\00058f79.png
00062016,C:\Development\Git\Afevis-MGS2-Bugfix-Compilation\Texture Fixes\ps2 textures\HAS ALPHA\bp_remade\no_mip_fixes\ui\00062016.png
00065bbe,C:\Development\Git\Afevis-MGS2-Bugfix-Compilation\Texture Fixes\ps2 textures\HAS ALPHA\bp_remade\no_mip_fixes\ui\00065bbe.png
00068f79,C:\Development\Git\Afevis-MGS2-Bugfix-Compilation\Texture Fixes\ps2 textures\HAS ALPHA\bp_remade\no_mip_fixes\ui\00068f79.png
00072016,C:\Development\Git\Afevis-MGS2-Bugfix-Compilation\Texture Fixes\ps2 textures\HAS ALPHA\bp_remade\no_mip_fixes\ui\00072016.png
00075bbe,C:\Development\Git\Afevis-MGS2-Bugfix-Compilation\Texture Fixes\ps2 textures\HAS ALPHA\bp_remade\no_mip_fixes\ui\00075bbe.png
00078f79,C:\Development\Git\Afevis-MGS2-Bugfix-Compilation\Texture Fixes\ps2 textures\HAS ALPHA\bp_remade\no_mip_fixes\ui\00078f79.png
0007bc34,C:\Development\Git\Afevis-MGS2-Bugfix-Compilation\Texture Fixes\ps2 textures\HAS ALPHA\bp_remade\no_mip_fixes\ui\0007bc34.png
00082016,C:\Development\Git\Afevis-MGS2-Bugfix-Compilation\Texture Fixes\ps2 textures\HAS ALPHA\bp_remade\no_mip_fixes\ui\00082016.png
00085bbe,C:\Development\Git\Afevis-MGS2-Bugfix-Compilation\Texture Fixes\ps2 textures\HAS ALPHA\bp_remade\no_mip_fixes\ui\00085bbe.png
00085d1e,C:\Development\Git\Afevis-MGS2-Bugfix-Compilation\Texture Fixes\ps2 textures\HAS ALPHA\bp_remade\no_mip_fixes\ui\00085d1e.png
000897ee,C:\Development\Git\Afevis-MGS2-Bugfix-Compilation\Texture Fixes\ps2 textures\OPAQUE\bp_remade\no_mip_fixes\ui\000897ee.png
0008bc34,C:\Development\Git\Afevis-MGS2-Bugfix-Compilation\Texture Fixes\ps2 textures\HAS ALPHA\bp_remade\no_mip_fixes\ui\0008bc34.png
00096be0,C:\Development\Git\Afevis-MGS2-Bugfix-Compilation\Texture Fixes\ps2 textures\HAS ALPHA\bp_remade\no_mip_fixes\ui\00096be0.png
0009bc34,C:\Development\Git\Afevis-MGS2-Bugfix-Compilation\Texture Fixes\ps2 textures\HAS ALPHA\bp_remade\no_mip_fixes\ui\0009bc34.png
0009bc34_b930b4499997afc4e26e408ea169f9c7,C:\Development\Git\Afevis-MGS2-Bugfix-Compilation\Texture Fixes\ps2 textures\HAS ALPHA\bp_remade\no_mip_fixes\ui\0009bc34_b930b4499997afc4e26e408ea169f9c7.png
0009eb6f,C:\Development\Git\Afevis-MGS2-Bugfix-Compilation\Texture Fixes\ps2 textures\HAS ALPHA\bp_remade\no_mip_fixes\ui\0009eb6f.png
0009f56f,C:\Development\Git\Afevis-MGS2-Bugfix-Compilation\Texture Fixes\ps2 textures\HAS ALPHA\bp_remade\no_mip_fixes\ui\0009f56f.png
0009f66f,C:\Development\Git\Afevis-MGS2-Bugfix-Compilation\Texture Fixes\ps2 textures\HAS ALPHA\bp_remade\no_mip_fixes\ui\0009f66f.png
000a8fc0,C:\Development\Git\Afevis-MGS2-Bugfix-Compilation\Texture Fixes\ps2 textures\HAS ALPHA\bp_remade\no_mip_fixes\ui\000a8fc0.png
000aa7de,C:\Development\Git\Afevis-MGS2-Bugfix-Compilation\Texture Fixes\ps2 textures\HAS ALPHA\bp_remade\no_mip_fixes\ui\000aa7de.png
000b7011,C:\Development\Git\Afevis-MGS2-Bugfix-Compilation\Texture Fixes\ps2 textures\HAS ALPHA\bp_remade\no_mip_fixes\ui\000b7011.png
000c59bf,C:\Development\Git\Afevis-MGS2-Bugfix-Compilation\Texture Fixes\ps2 textures\HAS ALPHA\bp_remade\no_mip_fixes\ui\000c59bf.png
000cc716,C:\Development\Git\Afevis-MGS2-Bugfix-Compilation\Texture Fixes\ps2 textures\HAS ALPHA\bp_remade\no_mip_fixes\ui\000cc716.png
000ccd6b,C:\Development\Git\Afevis-MGS2-Bugfix-Compilation\Texture Fixes\ps2 textures\HAS ALPHA\bp_remade\no_mip_fixes\ui\000ccd6b.png
000e1a61,C:\Development\Git\Afevis-MGS2-Bugfix-Compilation\Texture Fixes\ps2 textures\HAS ALPHA\bp_remade\no_mip_fixes\ui\000e1a61.png
000ebe38,C:\Development\Git\Afevis-MGS2-Bugfix-Compilation\Texture Fixes\ps2 textures\HAS ALPHA\bp_remade\no_mip_fixes\ui\000ebe38.png
000f0073,C:\Development\Git\Afevis-MGS2-Bugfix-Compilation\Texture Fixes\ps2 textures\HAS ALPHA\bp_remade\no_mip_fixes\ui\000f0073.png
000fe672,C:\Development\Git\Afevis-MGS2-Bugfix-Compilation\Texture Fixes\ps2 textures\HAS ALPHA\bp_remade\no_mip_fixes\ui\000fe672.png
000fe6f2,C:\Development\Git\Afevis-MGS2-Bugfix-Compilation\Texture Fixes\ps2 textures\HAS ALPHA\bp_remade\no_mip_fixes\ui\000fe6f2.png
000fe772,C:\Development\Git\Afevis-MGS2-Bugfix-Compilation\Texture Fixes\ps2 textures\HAS ALPHA\bp_remade\no_mip_fixes\ui\000fe772.png
00100d1b,C:\Development\Git\Afevis-MGS2-Bugfix-Compilation\Texture Fixes\ps2 textures\HAS ALPHA\bp_remade\no_mip_fixes\ui\00100d1b.png
001087b3,C:\Development\Git\Afevis-MGS2-Bugfix-Compilation\Texture Fixes\ps2 textures\HAS ALPHA\bp_remade\no_mip_fixes\ui\001087b3.png
0010e123,C:\Development\Git\Afevis-MGS2-Bugfix-Compilation\Texture Fixes\ps2 textures\HAS ALPHA\bp_remade\no_mip_fixes\ui\0010e123.png
001187b3,C:\Development\Git\Afevis-MGS2-Bugfix-Compilation\Texture Fixes\ps2 textures\HAS ALPHA\bp_remade\no_mip_fixes\ui\001187b3.png
0012e9ed,C:\Development\Git\Afevis-MGS2-Bugfix-Compilation\Texture Fixes\ps2 textures\HAS ALPHA\bp_remade\no_mip_fixes\ui\0012e9ed.png
0013486e,C:\Development\Git\Afevis-MGS2-Bugfix-Compilation\Texture Fixes\ps2 textures\HAS ALPHA\bp_remade\no_mip_fixes\ui\0013486e.png
0013547f,C:\Development\Git\Afevis-MGS2-Bugfix-Compilation\Texture Fixes\ps2 textures\HAS ALPHA\bp_remade\no_mip_fixes\ui\0013547f.png
0014547f,C:\Development\Git\Afevis-MGS2-Bugfix-Compilation\Texture Fixes\ps2 textures\HAS ALPHA\bp_remade\no_mip_fixes\ui\0014547f.png
001463f1,C:\Development\Git\Afevis-MGS2-Bugfix-Compilation\Texture Fixes\ps2 textures\HAS ALPHA\bp_remade\no_mip_fixes\ui\001463f1.png
0014b79b,C:\Development\Git\Afevis-MGS2-Bugfix-Compilation\Texture Fixes\ps2 textures\OPAQUE\bp_remade\no_mip_fixes\ui\0014b79b.png
0014c79b,C:\Development\Git\Afevis-MGS2-Bugfix-Compilation\Texture Fixes\ps2 textures\OPAQUE\bp_remade\no_mip_fixes\ui\0014c79b.png
0015547f,C:\Development\Git\Afevis-MGS2-Bugfix-Compilation\Texture Fixes\ps2 textures\HAS ALPHA\bp_remade\no_mip_fixes\ui\0015547f.png
00158927,C:\Development\Git\Afevis-MGS2-Bugfix-Compilation\Texture Fixes\ps2 textures\HAS ALPHA\bp_remade\no_mip_fixes\ui\00158927.png
0015d707,C:\Development\Git\Afevis-MGS2-Bugfix-Compilation\Texture Fixes\ps2 textures\OPAQUE\manual\no_mip_fixes\ui\0015d707.png
0015d707_cd82fa959c0f81d19f22c0b0fdf8d230,C:\Development\Git\Afevis-MGS2-Bugfix-Compilation\Texture Fixes\ps2 textures\OPAQUE\manual\no_mip_fixes\ui\0015d707_cd82fa959c0f81d19f22c0b0fdf8d230.png
0016852b,C:\Development\Git\Afevis-MGS2-Bugfix-Compilation\Texture Fixes\ps2 textures\HAS ALPHA\bp_remade\no_mip_fixes\ui\0016852b.png
0016bbf5,C:\Development\Git\Afevis-MGS2-Bugfix-Compilation\Texture Fixes\ps2 textures\HAS ALPHA\bp_remade\no_mip_fixes\ui\0016bbf5.png
0017bbf5,C:\Development\Git\Afevis-MGS2-Bugfix-Compilation\Texture Fixes\ps2 textures\HAS ALPHA\bp_remade\no_mip_fixes\ui\0017bbf5.png
001a8739,C:\Development\Git\Afevis-MGS2-Bugfix-Compilation\Texture Fixes\ps2 textures\HAS ALPHA\bp_remade\no_mip_fixes\ui\001a8739.png
001a8739_9b95ed97d41ce0c9da24766f77e0bf35,C:\Development\Git\Afevis-MGS2-Bugfix-Compilation\Texture Fixes\ps2 textures\HAS ALPHA\bp_remade\no_mip_fixes\ui\001a8739_9b95ed97d41ce0c9da24766f77e0bf35.png
001bb358,C:\Development\Git\Afevis-MGS2-Bugfix-Compilation\Texture Fixes\ps2 textures\HAS ALPHA\bp_remade\no_mip_fixes\ui\001bb358.png
001cd071,C:\Development\Git\Afevis-MGS2-Bugfix-Compilation\Texture Fixes\ps2 textures\HAS ALPHA\bp_remade\no_mip_fixes\ui\001cd071.png
001f2016,C:\Development\Git\Afevis-MGS2-Bugfix-Compilation\Texture Fixes\ps2 textures\HAS ALPHA\bp_remade\no_mip_fixes\ui\001f2016.png
00202016,C:\Development\Git\Afevis-MGS2-Bugfix-Compilation\Texture Fixes\ps2 textures\HAS ALPHA\bp_remade\no_mip_fixes\ui\00202016.png
00207af5,C:\Development\Git\Afevis-MGS2-Bugfix-Compilation\Texture Fixes\ps2 textures\HAS ALPHA\bp_remade\no_mip_fixes\ui\00207af5.png
0020c7c1,C:\Development\Git\Afevis-MGS2-Bugfix-Compilation\Texture Fixes\ps2 textures\HAS ALPHA\bp_remade\no_mip_fixes\ui\0020c7c1.png
0020e3c2,C:\Development\Git\Afevis-MGS2-Bugfix-Compilation\Texture Fixes\ps2 textures\HAS ALPHA\bp_remade\no_mip_fixes\ui\0020e3c2.png
0020fb52,C:\Development\Git\Afevis-MGS2-Bugfix-Compilation\Texture Fixes\ps2 textures\HAS ALPHA\bp_remade\no_mip_fixes\ui\0020fb52.png
00212016,C:\Development\Git\Afevis-MGS2-Bugfix-Compilation\Texture Fixes\ps2 textures\HAS ALPHA\bp_remade\no_mip_fixes\ui\00212016.png
0021e3c2,C:\Development\Git\Afevis-MGS2-Bugfix-Compilation\Texture Fixes\ps2 textures\HAS ALPHA\bp_remade\no_mip_fixes\ui\0021e3c2.png
00222016,C:\Development\Git\Afevis-MGS2-Bugfix-Compilation\Texture Fixes\ps2 textures\HAS ALPHA\bp_remade\no_mip_fixes\ui\00222016.png
0022e3c2,C:\Development\Git\Afevis-MGS2-Bugfix-Compilation\Texture Fixes\ps2 textures\HAS ALPHA\bp_remade\no_mip_fixes\ui\0022e3c2.png
00232016,C:\Development\Git\Afevis-MGS2-Bugfix-Compilation\Texture Fixes\ps2 textures\HAS ALPHA\bp_remade\no_mip_fixes\ui\00232016.png
00232162,C:\Development\Git\Afevis-MGS2-Bugfix-Compilation\Texture Fixes\ps2 textures\OPAQUE\bp_remade\no_mip_fixes\ui\00232162.png
002387da,C:\Development\Git\Afevis-MGS2-Bugfix-Compilation\Texture Fixes\ps2 textures\HAS ALPHA\bp_remade\no_mip_fixes\ui\002387da.png
00238df3,C:\Development\Git\Afevis-MGS2-Bugfix-Compilation\Texture Fixes\ps2 textures\OPAQUE\bp_remade\no_mip_fixes\ui\00238df3.png
0023ace3,C:\Development\Git\Afevis-MGS2-Bugfix-Compilation\Texture Fixes\ps2 textures\HAS ALPHA\bp_remade\no_mip_fixes\ui\0023ace3.png
00242016,C:\Development\Git\Afevis-MGS2-Bugfix-Compilation\Texture Fixes\ps2 textures\HAS ALPHA\bp_remade\no_mip_fixes\ui\00242016.png
00248df3,C:\Development\Git\Afevis-MGS2-Bugfix-Compilation\Texture Fixes\ps2 textures\HAS ALPHA\bp_remade\no_mip_fixes\ui\00248df3.png
002515dc,C:\Development\Git\Afevis-MGS2-Bugfix-Compilation\Texture Fixes\ps2 textures\HAS ALPHA\bp_remade\no_mip_fixes\ui\002515dc.png
00252016,C:\Development\Git\Afevis-MGS2-Bugfix-Compilation\Texture Fixes\ps2 textures\HAS ALPHA\bp_remade\no_mip_fixes\ui\00252016.png
00253181,C:\Development\Git\Afevis-MGS2-Bugfix-Compilation\Texture Fixes\ps2 textures\HAS ALPHA\bp_remade\no_mip_fixes\ui\00253181.png
00262016,C:\Development\Git\Afevis-MGS2-Bugfix-Compilation\Texture Fixes\ps2 textures\HAS ALPHA\bp_remade\no_mip_fixes\ui\00262016.png
00265522,C:\Development\Git\Afevis-MGS2-Bugfix-Compilation\Texture Fixes\ps2 textures\HAS ALPHA\bp_remade\no_mip_fixes\ui\00265522.png
0026f2fc,C:\Development\Git\Afevis-MGS2-Bugfix-Compilation\Texture Fixes\ps2 textures\HAS ALPHA\bp_remade\no_mip_fixes\ui\0026f2fc.png
00272016,C:\Development\Git\Afevis-MGS2-Bugfix-Compilation\Texture Fixes\ps2 textures\HAS ALPHA\bp_remade\no_mip_fixes\ui\00272016.png
00273921,C:\Development\Git\Afevis-MGS2-Bugfix-Compilation\Texture Fixes\ps2 textures\HAS ALPHA\bp_remade\no_mip_fixes\ui\00273921.png
0027ccec,C:\Development\Git\Afevis-MGS2-Bugfix-Compilation\Texture Fixes\ps2 textures\HAS ALPHA\bp_remade\no_mip_fixes\ui\0027ccec.png
002be6b0,C:\Development\Git\Afevis-MGS2-Bugfix-Compilation\Texture Fixes\ps2 textures\HAS ALPHA\bp_remade\no_mip_fixes\ui\002be6b0.png
002c9415,C:\Development\Git\Afevis-MGS2-Bugfix-Compilation\Texture Fixes\ps2 textures\HAS ALPHA\bp_remade\no_mip_fixes\ui\002c9415.png
002ca269,C:\Development\Git\Afevis-MGS2-Bugfix-Compilation\Texture Fixes\ps2 textures\HAS ALPHA\bp_remade\no_mip_fixes\ui\002ca269.png
002ca269_3ad823d6b15d2e0656bc022f9ae4d1ed,C:\Development\Git\Afevis-MGS2-Bugfix-Compilation\Texture Fixes\ps2 textures\HAS ALPHA\bp_remade\no_mip_fixes\ui\002ca269_3ad823d6b15d2e0656bc022f9ae4d1ed.png
002ceb42,C:\Development\Git\Afevis-MGS2-Bugfix-Compilation\Texture Fixes\ps2 textures\HAS ALPHA\bp_remade\no_mip_fixes\ui\002ceb42.png
002d83df,C:\Development\Git\Afevis-MGS2-Bugfix-Compilation\Texture Fixes\ps2 textures\HAS ALPHA\bp_remade\no_mip_fixes\ui\002d83df.png
002d83df_d6d6e25cebf411fbdc10afdc75e6c763,C:\Development\Git\Afevis-MGS2-Bugfix-Compilation\Texture Fixes\ps2 textures\HAS ALPHA\bp_remade\no_mip_fixes\ui\002d83df_d6d6e25cebf411fbdc10afdc75e6c763.png
002d83e0,C:\Development\Git\Afevis-MGS2-Bugfix-Compilation\Texture Fixes\ps2 textures\HAS ALPHA\bp_remade\no_mip_fixes\ui\002d83e0.png
002d83e0_fe14aedf8aead9e025a71608da78f12d,C:\Development\Git\Afevis-MGS2-Bugfix-Compilation\Texture Fixes\ps2 textures\HAS ALPHA\bp_remade\no_mip_fixes\ui\002d83e0_fe14aedf8aead9e025a71608da78f12d.png
002d83e1,C:\Development\Git\Afevis-MGS2-Bugfix-Compilation\Texture Fixes\ps2 textures\HAS ALPHA\bp_remade\no_mip_fixes\ui\002d83e1.png
002d83e2,C:\Development\Git\Afevis-MGS2-Bugfix-Compilation\Texture Fixes\ps2 textures\HAS ALPHA\bp_remade\no_mip_fixes\ui\002d83e2.png
002d83e3,C:\Development\Git\Afevis-MGS2-Bugfix-Compilation\Texture Fixes\ps2 textures\HAS ALPHA\bp_remade\no_mip_fixes\ui\002d83e3.png
002d83e4,C:\Development\Git\Afevis-MGS2-Bugfix-Compilation\Texture Fixes\ps2 textures\HAS ALPHA\bp_remade\no_mip_fixes\ui\002d83e4.png
002d83e5,C:\Development\Git\Afevis-MGS2-Bugfix-Compilation\Texture Fixes\ps2 textures\HAS ALPHA\bp_remade\no_mip_fixes\ui\002d83e5.png
002db10a,C:\Development\Git\Afevis-MGS2-Bugfix-Compilation\Texture Fixes\ps2 textures\OPAQUE\bp_remade\no_mip_fixes\ui\002db10a.png
002e7dde,C:\Development\Git\Afevis-MGS2-Bugfix-Compilation\Texture Fixes\ps2 textures\HAS ALPHA\bp_remade\no_mip_fixes\ui\002e7dde.png
002e7ddf,C:\Development\Git\Afevis-MGS2-Bugfix-Compilation\Texture Fixes\ps2 textures\HAS ALPHA\bp_remade\no_mip_fixes\ui\002e7ddf.png
002e7de0,C:\Development\Git\Afevis-MGS2-Bugfix-Compilation\Texture Fixes\ps2 textures\HAS ALPHA\bp_remade\no_mip_fixes\ui\002e7de0.png
002e7de3,C:\Development\Git\Afevis-MGS2-Bugfix-Compilation\Texture Fixes\ps2 textures\HAS ALPHA\bp_remade\no_mip_fixes\ui\002e7de3.png
002e7de4,C:\Development\Git\Afevis-MGS2-Bugfix-Compilation\Texture Fixes\ps2 textures\HAS ALPHA\bp_remade\no_mip_fixes\ui\002e7de4.png
002e7de5,C:\Development\Git\Afevis-MGS2-Bugfix-Compilation\Texture Fixes\ps2 textures\HAS ALPHA\bp_remade\no_mip_fixes\ui\002e7de5.png
002e7dff,C:\Development\Git\Afevis-MGS2-Bugfix-Compilation\Texture Fixes\ps2 textures\HAS ALPHA\bp_remade\no_mip_fixes\ui\002e7dff.png
002e8486,C:\Development\Git\Afevis-MGS2-Bugfix-Compilation\Texture Fixes\ps2 textures\HAS ALPHA\bp_remade\no_mip_fixes\ui\002e8486.png
002eb6f9,C:\Development\Git\Afevis-MGS2-Bugfix-Compilation\Texture Fixes\ps2 textures\HAS ALPHA\bp_remade\no_mip_fixes\ui\002eb6f9.png
002ee672,C:\Development\Git\Afevis-MGS2-Bugfix-Compilation\Texture Fixes\ps2 textures\HAS ALPHA\bp_remade\no_mip_fixes\ui\002ee672.png
002ee6f2,C:\Development\Git\Afevis-MGS2-Bugfix-Compilation\Texture Fixes\ps2 textures\HAS ALPHA\bp_remade\no_mip_fixes\ui\002ee6f2.png
002ee772,C:\Development\Git\Afevis-MGS2-Bugfix-Compilation\Texture Fixes\ps2 textures\HAS ALPHA\bp_remade\no_mip_fixes\ui\002ee772.png
002f0bd0,C:\Development\Git\Afevis-MGS2-Bugfix-Compilation\Texture Fixes\ps2 textures\HAS ALPHA\bp_remade\no_mip_fixes\ui\002f0bd0.png
002f1bd0,C:\Development\Git\Afevis-MGS2-Bugfix-Compilation\Texture Fixes\ps2 textures\HAS ALPHA\bp_remade\no_mip_fixes\ui\002f1bd0.png
002f2bd0,C:\Development\Git\Afevis-MGS2-Bugfix-Compilation\Texture Fixes\ps2 textures\HAS ALPHA\bp_remade\no_mip_fixes\ui\002f2bd0.png
002f3bd0,C:\Development\Git\Afevis-MGS2-Bugfix-Compilation\Texture Fixes\ps2 textures\HAS ALPHA\bp_remade\no_mip_fixes\ui\002f3bd0.png
002f4bd0,C:\Development\Git\Afevis-MGS2-Bugfix-Compilation\Texture Fixes\ps2 textures\HAS ALPHA\bp_remade\no_mip_fixes\ui\002f4bd0.png
002f5bd0,C:\Development\Git\Afevis-MGS2-Bugfix-Compilation\Texture Fixes\ps2 textures\HAS ALPHA\bp_remade\no_mip_fixes\ui\002f5bd0.png
002f6bd0,C:\Development\Git\Afevis-MGS2-Bugfix-Compilation\Texture Fixes\ps2 textures\HAS ALPHA\bp_remade\no_mip_fixes\ui\002f6bd0.png
002f7bd0,C:\Development\Git\Afevis-MGS2-Bugfix-Compilation\Texture Fixes\ps2 textures\HAS ALPHA\bp_remade\no_mip_fixes\ui\002f7bd0.png
002f8bd0,C:\Development\Git\Afevis-MGS2-Bugfix-Compilation\Texture Fixes\ps2 textures\HAS ALPHA\bp_remade\no_mip_fixes\ui\002f8bd0.png
002fc581,C:\Development\Git\Afevis-MGS2-Bugfix-Compilation\Texture Fixes\ps2 textures\HAS ALPHA\bp_remade\no_mip_fixes\ui\002fc581.png
00304ad1,C:\Development\Git\Afevis-MGS2-Bugfix-Compilation\Texture Fixes\ps2 textures\HAS ALPHA\bp_remade\no_mip_fixes\ui\00304ad1.png
00304bad,C:\Development\Git\Afevis-MGS2-Bugfix-Compilation\Texture Fixes\ps2 textures\HAS ALPHA\bp_remade\no_mip_fixes\ui\00304bad.png
0030e529,C:\Development\Git\Afevis-MGS2-Bugfix-Compilation\Texture Fixes\ps2 textures\HAS ALPHA\bp_remade\no_mip_fixes\ui\0030e529.png
0030f164,C:\Development\Git\Afevis-MGS2-Bugfix-Compilation\Texture Fixes\ps2 textures\HAS ALPHA\bp_remade\no_mip_fixes\ui\0030f164.png
0030fbd0,C:\Development\Git\Afevis-MGS2-Bugfix-Compilation\Texture Fixes\ps2 textures\HAS ALPHA\bp_remade\no_mip_fixes\ui\0030fbd0.png
00310ae2,C:\Development\Git\Afevis-MGS2-Bugfix-Compilation\Texture Fixes\ps2 textures\HAS ALPHA\bp_remade\no_mip_fixes\ui\00310ae2.png
00310bd0,C:\Development\Git\Afevis-MGS2-Bugfix-Compilation\Texture Fixes\ps2 textures\HAS ALPHA\bp_remade\no_mip_fixes\ui\00310bd0.png
00311bd0,C:\Development\Git\Afevis-MGS2-Bugfix-Compilation\Texture Fixes\ps2 textures\HAS ALPHA\bp_remade\no_mip_fixes\ui\00311bd0.png
00312bd0,C:\Development\Git\Afevis-MGS2-Bugfix-Compilation\Texture Fixes\ps2 textures\HAS ALPHA\bp_remade\no_mip_fixes\ui\00312bd0.png
00313bd0,C:\Development\Git\Afevis-MGS2-Bugfix-Compilation\Texture Fixes\ps2 textures\HAS ALPHA\bp_remade\no_mip_fixes\ui\00313bd0.png
00314bd0,C:\Development\Git\Afevis-MGS2-Bugfix-Compilation\Texture Fixes\ps2 textures\HAS ALPHA\bp_remade\no_mip_fixes\ui\00314bd0.png
003155d8,C:\Development\Git\Afevis-MGS2-Bugfix-Compilation\Texture Fixes\ps2 textures\OPAQUE\bp_remade\no_mip_fixes\ui\003155d8.png
00315bd0,C:\Development\Git\Afevis-MGS2-Bugfix-Compilation\Texture Fixes\ps2 textures\HAS ALPHA\bp_remade\no_mip_fixes\ui\00315bd0.png
00316bd0,C:\Development\Git\Afevis-MGS2-Bugfix-Compilation\Texture Fixes\ps2 textures\HAS ALPHA\bp_remade\no_mip_fixes\ui\00316bd0.png
00317bd0,C:\Development\Git\Afevis-MGS2-Bugfix-Compilation\Texture Fixes\ps2 textures\HAS ALPHA\bp_remade\no_mip_fixes\ui\00317bd0.png
00318bd0,C:\Development\Git\Afevis-MGS2-Bugfix-Compilation\Texture Fixes\ps2 textures\HAS ALPHA\bp_remade\no_mip_fixes\ui\00318bd0.png
0031ead8,C:\Development\Git\Afevis-MGS2-Bugfix-Compilation\Texture Fixes\ps2 textures\HAS ALPHA\bp_remade\no_mip_fixes\ui\0031ead8.png
00324ad1,C:\Development\Git\Afevis-MGS2-Bugfix-Compilation\Texture Fixes\ps2 textures\HAS ALPHA\bp_remade\no_mip_fixes\ui\00324ad1.png
0032ead8,C:\Development\Git\Afevis-MGS2-Bugfix-Compilation\Texture Fixes\ps2 textures\HAS ALPHA\bp_remade\no_mip_fixes\ui\0032ead8.png
0032fbd0,C:\Development\Git\Afevis-MGS2-Bugfix-Compilation\Texture Fixes\ps2 textures\HAS ALPHA\bp_remade\no_mip_fixes\ui\0032fbd0.png
00330bd0,C:\Development\Git\Afevis-MGS2-Bugfix-Compilation\Texture Fixes\ps2 textures\HAS ALPHA\bp_remade\no_mip_fixes\ui\00330bd0.png
00331bd0,C:\Development\Git\Afevis-MGS2-Bugfix-Compilation\Texture Fixes\ps2 textures\HAS ALPHA\bp_remade\no_mip_fixes\ui\00331bd0.png
00332bd0,C:\Development\Git\Afevis-MGS2-Bugfix-Compilation\Texture Fixes\ps2 textures\HAS ALPHA\bp_remade\no_mip_fixes\ui\00332bd0.png
00333bd0,C:\Development\Git\Afevis-MGS2-Bugfix-Compilation\Texture Fixes\ps2 textures\HAS ALPHA\bp_remade\no_mip_fixes\ui\00333bd0.png
00334bd0,C:\Development\Git\Afevis-MGS2-Bugfix-Compilation\Texture Fixes\ps2 textures\HAS ALPHA\bp_remade\no_mip_fixes\ui\00334bd0.png
00335bd0,C:\Development\Git\Afevis-MGS2-Bugfix-Compilation\Texture Fixes\ps2 textures\HAS ALPHA\bp_remade\no_mip_fixes\ui\00335bd0.png
00336bd0,C:\Development\Git\Afevis-MGS2-Bugfix-Compilation\Texture Fixes\ps2 textures\HAS ALPHA\bp_remade\no_mip_fixes\ui\00336bd0.png
00337bd0,C:\Development\Git\Afevis-MGS2-Bugfix-Compilation\Texture Fixes\ps2 textures\HAS ALPHA\bp_remade\no_mip_fixes\ui\00337bd0.png
00338bd0,C:\Development\Git\Afevis-MGS2-Bugfix-Compilation\Texture Fixes\ps2 textures\HAS ALPHA\bp_remade\no_mip_fixes\ui\00338bd0.png
00344ad1,C:\Development\Git\Afevis-MGS2-Bugfix-Compilation\Texture Fixes\ps2 textures\HAS ALPHA\bp_remade\no_mip_fixes\ui\00344ad1.png
0034852b,C:\Development\Git\Afevis-MGS2-Bugfix-Compilation\Texture Fixes\ps2 textures\HAS ALPHA\bp_remade\no_mip_fixes\ui\0034852b.png
0034fbd0,C:\Development\Git\Afevis-MGS2-Bugfix-Compilation\Texture Fixes\ps2 textures\HAS ALPHA\bp_remade\no_mip_fixes\ui\0034fbd0.png
00350bd0,C:\Development\Git\Afevis-MGS2-Bugfix-Compilation\Texture Fixes\ps2 textures\HAS ALPHA\bp_remade\no_mip_fixes\ui\00350bd0.png
00351bd0,C:\Development\Git\Afevis-MGS2-Bugfix-Compilation\Texture Fixes\ps2 textures\HAS ALPHA\bp_remade\no_mip_fixes\ui\00351bd0.png
00352bd0,C:\Development\Git\Afevis-MGS2-Bugfix-Compilation\Texture Fixes\ps2 textures\HAS ALPHA\bp_remade\no_mip_fixes\ui\00352bd0.png
00353bd0,C:\Development\Git\Afevis-MGS2-Bugfix-Compilation\Texture Fixes\ps2 textures\HAS ALPHA\bp_remade\no_mip_fixes\ui\00353bd0.png
00354bd0,C:\Development\Git\Afevis-MGS2-Bugfix-Compilation\Texture Fixes\ps2 textures\HAS ALPHA\bp_remade\no_mip_fixes\ui\00354bd0.png
00355bd0,C:\Development\Git\Afevis-MGS2-Bugfix-Compilation\Texture Fixes\ps2 textures\HAS ALPHA\bp_remade\no_mip_fixes\ui\00355bd0.png
00356bd0,C:\Development\Git\Afevis-MGS2-Bugfix-Compilation\Texture Fixes\ps2 textures\HAS ALPHA\bp_remade\no_mip_fixes\ui\00356bd0.png
00357bd0,C:\Development\Git\Afevis-MGS2-Bugfix-Compilation\Texture Fixes\ps2 textures\HAS ALPHA\bp_remade\no_mip_fixes\ui\00357bd0.png
003587ad,C:\Development\Git\Afevis-MGS2-Bugfix-Compilation\Texture Fixes\ps2 textures\HAS ALPHA\bp_remade\no_mip_fixes\ui\003587ad.png
00358bd0,C:\Development\Git\Afevis-MGS2-Bugfix-Compilation\Texture Fixes\ps2 textures\HAS ALPHA\bp_remade\no_mip_fixes\ui\00358bd0.png
00364ad1,C:\Development\Git\Afevis-MGS2-Bugfix-Compilation\Texture Fixes\ps2 textures\HAS ALPHA\bp_remade\no_mip_fixes\ui\00364ad1.png
00367807,C:\Development\Git\Afevis-MGS2-Bugfix-Compilation\Texture Fixes\ps2 textures\HAS ALPHA\bp_remade\no_mip_fixes\ui\00367807.png
0036ea81,C:\Development\Git\Afevis-MGS2-Bugfix-Compilation\Texture Fixes\ps2 textures\HAS ALPHA\bp_remade\no_mip_fixes\ui\0036ea81.png
0036fbd0,C:\Development\Git\Afevis-MGS2-Bugfix-Compilation\Texture Fixes\ps2 textures\HAS ALPHA\bp_remade\no_mip_fixes\ui\0036fbd0.png
00370bd0,C:\Development\Git\Afevis-MGS2-Bugfix-Compilation\Texture Fixes\ps2 textures\HAS ALPHA\bp_remade\no_mip_fixes\ui\00370bd0.png
00371bd0,C:\Development\Git\Afevis-MGS2-Bugfix-Compilation\Texture Fixes\ps2 textures\HAS ALPHA\bp_remade\no_mip_fixes\ui\00371bd0.png
00372bd0,C:\Development\Git\Afevis-MGS2-Bugfix-Compilation\Texture Fixes\ps2 textures\HAS ALPHA\bp_remade\no_mip_fixes\ui\00372bd0.png
00373bd0,C:\Development\Git\Afevis-MGS2-Bugfix-Compilation\Texture Fixes\ps2 textures\HAS ALPHA\bp_remade\no_mip_fixes\ui\00373bd0.png
00374bd0,C:\Development\Git\Afevis-MGS2-Bugfix-Compilation\Texture Fixes\ps2 textures\HAS ALPHA\bp_remade\no_mip_fixes\ui\00374bd0.png
0037502a,C:\Development\Git\Afevis-MGS2-Bugfix-Compilation\Texture Fixes\ps2 textures\HAS ALPHA\bp_remade\no_mip_fixes\ui\0037502a.png
0037513a,C:\Development\Git\Afevis-MGS2-Bugfix-Compilation\Texture Fixes\ps2 textures\HAS ALPHA\bp_remade\no_mip_fixes\ui\0037513a.png
00375bd0,C:\Development\Git\Afevis-MGS2-Bugfix-Compilation\Texture Fixes\ps2 textures\HAS ALPHA\bp_remade\no_mip_fixes\ui\00375bd0.png
00376bd0,C:\Development\Git\Afevis-MGS2-Bugfix-Compilation\Texture Fixes\ps2 textures\HAS ALPHA\bp_remade\no_mip_fixes\ui\00376bd0.png
00380922,C:\Development\Git\Afevis-MGS2-Bugfix-Compilation\Texture Fixes\ps2 textures\HAS ALPHA\bp_remade\no_mip_fixes\ui\00380922.png
00384ad1,C:\Development\Git\Afevis-MGS2-Bugfix-Compilation\Texture Fixes\ps2 textures\HAS ALPHA\bp_remade\no_mip_fixes\ui\00384ad1.png
0038e7a7,C:\Development\Git\Afevis-MGS2-Bugfix-Compilation\Texture Fixes\ps2 textures\HAS ALPHA\bp_remade\no_mip_fixes\ui\0038e7a7.png
0038f08e,C:\Development\Git\Afevis-MGS2-Bugfix-Compilation\Texture Fixes\ps2 textures\HAS ALPHA\bp_remade\no_mip_fixes\ui\0038f08e.png
0038f2a7,C:\Development\Git\Afevis-MGS2-Bugfix-Compilation\Texture Fixes\ps2 textures\HAS ALPHA\bp_remade\no_mip_fixes\ui\0038f2a7.png
0038f2a7_09a2e59f677ae755c7156ae89bea86a9,C:\Development\Git\Afevis-MGS2-Bugfix-Compilation\Texture Fixes\ps2 textures\HAS ALPHA\bp_remade\no_mip_fixes\ui\0038f2a7_09a2e59f677ae755c7156ae89bea86a9.png
0038f2a7_506b55e6b21d5eaec73ca5aa5ffb9a36,C:\Development\Git\Afevis-MGS2-Bugfix-Compilation\Texture Fixes\ps2 textures\HAS ALPHA\bp_remade\no_mip_fixes\ui\0038f2a7_506b55e6b21d5eaec73ca5aa5ffb9a36.png
0038f2a7_be3ef19531b3a85625ef614280f2874c,C:\Development\Git\Afevis-MGS2-Bugfix-Compilation\Texture Fixes\ps2 textures\HAS ALPHA\bp_remade\no_mip_fixes\ui\0038f2a7_be3ef19531b3a85625ef614280f2874c.png
003954fa,C:\Development\Git\Afevis-MGS2-Bugfix-Compilation\Texture Fixes\ps2 textures\HAS ALPHA\bp_remade\no_mip_fixes\ui\003954fa.png
003997fd,C:\Development\Git\Afevis-MGS2-Bugfix-Compilation\Texture Fixes\ps2 textures\HAS ALPHA\bp_remade\no_mip_fixes\ui\003997fd.png
003997fd_58fcdefef3f7eda79d7e4a9f65f040ed,C:\Development\Git\Afevis-MGS2-Bugfix-Compilation\Texture Fixes\ps2 textures\HAS ALPHA\bp_remade\no_mip_fixes\ui\003997fd_58fcdefef3f7eda79d7e4a9f65f040ed.png
0039af8a,C:\Development\Git\Afevis-MGS2-Bugfix-Compilation\Texture Fixes\ps2 textures\HAS ALPHA\bp_remade\no_mip_fixes\ui\0039af8a.png
003a4ad1,C:\Development\Git\Afevis-MGS2-Bugfix-Compilation\Texture Fixes\ps2 textures\HAS ALPHA\bp_remade\no_mip_fixes\ui\003a4ad1.png
003a8d29,C:\Development\Git\Afevis-MGS2-Bugfix-Compilation\Texture Fixes\ps2 textures\HAS ALPHA\bp_remade\no_mip_fixes\ui\003a8d29.png
003aa501,C:\Development\Git\Afevis-MGS2-Bugfix-Compilation\Texture Fixes\ps2 textures\HAS ALPHA\bp_remade\no_mip_fixes\ui\003aa501.png
003c4ad1,C:\Development\Git\Afevis-MGS2-Bugfix-Compilation\Texture Fixes\ps2 textures\HAS ALPHA\bp_remade\no_mip_fixes\ui\003c4ad1.png
003c8502,C:\Development\Git\Afevis-MGS2-Bugfix-Compilation\Texture Fixes\ps2 textures\HAS ALPHA\bp_remade\no_mip_fixes\ui\003c8502.png
003d8502,C:\Development\Git\Afevis-MGS2-Bugfix-Compilation\Texture Fixes\ps2 textures\HAS ALPHA\bp_remade\no_mip_fixes\ui\003d8502.png
003e4ad1,C:\Development\Git\Afevis-MGS2-Bugfix-Compilation\Texture Fixes\ps2 textures\HAS ALPHA\bp_remade\no_mip_fixes\ui\003e4ad1.png
003e8502,C:\Development\Git\Afevis-MGS2-Bugfix-Compilation\Texture Fixes\ps2 textures\HAS ALPHA\bp_remade\no_mip_fixes\ui\003e8502.png
003e9364,C:\Development\Git\Afevis-MGS2-Bugfix-Compilation\Texture Fixes\ps2 textures\HAS ALPHA\bp_remade\no_mip_fixes\ui\003e9364.png
003f8502,C:\Development\Git\Afevis-MGS2-Bugfix-Compilation\Texture Fixes\ps2 textures\HAS ALPHA\bp_remade\no_mip_fixes\ui\003f8502.png
003fc7c9,C:\Development\Git\Afevis-MGS2-Bugfix-Compilation\Texture Fixes\ps2 textures\HAS ALPHA\bp_remade\no_mip_fixes\ui\003fc7c9.png
00404ad1,C:\Development\Git\Afevis-MGS2-Bugfix-Compilation\Texture Fixes\ps2 textures\HAS ALPHA\bp_remade\no_mip_fixes\ui\00404ad1.png
00408502,C:\Development\Git\Afevis-MGS2-Bugfix-Compilation\Texture Fixes\ps2 textures\HAS ALPHA\bp_remade\no_mip_fixes\ui\00408502.png
0040cd15,C:\Development\Git\Afevis-MGS2-Bugfix-Compilation\Texture Fixes\ps2 textures\HAS ALPHA\bp_remade\no_mip_fixes\ui\0040cd15.png
0040eac3,C:\Development\Git\Afevis-MGS2-Bugfix-Compilation\Texture Fixes\ps2 textures\HAS ALPHA\bp_remade\no_mip_fixes\ui\0040eac3.png
00418502,C:\Development\Git\Afevis-MGS2-Bugfix-Compilation\Texture Fixes\ps2 textures\HAS ALPHA\bp_remade\no_mip_fixes\ui\00418502.png
0041eac3,C:\Development\Git\Afevis-MGS2-Bugfix-Compilation\Texture Fixes\ps2 textures\HAS ALPHA\bp_remade\no_mip_fixes\ui\0041eac3.png
00424ad1,C:\Development\Git\Afevis-MGS2-Bugfix-Compilation\Texture Fixes\ps2 textures\HAS ALPHA\bp_remade\no_mip_fixes\ui\00424ad1.png
00427069,C:\Development\Git\Afevis-MGS2-Bugfix-Compilation\Texture Fixes\ps2 textures\HAS ALPHA\bp_remade\no_mip_fixes\ui\00427069.png
00428502,C:\Development\Git\Afevis-MGS2-Bugfix-Compilation\Texture Fixes\ps2 textures\HAS ALPHA\bp_remade\no_mip_fixes\ui\00428502.png
0042eac3,C:\Development\Git\Afevis-MGS2-Bugfix-Compilation\Texture Fixes\ps2 textures\HAS ALPHA\bp_remade\no_mip_fixes\ui\0042eac3.png
0043eac3,C:\Development\Git\Afevis-MGS2-Bugfix-Compilation\Texture Fixes\ps2 textures\HAS ALPHA\bp_remade\no_mip_fixes\ui\0043eac3.png
00443f1d,C:\Development\Git\Afevis-MGS2-Bugfix-Compilation\Texture Fixes\ps2 textures\HAS ALPHA\bp_remade\no_mip_fixes\ui\00443f1d.png
00445c5a,C:\Development\Git\Afevis-MGS2-Bugfix-Compilation\Texture Fixes\ps2 textures\HAS ALPHA\bp_remade\no_mip_fixes\ui\00445c5a.png
00453f1d,C:\Development\Git\Afevis-MGS2-Bugfix-Compilation\Texture Fixes\ps2 textures\HAS ALPHA\bp_remade\no_mip_fixes\ui\00453f1d.png
004579c8,C:\Development\Git\Afevis-MGS2-Bugfix-Compilation\Texture Fixes\ps2 textures\HAS ALPHA\bp_remade\no_mip_fixes\ui\004579c8.png
00459114,C:\Development\Git\Afevis-MGS2-Bugfix-Compilation\Texture Fixes\ps2 textures\HAS ALPHA\bp_remade\no_mip_fixes\ui\00459114.png
004613c2,C:\Development\Git\Afevis-MGS2-Bugfix-Compilation\Texture Fixes\ps2 textures\HAS ALPHA\bp_remade\no_mip_fixes\ui\004613c2.png
00463f1d,C:\Development\Git\Afevis-MGS2-Bugfix-Compilation\Texture Fixes\ps2 textures\HAS ALPHA\bp_remade\no_mip_fixes\ui\00463f1d.png
00469114,C:\Development\Git\Afevis-MGS2-Bugfix-Compilation\Texture Fixes\ps2 textures\HAS ALPHA\bp_remade\no_mip_fixes\ui\00469114.png
00470ccd,C:\Development\Git\Afevis-MGS2-Bugfix-Compilation\Texture Fixes\ps2 textures\HAS ALPHA\bp_remade\no_mip_fixes\ui\00470ccd.png
00470d4d,C:\Development\Git\Afevis-MGS2-Bugfix-Compilation\Texture Fixes\ps2 textures\HAS ALPHA\bp_remade\no_mip_fixes\ui\00470d4d.png
00470dcd,C:\Development\Git\Afevis-MGS2-Bugfix-Compilation\Texture Fixes\ps2 textures\HAS ALPHA\bp_remade\no_mip_fixes\ui\00470dcd.png
004750b0,C:\Development\Git\Afevis-MGS2-Bugfix-Compilation\Texture Fixes\ps2 textures\HAS ALPHA\bp_remade\no_mip_fixes\ui\004750b0.png
004750b0_b04d2410ad3d8dfa5e0f135d4c15d11e,C:\Development\Git\Afevis-MGS2-Bugfix-Compilation\Texture Fixes\ps2 textures\HAS ALPHA\bp_remade\no_mip_fixes\ui\004750b0_b04d2410ad3d8dfa5e0f135d4c15d11e.png
004767e5,C:\Development\Git\Afevis-MGS2-Bugfix-Compilation\Texture Fixes\ps2 textures\HAS ALPHA\bp_remade\no_mip_fixes\ui\004767e5.png
00479114,C:\Development\Git\Afevis-MGS2-Bugfix-Compilation\Texture Fixes\ps2 textures\HAS ALPHA\bp_remade\no_mip_fixes\ui\00479114.png
00481d9d,C:\Development\Git\Afevis-MGS2-Bugfix-Compilation\Texture Fixes\ps2 textures\HAS ALPHA\bp_remade\no_mip_fixes\ui\00481d9d.png
004827bc,C:\Development\Git\Afevis-MGS2-Bugfix-Compilation\Texture Fixes\ps2 textures\HAS ALPHA\bp_remade\no_mip_fixes\ui\004827bc.png
0048283c,C:\Development\Git\Afevis-MGS2-Bugfix-Compilation\Texture Fixes\ps2 textures\HAS ALPHA\bp_remade\no_mip_fixes\ui\0048283c.png
004828bc,C:\Development\Git\Afevis-MGS2-Bugfix-Compilation\Texture Fixes\ps2 textures\HAS ALPHA\bp_remade\no_mip_fixes\ui\004828bc.png
0048293c,C:\Development\Git\Afevis-MGS2-Bugfix-Compilation\Texture Fixes\ps2 textures\HAS ALPHA\bp_remade\no_mip_fixes\ui\0048293c.png
004829bc,C:\Development\Git\Afevis-MGS2-Bugfix-Compilation\Texture Fixes\ps2 textures\HAS ALPHA\bp_remade\no_mip_fixes\ui\004829bc.png
00482abc,C:\Development\Git\Afevis-MGS2-Bugfix-Compilation\Texture Fixes\ps2 textures\HAS ALPHA\bp_remade\no_mip_fixes\ui\00482abc.png
00482b3c,C:\Development\Git\Afevis-MGS2-Bugfix-Compilation\Texture Fixes\ps2 textures\HAS ALPHA\bp_remade\no_mip_fixes\ui\00482b3c.png
004836bc,C:\Development\Git\Afevis-MGS2-Bugfix-Compilation\Texture Fixes\ps2 textures\HAS ALPHA\bp_remade\no_mip_fixes\ui\004836bc.png
0048373c,C:\Development\Git\Afevis-MGS2-Bugfix-Compilation\Texture Fixes\ps2 textures\HAS ALPHA\bp_remade\no_mip_fixes\ui\0048373c.png
004867e5,C:\Development\Git\Afevis-MGS2-Bugfix-Compilation\Texture Fixes\ps2 textures\HAS ALPHA\bp_remade\no_mip_fixes\ui\004867e5.png
00487b63,C:\Development\Git\Afevis-MGS2-Bugfix-Compilation\Texture Fixes\ps2 textures\HAS ALPHA\bp_remade\no_mip_fixes\ui\00487b63.png
00491714,C:\Development\Git\Afevis-MGS2-Bugfix-Compilation\Texture Fixes\ps2 textures\HAS ALPHA\bp_remade\no_mip_fixes\ui\00491714.png
00491d9d,C:\Development\Git\Afevis-MGS2-Bugfix-Compilation\Texture Fixes\ps2 textures\HAS ALPHA\bp_remade\no_mip_fixes\ui\00491d9d.png
004967e5,C:\Development\Git\Afevis-MGS2-Bugfix-Compilation\Texture Fixes\ps2 textures\HAS ALPHA\bp_remade\no_mip_fixes\ui\004967e5.png
00497b63,C:\Development\Git\Afevis-MGS2-Bugfix-Compilation\Texture Fixes\ps2 textures\HAS ALPHA\bp_remade\no_mip_fixes\ui\00497b63.png
004a67e5,C:\Development\Git\Afevis-MGS2-Bugfix-Compilation\Texture Fixes\ps2 textures\HAS ALPHA\bp_remade\no_mip_fixes\ui\004a67e5.png
004a7b63,C:\Development\Git\Afevis-MGS2-Bugfix-Compilation\Texture Fixes\ps2 textures\HAS ALPHA\bp_remade\no_mip_fixes\ui\004a7b63.png
004acd8a,C:\Development\Git\Afevis-MGS2-Bugfix-Compilation\Texture Fixes\ps2 textures\HAS ALPHA\bp_remade\no_mip_fixes\ui\004acd8a.png
004b2a01,C:\Development\Git\Afevis-MGS2-Bugfix-Compilation\Texture Fixes\ps2 textures\OPAQUE\bp_remade\004b2a01.png
004b67e5,C:\Development\Git\Afevis-MGS2-Bugfix-Compilation\Texture Fixes\ps2 textures\HAS ALPHA\bp_remade\no_mip_fixes\ui\004b67e5.png
004b7b63,C:\Development\Git\Afevis-MGS2-Bugfix-Compilation\Texture Fixes\ps2 textures\HAS ALPHA\bp_remade\no_mip_fixes\ui\004b7b63.png
004c1d9d,C:\Development\Git\Afevis-MGS2-Bugfix-Compilation\Texture Fixes\ps2 textures\HAS ALPHA\bp_remade\no_mip_fixes\ui\004c1d9d.png
004c67e5,C:\Development\Git\Afevis-MGS2-Bugfix-Compilation\Texture Fixes\ps2 textures\HAS ALPHA\bp_remade\no_mip_fixes\ui\004c67e5.png
004c943d,C:\Development\Git\Afevis-MGS2-Bugfix-Compilation\Texture Fixes\ps2 textures\HAS ALPHA\bp_remade\no_mip_fixes\ui\004c943d.png
004c9773,C:\Development\Git\Afevis-MGS2-Bugfix-Compilation\Texture Fixes\ps2 textures\HAS ALPHA\bp_remade\no_mip_fixes\ui\004c9773.png
004cb10a,C:\Development\Git\Afevis-MGS2-Bugfix-Compilation\Texture Fixes\ps2 textures\OPAQUE\bp_remade\no_mip_fixes\ui\004cb10a.png
004cf0ba,C:\Development\Git\Afevis-MGS2-Bugfix-Compilation\Texture Fixes\ps2 textures\HAS ALPHA\bp_remade\no_mip_fixes\ui\004cf0ba.png
004d1d9d,C:\Development\Git\Afevis-MGS2-Bugfix-Compilation\Texture Fixes\ps2 textures\HAS ALPHA\bp_remade\no_mip_fixes\ui\004d1d9d.png
004d3971,C:\Development\Git\Afevis-MGS2-Bugfix-Compilation\Texture Fixes\ps2 textures\HAS ALPHA\bp_remade\no_mip_fixes\ui\004d3971.png
004dd2d1,C:\Development\Git\Afevis-MGS2-Bugfix-Compilation\Texture Fixes\ps2 textures\HAS ALPHA\bp_remade\no_mip_fixes\ui\004dd2d1.png
004e6292,C:\Development\Git\Afevis-MGS2-Bugfix-Compilation\Texture Fixes\ps2 textures\HAS ALPHA\bp_remade\no_mip_fixes\ui\004e6292.png
004e93c9,C:\Development\Git\Afevis-MGS2-Bugfix-Compilation\Texture Fixes\ps2 textures\HAS ALPHA\bp_remade\no_mip_fixes\ui\004e93c9.png
004f1d9d,C:\Development\Git\Afevis-MGS2-Bugfix-Compilation\Texture Fixes\ps2 textures\HAS ALPHA\bp_remade\no_mip_fixes\ui\004f1d9d.png
004f1d9d_86994cb2425e706d85d38eb0d74da538,C:\Development\Git\Afevis-MGS2-Bugfix-Compilation\Texture Fixes\ps2 textures\HAS ALPHA\bp_remade\no_mip_fixes\ui\004f1d9d_86994cb2425e706d85d38eb0d74da538.png
004fb78a,C:\Development\Git\Afevis-MGS2-Bugfix-Compilation\Texture Fixes\ps2 textures\OPAQUE\bp_remade\no_mip_fixes\ui\004fb78a.png
004fc78a,C:\Development\Git\Afevis-MGS2-Bugfix-Compilation\Texture Fixes\ps2 textures\OPAQUE\bp_remade\no_mip_fixes\ui\004fc78a.png
00501d9d,C:\Development\Git\Afevis-MGS2-Bugfix-Compilation\Texture Fixes\ps2 textures\HAS ALPHA\bp_remade\no_mip_fixes\ui\00501d9d.png
00501d9d_1914ca0e502000992f2d09f0b7a86868,C:\Development\Git\Afevis-MGS2-Bugfix-Compilation\Texture Fixes\ps2 textures\HAS ALPHA\bp_remade\no_mip_fixes\ui\00501d9d_1914ca0e502000992f2d09f0b7a86868.png
005155d8,C:\Development\Git\Afevis-MGS2-Bugfix-Compilation\Texture Fixes\ps2 textures\OPAQUE\bp_remade\no_mip_fixes\ui\005155d8.png
005255d8,C:\Development\Git\Afevis-MGS2-Bugfix-Compilation\Texture Fixes\ps2 textures\OPAQUE\bp_remade\no_mip_fixes\ui\005255d8.png
0052f1a8,C:\Development\Git\Afevis-MGS2-Bugfix-Compilation\Texture Fixes\ps2 textures\HAS ALPHA\bp_remade\no_mip_fixes\ui\0052f1a8.png
005355d8,C:\Development\Git\Afevis-MGS2-Bugfix-Compilation\Texture Fixes\ps2 textures\OPAQUE\bp_remade\no_mip_fixes\ui\005355d8.png
0053852b,C:\Development\Git\Afevis-MGS2-Bugfix-Compilation\Texture Fixes\ps2 textures\HAS ALPHA\bp_remade\no_mip_fixes\ui\0053852b.png
0053d14e,C:\Development\Git\Afevis-MGS2-Bugfix-Compilation\Texture Fixes\ps2 textures\HAS ALPHA\bp_remade\no_mip_fixes\ui\0053d14e.png
0053d891,C:\Development\Git\Afevis-MGS2-Bugfix-Compilation\Texture Fixes\ps2 textures\HAS ALPHA\bp_remade\no_mip_fixes\ui\0053d891.png
005480d6,C:\Development\Git\Afevis-MGS2-Bugfix-Compilation\Texture Fixes\ps2 textures\HAS ALPHA\bp_remade\no_mip_fixes\ui\005480d6.png
0055e1c2,C:\Development\Git\Afevis-MGS2-Bugfix-Compilation\Texture Fixes\ps2 textures\HAS ALPHA\bp_remade\no_mip_fixes\ui\0055e1c2.png
0056e1c2,C:\Development\Git\Afevis-MGS2-Bugfix-Compilation\Texture Fixes\ps2 textures\HAS ALPHA\bp_remade\no_mip_fixes\ui\0056e1c2.png
00585d21,C:\Development\Git\Afevis-MGS2-Bugfix-Compilation\Texture Fixes\ps2 textures\HAS ALPHA\bp_remade\no_mip_fixes\ui\00585d21.png
0059975e,C:\Development\Git\Afevis-MGS2-Bugfix-Compilation\Texture Fixes\ps2 textures\HAS ALPHA\bp_remade\no_mip_fixes\ui\0059975e.png
005be756,C:\Development\Git\Afevis-MGS2-Bugfix-Compilation\Texture Fixes\ps2 textures\OPAQUE\bp_remade\no_mip_fixes\ui\005be756.png
005d4f23,C:\Development\Git\Afevis-MGS2-Bugfix-Compilation\Texture Fixes\ps2 textures\HAS ALPHA\bp_remade\no_mip_fixes\ui\005d4f23.png
005d4f23_b39e4e9a25db3103157377fb4b8b0fec,C:\Development\Git\Afevis-MGS2-Bugfix-Compilation\Texture Fixes\ps2 textures\HAS ALPHA\bp_remade\no_mip_fixes\ui\005d4f23_b39e4e9a25db3103157377fb4b8b0fec.png
005d8f6f,C:\Development\Git\Afevis-MGS2-Bugfix-Compilation\Texture Fixes\ps2 textures\HAS ALPHA\bp_remade\no_mip_fixes\ui\005d8f6f.png
005db736,C:\Development\Git\Afevis-MGS2-Bugfix-Compilation\Texture Fixes\ps2 textures\HAS ALPHA\bp_remade\no_mip_fixes\ui\005db736.png
005ef82e,C:\Development\Git\Afevis-MGS2-Bugfix-Compilation\Texture Fixes\ps2 textures\HAS ALPHA\bp_remade\no_mip_fixes\ui\005ef82e.png
005fbe37,C:\Development\Git\Afevis-MGS2-Bugfix-Compilation\Texture Fixes\ps2 textures\HAS ALPHA\bp_remade\no_mip_fixes\ui\005fbe37.png
005ff82e,C:\Development\Git\Afevis-MGS2-Bugfix-Compilation\Texture Fixes\ps2 textures\HAS ALPHA\bp_remade\no_mip_fixes\ui\005ff82e.png
005ff82e_177b36c205877f0112c491da63538970,C:\Development\Git\Afevis-MGS2-Bugfix-Compilation\Texture Fixes\ps2 textures\HAS ALPHA\bp_remade\no_mip_fixes\ui\005ff82e_177b36c205877f0112c491da63538970.png
005ff82e_f97787dc7fe63e42e80355f33d14a0d4,C:\Development\Git\Afevis-MGS2-Bugfix-Compilation\Texture Fixes\ps2 textures\HAS ALPHA\bp_remade\no_mip_fixes\ui\005ff82e_f97787dc7fe63e42e80355f33d14a0d4.png
0060f82e,C:\Development\Git\Afevis-MGS2-Bugfix-Compilation\Texture Fixes\ps2 textures\HAS ALPHA\bp_remade\no_mip_fixes\ui\0060f82e.png
0060f82e_0264bded5e12e838c3912158a2f4d769,C:\Development\Git\Afevis-MGS2-Bugfix-Compilation\Texture Fixes\ps2 textures\HAS ALPHA\bp_remade\no_mip_fixes\ui\0060f82e_0264bded5e12e838c3912158a2f4d769.png
0060f82e_374e8e111c7b80fe71fb8546dc332f00,C:\Development\Git\Afevis-MGS2-Bugfix-Compilation\Texture Fixes\ps2 textures\HAS ALPHA\bp_remade\no_mip_fixes\ui\0060f82e_374e8e111c7b80fe71fb8546dc332f00.png
0061f82e,C:\Development\Git\Afevis-MGS2-Bugfix-Compilation\Texture Fixes\ps2 textures\HAS ALPHA\bp_remade\no_mip_fixes\ui\0061f82e.png
0061f82e_56a2e72ba853ea67570ccd655ca9d447,C:\Development\Git\Afevis-MGS2-Bugfix-Compilation\Texture Fixes\ps2 textures\HAS ALPHA\bp_remade\no_mip_fixes\ui\0061f82e_56a2e72ba853ea67570ccd655ca9d447.png
0061f82e_ca18611ab4a038674f959c4e94e7aede,C:\Development\Git\Afevis-MGS2-Bugfix-Compilation\Texture Fixes\ps2 textures\HAS ALPHA\bp_remade\no_mip_fixes\ui\0061f82e_ca18611ab4a038674f959c4e94e7aede.png
006209d0,C:\Development\Git\Afevis-MGS2-Bugfix-Compilation\Texture Fixes\ps2 textures\OPAQUE\bp_remade\no_mip_fixes\ui\006209d0.png
006262b9,C:\Development\Git\Afevis-MGS2-Bugfix-Compilation\Texture Fixes\ps2 textures\OPAQUE\bp_remade\006262b9.png
00626739,C:\Development\Git\Afevis-MGS2-Bugfix-Compilation\Texture Fixes\ps2 textures\OPAQUE\bp_remade\00626739.png
0062f82e,C:\Development\Git\Afevis-MGS2-Bugfix-Compilation\Texture Fixes\ps2 textures\HAS ALPHA\bp_remade\no_mip_fixes\ui\0062f82e.png
0062f82e_3db2c3061fabc2281c2dd6b4130eedb9,C:\Development\Git\Afevis-MGS2-Bugfix-Compilation\Texture Fixes\ps2 textures\HAS ALPHA\bp_remade\no_mip_fixes\ui\0062f82e_3db2c3061fabc2281c2dd6b4130eedb9.png
0062f82e_ca73d55a3d70d5450a3ed37eb948cb64,C:\Development\Git\Afevis-MGS2-Bugfix-Compilation\Texture Fixes\ps2 textures\HAS ALPHA\bp_remade\no_mip_fixes\ui\0062f82e_ca73d55a3d70d5450a3ed37eb948cb64.png
0063f82e,C:\Development\Git\Afevis-MGS2-Bugfix-Compilation\Texture Fixes\ps2 textures\HAS ALPHA\bp_remade\no_mip_fixes\ui\0063f82e.png
0063f82e_0d434fbe975ba169dfc89ffe2f3f2a27,C:\Development\Git\Afevis-MGS2-Bugfix-Compilation\Texture Fixes\ps2 textures\HAS ALPHA\bp_remade\no_mip_fixes\ui\0063f82e_0d434fbe975ba169dfc89ffe2f3f2a27.png
0063f82e_52b985aaa92b3207cd49053dffbf523d,C:\Development\Git\Afevis-MGS2-Bugfix-Compilation\Texture Fixes\ps2 textures\HAS ALPHA\bp_remade\no_mip_fixes\ui\0063f82e_52b985aaa92b3207cd49053dffbf523d.png
00645d05,C:\Development\Git\Afevis-MGS2-Bugfix-Compilation\Texture Fixes\ps2 textures\HAS ALPHA\bp_remade\no_mip_fixes\ui\00645d05.png
0064f82e,C:\Development\Git\Afevis-MGS2-Bugfix-Compilation\Texture Fixes\ps2 textures\HAS ALPHA\bp_remade\no_mip_fixes\ui\0064f82e.png
0064f82e_923078466946a3acdea05dbf22e0f6e7,C:\Development\Git\Afevis-MGS2-Bugfix-Compilation\Texture Fixes\ps2 textures\HAS ALPHA\bp_remade\no_mip_fixes\ui\0064f82e_923078466946a3acdea05dbf22e0f6e7.png
0064f82e_db973ad91fc30e3c42f866a3eb7d4d74,C:\Development\Git\Afevis-MGS2-Bugfix-Compilation\Texture Fixes\ps2 textures\HAS ALPHA\bp_remade\no_mip_fixes\ui\0064f82e_db973ad91fc30e3c42f866a3eb7d4d74.png
006597ed,C:\Development\Git\Afevis-MGS2-Bugfix-Compilation\Texture Fixes\ps2 textures\HAS ALPHA\bp_remade\no_mip_fixes\ui\006597ed.png
0065a618,C:\Development\Git\Afevis-MGS2-Bugfix-Compilation\Texture Fixes\ps2 textures\HAS ALPHA\bp_remade\no_mip_fixes\ui\0065a618.png
0065f82e,C:\Development\Git\Afevis-MGS2-Bugfix-Compilation\Texture Fixes\ps2 textures\HAS ALPHA\bp_remade\no_mip_fixes\ui\0065f82e.png
0065f82e_599e1a822c915823a768daf1f6ee7174,C:\Development\Git\Afevis-MGS2-Bugfix-Compilation\Texture Fixes\ps2 textures\HAS ALPHA\bp_remade\no_mip_fixes\ui\0065f82e_599e1a822c915823a768daf1f6ee7174.png
00667ab6,C:\Development\Git\Afevis-MGS2-Bugfix-Compilation\Texture Fixes\ps2 textures\HAS ALPHA\bp_remade\no_mip_fixes\ui\00667ab6.png
00667ab6_ef3811ba64502191909b0210b17b8b02,C:\Development\Git\Afevis-MGS2-Bugfix-Compilation\Texture Fixes\ps2 textures\HAS ALPHA\bp_remade\no_mip_fixes\ui\00667ab6_ef3811ba64502191909b0210b17b8b02.png
006697ed,C:\Development\Git\Afevis-MGS2-Bugfix-Compilation\Texture Fixes\ps2 textures\HAS ALPHA\bp_remade\no_mip_fixes\ui\006697ed.png
0066a618,C:\Development\Git\Afevis-MGS2-Bugfix-Compilation\Texture Fixes\ps2 textures\HAS ALPHA\bp_remade\no_mip_fixes\ui\0066a618.png
0066a618_476d380161520ae923d8f74ede9a2e8d,C:\Development\Git\Afevis-MGS2-Bugfix-Compilation\Texture Fixes\ps2 textures\HAS ALPHA\bp_remade\no_mip_fixes\ui\0066a618_476d380161520ae923d8f74ede9a2e8d.png
0066f82e,C:\Development\Git\Afevis-MGS2-Bugfix-Compilation\Texture Fixes\ps2 textures\HAS ALPHA\bp_remade\no_mip_fixes\ui\0066f82e.png
0066f82e_e37d08b66c98c80f675d8c6d9a2cebdb,C:\Development\Git\Afevis-MGS2-Bugfix-Compilation\Texture Fixes\ps2 textures\HAS ALPHA\bp_remade\no_mip_fixes\ui\0066f82e_e37d08b66c98c80f675d8c6d9a2cebdb.png
00671d9d,C:\Development\Git\Afevis-MGS2-Bugfix-Compilation\Texture Fixes\ps2 textures\HAS ALPHA\bp_remade\no_mip_fixes\ui\00671d9d.png
00675c5a,C:\Development\Git\Afevis-MGS2-Bugfix-Compilation\Texture Fixes\ps2 textures\HAS ALPHA\bp_remade\no_mip_fixes\ui\00675c5a.png
00678eb1,C:\Development\Git\Afevis-MGS2-Bugfix-Compilation\Texture Fixes\ps2 textures\OPAQUE\bp_remade\no_mip_fixes\ui\00678eb1.png
006797ed,C:\Development\Git\Afevis-MGS2-Bugfix-Compilation\Texture Fixes\ps2 textures\HAS ALPHA\bp_remade\no_mip_fixes\ui\006797ed.png
006797ed_78cb3fd6e3dcae58893fa3ca96da3211,C:\Development\Git\Afevis-MGS2-Bugfix-Compilation\Texture Fixes\ps2 textures\HAS ALPHA\bp_remade\no_mip_fixes\ui\006797ed_78cb3fd6e3dcae58893fa3ca96da3211.png
0067a618,C:\Development\Git\Afevis-MGS2-Bugfix-Compilation\Texture Fixes\ps2 textures\HAS ALPHA\bp_remade\no_mip_fixes\ui\0067a618.png
00681d9d,C:\Development\Git\Afevis-MGS2-Bugfix-Compilation\Texture Fixes\ps2 textures\HAS ALPHA\bp_remade\no_mip_fixes\ui\00681d9d.png
00689021,C:\Development\Git\Afevis-MGS2-Bugfix-Compilation\Texture Fixes\ps2 textures\HAS ALPHA\bp_remade\no_mip_fixes\ui\00689021.png
006893ec,C:\Development\Git\Afevis-MGS2-Bugfix-Compilation\Texture Fixes\ps2 textures\HAS ALPHA\bp_remade\no_mip_fixes\ui\006893ec.png
006897ed,C:\Development\Git\Afevis-MGS2-Bugfix-Compilation\Texture Fixes\ps2 textures\HAS ALPHA\bp_remade\no_mip_fixes\ui\006897ed.png
006897ed_b5a6bb72c760a236a2c84a220920037b,C:\Development\Git\Afevis-MGS2-Bugfix-Compilation\Texture Fixes\ps2 textures\HAS ALPHA\bp_remade\no_mip_fixes\ui\006897ed_b5a6bb72c760a236a2c84a220920037b.png
0068a618,C:\Development\Git\Afevis-MGS2-Bugfix-Compilation\Texture Fixes\ps2 textures\HAS ALPHA\bp_remade\no_mip_fixes\ui\0068a618.png
0068a618_ba9ef0a583a2d517886f9b6c53e96e92,C:\Development\Git\Afevis-MGS2-Bugfix-Compilation\Texture Fixes\ps2 textures\HAS ALPHA\bp_remade\no_mip_fixes\ui\0068a618_ba9ef0a583a2d517886f9b6c53e96e92.png
00691d9d,C:\Development\Git\Afevis-MGS2-Bugfix-Compilation\Texture Fixes\ps2 textures\HAS ALPHA\bp_remade\no_mip_fixes\ui\00691d9d.png
00696652,C:\Development\Git\Afevis-MGS2-Bugfix-Compilation\Texture Fixes\ps2 textures\OPAQUE\bp_remade\no_mip_fixes\ui\00696652.png
00699021,C:\Development\Git\Afevis-MGS2-Bugfix-Compilation\Texture Fixes\ps2 textures\HAS ALPHA\bp_remade\no_mip_fixes\ui\00699021.png
006997ed,C:\Development\Git\Afevis-MGS2-Bugfix-Compilation\Texture Fixes\ps2 textures\HAS ALPHA\bp_remade\no_mip_fixes\ui\006997ed.png
006997ed_b20d65f1089467ce6fec4d3a8c8134c8,C:\Development\Git\Afevis-MGS2-Bugfix-Compilation\Texture Fixes\ps2 textures\HAS ALPHA\bp_remade\no_mip_fixes\ui\006997ed_b20d65f1089467ce6fec4d3a8c8134c8.png
0069e496,C:\Development\Git\Afevis-MGS2-Bugfix-Compilation\Texture Fixes\ps2 textures\HAS ALPHA\bp_remade\no_mip_fixes\ui\0069e496.png
006a97ed,C:\Development\Git\Afevis-MGS2-Bugfix-Compilation\Texture Fixes\ps2 textures\HAS ALPHA\bp_remade\no_mip_fixes\ui\006a97ed.png
006a9dfd,C:\Development\Git\Afevis-MGS2-Bugfix-Compilation\Texture Fixes\ps2 textures\HAS ALPHA\bp_remade\no_mip_fixes\ui\006a9dfd.png
006aa618,C:\Development\Git\Afevis-MGS2-Bugfix-Compilation\Texture Fixes\ps2 textures\HAS ALPHA\bp_remade\no_mip_fixes\ui\006aa618.png
006aa618_5e5881ab87a4498b100e3983cca31058,C:\Development\Git\Afevis-MGS2-Bugfix-Compilation\Texture Fixes\ps2 textures\HAS ALPHA\bp_remade\no_mip_fixes\ui\006aa618_5e5881ab87a4498b100e3983cca31058.png
006af2ba,C:\Development\Git\Afevis-MGS2-Bugfix-Compilation\Texture Fixes\ps2 textures\HAS ALPHA\bp_remade\no_mip_fixes\ui\006af2ba.png
006af2bb,C:\Development\Git\Afevis-MGS2-Bugfix-Compilation\Texture Fixes\ps2 textures\HAS ALPHA\bp_remade\no_mip_fixes\ui\006af2bb.png
006b325b,C:\Development\Git\Afevis-MGS2-Bugfix-Compilation\Texture Fixes\ps2 textures\OPAQUE\bp_remade\no_mip_fixes\ui\006b325b.png
006b508f,C:\Development\Git\Afevis-MGS2-Bugfix-Compilation\Texture Fixes\ps2 textures\HAS ALPHA\bp_remade\no_mip_fixes\ui\006b508f.png
006b5ae3,C:\Development\Git\Afevis-MGS2-Bugfix-Compilation\Texture Fixes\ps2 textures\OPAQUE\bp_remade\no_mip_fixes\ui\006b5ae3.png
006b9021,C:\Development\Git\Afevis-MGS2-Bugfix-Compilation\Texture Fixes\ps2 textures\HAS ALPHA\bp_remade\no_mip_fixes\ui\006b9021.png
006b97ed,C:\Development\Git\Afevis-MGS2-Bugfix-Compilation\Texture Fixes\ps2 textures\HAS ALPHA\bp_remade\no_mip_fixes\ui\006b97ed.png
006ba618,C:\Development\Git\Afevis-MGS2-Bugfix-Compilation\Texture Fixes\ps2 textures\HAS ALPHA\bp_remade\no_mip_fixes\ui\006ba618.png
006baeb5,C:\Development\Git\Afevis-MGS2-Bugfix-Compilation\Texture Fixes\ps2 textures\HAS ALPHA\bp_remade\no_mip_fixes\ui\006baeb5.png
006bcf85,C:\Development\Git\Afevis-MGS2-Bugfix-Compilation\Texture Fixes\ps2 textures\HAS ALPHA\bp_remade\no_mip_fixes\ui\006bcf85.png
006bcf85_3bbce8b6d10a47883f9038737995145a,C:\Development\Git\Afevis-MGS2-Bugfix-Compilation\Texture Fixes\ps2 textures\HAS ALPHA\bp_remade\no_mip_fixes\ui\006bcf85_3bbce8b6d10a47883f9038737995145a.png
006bf7fe,C:\Development\Git\Afevis-MGS2-Bugfix-Compilation\Texture Fixes\ps2 textures\HAS ALPHA\bp_remade\no_mip_fixes\ui\006bf7fe.png
006c556d,C:\Development\Git\Afevis-MGS2-Bugfix-Compilation\Texture Fixes\ps2 textures\HAS ALPHA\bp_remade\no_mip_fixes\ui\006c556d.png
006c9021,C:\Development\Git\Afevis-MGS2-Bugfix-Compilation\Texture Fixes\ps2 textures\HAS ALPHA\bp_remade\no_mip_fixes\ui\006c9021.png
006c97ed,C:\Development\Git\Afevis-MGS2-Bugfix-Compilation\Texture Fixes\ps2 textures\HAS ALPHA\bp_remade\no_mip_fixes\ui\006c97ed.png
006caeb5,C:\Development\Git\Afevis-MGS2-Bugfix-Compilation\Texture Fixes\ps2 textures\HAS ALPHA\bp_remade\no_mip_fixes\ui\006caeb5.png
006cc7ed,C:\Development\Git\Afevis-MGS2-Bugfix-Compilation\Texture Fixes\ps2 textures\HAS ALPHA\bp_remade\no_mip_fixes\ui\006cc7ed.png
006d556d,C:\Development\Git\Afevis-MGS2-Bugfix-Compilation\Texture Fixes\ps2 textures\HAS ALPHA\bp_remade\no_mip_fixes\ui\006d556d.png
006d9021,C:\Development\Git\Afevis-MGS2-Bugfix-Compilation\Texture Fixes\ps2 textures\HAS ALPHA\bp_remade\no_mip_fixes\ui\006d9021.png
006d97ed,C:\Development\Git\Afevis-MGS2-Bugfix-Compilation\Texture Fixes\ps2 textures\HAS ALPHA\bp_remade\no_mip_fixes\ui\006d97ed.png
006daeb5,C:\Development\Git\Afevis-MGS2-Bugfix-Compilation\Texture Fixes\ps2 textures\HAS ALPHA\bp_remade\no_mip_fixes\ui\006daeb5.png
006e6ff1,C:\Development\Git\Afevis-MGS2-Bugfix-Compilation\Texture Fixes\ps2 textures\HAS ALPHA\bp_remade\no_mip_fixes\ui\006e6ff1.png
006e99ea,C:\Development\Git\Afevis-MGS2-Bugfix-Compilation\Texture Fixes\ps2 textures\HAS ALPHA\bp_remade\no_mip_fixes\ui\006e99ea.png
006eaeb5,C:\Development\Git\Afevis-MGS2-Bugfix-Compilation\Texture Fixes\ps2 textures\HAS ALPHA\bp_remade\no_mip_fixes\ui\006eaeb5.png
006f2b75,C:\Development\Git\Afevis-MGS2-Bugfix-Compilation\Texture Fixes\ps2 textures\HAS ALPHA\bp_remade\no_mip_fixes\ui\006f2b75.png
006f6ff1,C:\Development\Git\Afevis-MGS2-Bugfix-Compilation\Texture Fixes\ps2 textures\HAS ALPHA\bp_remade\no_mip_fixes\ui\006f6ff1.png
006f7421,C:\Development\Git\Afevis-MGS2-Bugfix-Compilation\Texture Fixes\ps2 textures\HAS ALPHA\bp_remade\no_mip_fixes\ui\006f7421.png
006faeb5,C:\Development\Git\Afevis-MGS2-Bugfix-Compilation\Texture Fixes\ps2 textures\HAS ALPHA\bp_remade\no_mip_fixes\ui\006faeb5.png
00704ad1,C:\Development\Git\Afevis-MGS2-Bugfix-Compilation\Texture Fixes\ps2 textures\HAS ALPHA\bp_remade\no_mip_fixes\ui\00704ad1.png
00706ff1,C:\Development\Git\Afevis-MGS2-Bugfix-Compilation\Texture Fixes\ps2 textures\HAS ALPHA\bp_remade\no_mip_fixes\ui\00706ff1.png
0070aeb5,C:\Development\Git\Afevis-MGS2-Bugfix-Compilation\Texture Fixes\ps2 textures\HAS ALPHA\bp_remade\no_mip_fixes\ui\0070aeb5.png
00710601,C:\Development\Git\Afevis-MGS2-Bugfix-Compilation\Texture Fixes\ps2 textures\HAS ALPHA\bp_remade\no_mip_fixes\ui\00710601.png
007155d8,C:\Development\Git\Afevis-MGS2-Bugfix-Compilation\Texture Fixes\ps2 textures\HAS ALPHA\same sha1\no_mip_fixes\ui\007155d8.png
00716ff1,C:\Development\Git\Afevis-MGS2-Bugfix-Compilation\Texture Fixes\ps2 textures\HAS ALPHA\bp_remade\no_mip_fixes\ui\00716ff1.png
0071852b,C:\Development\Git\Afevis-MGS2-Bugfix-Compilation\Texture Fixes\ps2 textures\HAS ALPHA\bp_remade\no_mip_fixes\ui\0071852b.png
0072466d,C:\Development\Git\Afevis-MGS2-Bugfix-Compilation\Texture Fixes\ps2 textures\HAS ALPHA\bp_remade\no_mip_fixes\ui\0072466d.png
007246ed,C:\Development\Git\Afevis-MGS2-Bugfix-Compilation\Texture Fixes\ps2 textures\HAS ALPHA\bp_remade\no_mip_fixes\ui\007246ed.png
0072476d,C:\Development\Git\Afevis-MGS2-Bugfix-Compilation\Texture Fixes\ps2 textures\HAS ALPHA\bp_remade\no_mip_fixes\ui\0072476d.png
00724ad1,C:\Development\Git\Afevis-MGS2-Bugfix-Compilation\Texture Fixes\ps2 textures\HAS ALPHA\bp_remade\no_mip_fixes\ui\00724ad1.png
007255d8,C:\Development\Git\Afevis-MGS2-Bugfix-Compilation\Texture Fixes\ps2 textures\HAS ALPHA\bp_remade\no_mip_fixes\ui\007255d8.png
00726ff1,C:\Development\Git\Afevis-MGS2-Bugfix-Compilation\Texture Fixes\ps2 textures\HAS ALPHA\bp_remade\no_mip_fixes\ui\00726ff1.png
00736ff1,C:\Development\Git\Afevis-MGS2-Bugfix-Compilation\Texture Fixes\ps2 textures\HAS ALPHA\bp_remade\no_mip_fixes\ui\00736ff1.png
0073ecb6,C:\Development\Git\Afevis-MGS2-Bugfix-Compilation\Texture Fixes\ps2 textures\HAS ALPHA\bp_remade\no_mip_fixes\ui\0073ecb6.png
00744ad1,C:\Development\Git\Afevis-MGS2-Bugfix-Compilation\Texture Fixes\ps2 textures\HAS ALPHA\bp_remade\no_mip_fixes\ui\00744ad1.png
00746ff1,C:\Development\Git\Afevis-MGS2-Bugfix-Compilation\Texture Fixes\ps2 textures\HAS ALPHA\bp_remade\no_mip_fixes\ui\00746ff1.png
00749dfd,C:\Development\Git\Afevis-MGS2-Bugfix-Compilation\Texture Fixes\ps2 textures\HAS ALPHA\bp_remade\no_mip_fixes\ui\00749dfd.png
00750ccd,C:\Development\Git\Afevis-MGS2-Bugfix-Compilation\Texture Fixes\ps2 textures\HAS ALPHA\bp_remade\no_mip_fixes\ui\00750ccd.png
00750d4d,C:\Development\Git\Afevis-MGS2-Bugfix-Compilation\Texture Fixes\ps2 textures\HAS ALPHA\bp_remade\no_mip_fixes\ui\00750d4d.png
00750dcd,C:\Development\Git\Afevis-MGS2-Bugfix-Compilation\Texture Fixes\ps2 textures\HAS ALPHA\bp_remade\no_mip_fixes\ui\00750dcd.png
007559f0,C:\Development\Git\Afevis-MGS2-Bugfix-Compilation\Texture Fixes\ps2 textures\HAS ALPHA\bp_remade\no_mip_fixes\ui\007559f0.png
00758632,C:\Development\Git\Afevis-MGS2-Bugfix-Compilation\Texture Fixes\ps2 textures\HAS ALPHA\bp_remade\no_mip_fixes\ui\00758632.png
007627bc,C:\Development\Git\Afevis-MGS2-Bugfix-Compilation\Texture Fixes\ps2 textures\HAS ALPHA\bp_remade\no_mip_fixes\ui\007627bc.png
0076283c,C:\Development\Git\Afevis-MGS2-Bugfix-Compilation\Texture Fixes\ps2 textures\HAS ALPHA\bp_remade\no_mip_fixes\ui\0076283c.png
007628bc,C:\Development\Git\Afevis-MGS2-Bugfix-Compilation\Texture Fixes\ps2 textures\HAS ALPHA\bp_remade\no_mip_fixes\ui\007628bc.png
0076293c,C:\Development\Git\Afevis-MGS2-Bugfix-Compilation\Texture Fixes\ps2 textures\HAS ALPHA\bp_remade\no_mip_fixes\ui\0076293c.png
007629bc,C:\Development\Git\Afevis-MGS2-Bugfix-Compilation\Texture Fixes\ps2 textures\HAS ALPHA\bp_remade\no_mip_fixes\ui\007629bc.png
00762abc,C:\Development\Git\Afevis-MGS2-Bugfix-Compilation\Texture Fixes\ps2 textures\HAS ALPHA\bp_remade\no_mip_fixes\ui\00762abc.png
00762b3c,C:\Development\Git\Afevis-MGS2-Bugfix-Compilation\Texture Fixes\ps2 textures\HAS ALPHA\bp_remade\no_mip_fixes\ui\00762b3c.png
007636bc,C:\Development\Git\Afevis-MGS2-Bugfix-Compilation\Texture Fixes\ps2 textures\HAS ALPHA\bp_remade\no_mip_fixes\ui\007636bc.png
0076373c,C:\Development\Git\Afevis-MGS2-Bugfix-Compilation\Texture Fixes\ps2 textures\HAS ALPHA\bp_remade\no_mip_fixes\ui\0076373c.png
00764ad1,C:\Development\Git\Afevis-MGS2-Bugfix-Compilation\Texture Fixes\ps2 textures\HAS ALPHA\bp_remade\no_mip_fixes\ui\00764ad1.png
007655d8,C:\Development\Git\Afevis-MGS2-Bugfix-Compilation\Texture Fixes\ps2 textures\HAS ALPHA\bp_remade\no_mip_fixes\ui\007655d8.png
0076ad61,C:\Development\Git\Afevis-MGS2-Bugfix-Compilation\Texture Fixes\ps2 textures\HAS ALPHA\bp_remade\no_mip_fixes\ui\0076ad61.png
0076ad61_791fdad64710d9802f4adcf5d0f3db51,C:\Development\Git\Afevis-MGS2-Bugfix-Compilation\Texture Fixes\ps2 textures\HAS ALPHA\bp_remade\no_mip_fixes\ui\0076ad61_791fdad64710d9802f4adcf5d0f3db51.png
0076cd21,C:\Development\Git\Afevis-MGS2-Bugfix-Compilation\Texture Fixes\ps2 textures\HAS ALPHA\bp_remade\no_mip_fixes\ui\0076cd21.png
0076fe1a,C:\Development\Git\Afevis-MGS2-Bugfix-Compilation\Texture Fixes\ps2 textures\OPAQUE\bp_remade\no_mip_fixes\ui\0076fe1a.png
00774c18,C:\Development\Git\Afevis-MGS2-Bugfix-Compilation\Texture Fixes\ps2 textures\HAS ALPHA\bp_remade\no_mip_fixes\ui\00774c18.png
0077fe1a,C:\Development\Git\Afevis-MGS2-Bugfix-Compilation\Texture Fixes\ps2 textures\OPAQUE\bp_remade\no_mip_fixes\ui\0077fe1a.png
00784ad1,C:\Development\Git\Afevis-MGS2-Bugfix-Compilation\Texture Fixes\ps2 textures\HAS ALPHA\bp_remade\no_mip_fixes\ui\00784ad1.png
0078980c,C:\Development\Git\Afevis-MGS2-Bugfix-Compilation\Texture Fixes\ps2 textures\HAS ALPHA\bp_remade\no_mip_fixes\ui\0078980c.png
0078adc6,C:\Development\Git\Afevis-MGS2-Bugfix-Compilation\Texture Fixes\ps2 textures\HAS ALPHA\bp_remade\no_mip_fixes\ui\0078adc6.png
0079852b,C:\Development\Git\Afevis-MGS2-Bugfix-Compilation\Texture Fixes\ps2 textures\HAS ALPHA\bp_remade\no_mip_fixes\ui\0079852b.png
007995dc,C:\Development\Git\Afevis-MGS2-Bugfix-Compilation\Texture Fixes\ps2 textures\HAS ALPHA\bp_remade\no_mip_fixes\ui\007995dc.png
007a4ad1,C:\Development\Git\Afevis-MGS2-Bugfix-Compilation\Texture Fixes\ps2 textures\HAS ALPHA\bp_remade\no_mip_fixes\ui\007a4ad1.png
007a9dfd,C:\Development\Git\Afevis-MGS2-Bugfix-Compilation\Texture Fixes\ps2 textures\HAS ALPHA\bp_remade\no_mip_fixes\ui\007a9dfd.png
007b651a,C:\Development\Git\Afevis-MGS2-Bugfix-Compilation\Texture Fixes\ps2 textures\HAS ALPHA\bp_remade\no_mip_fixes\ui\007b651a.png
007bb259,C:\Development\Git\Afevis-MGS2-Bugfix-Compilation\Texture Fixes\ps2 textures\HAS ALPHA\bp_remade\no_mip_fixes\ui\007bb259.png
007be718,C:\Development\Git\Afevis-MGS2-Bugfix-Compilation\Texture Fixes\ps2 textures\HAS ALPHA\bp_remade\no_mip_fixes\ui\007be718.png
007c4ad1,C:\Development\Git\Afevis-MGS2-Bugfix-Compilation\Texture Fixes\ps2 textures\HAS ALPHA\bp_remade\no_mip_fixes\ui\007c4ad1.png
007c9dfd,C:\Development\Git\Afevis-MGS2-Bugfix-Compilation\Texture Fixes\ps2 textures\HAS ALPHA\bp_remade\no_mip_fixes\ui\007c9dfd.png
007e4ad1,C:\Development\Git\Afevis-MGS2-Bugfix-Compilation\Texture Fixes\ps2 textures\HAS ALPHA\bp_remade\no_mip_fixes\ui\007e4ad1.png
007f0488,C:\Development\Git\Afevis-MGS2-Bugfix-Compilation\Texture Fixes\ps2 textures\HAS ALPHA\bp_remade\no_mip_fixes\ui\007f0488.png
007f6817,C:\Development\Git\Afevis-MGS2-Bugfix-Compilation\Texture Fixes\ps2 textures\HAS ALPHA\bp_remade\no_mip_fixes\ui\007f6817.png
00804ad1,C:\Development\Git\Afevis-MGS2-Bugfix-Compilation\Texture Fixes\ps2 textures\HAS ALPHA\bp_remade\no_mip_fixes\ui\00804ad1.png
00814bac,C:\Development\Git\Afevis-MGS2-Bugfix-Compilation\Texture Fixes\ps2 textures\HAS ALPHA\bp_remade\no_mip_fixes\ui\00814bac.png
00818625,C:\Development\Git\Afevis-MGS2-Bugfix-Compilation\Texture Fixes\ps2 textures\HAS ALPHA\bp_remade\no_mip_fixes\ui\00818625.png
0081f6b5,C:\Development\Git\Afevis-MGS2-Bugfix-Compilation\Texture Fixes\ps2 textures\HAS ALPHA\bp_remade\no_mip_fixes\ui\0081f6b5.png
00824ad1,C:\Development\Git\Afevis-MGS2-Bugfix-Compilation\Texture Fixes\ps2 textures\HAS ALPHA\bp_remade\no_mip_fixes\ui\00824ad1.png
00829016,C:\Development\Git\Afevis-MGS2-Bugfix-Compilation\Texture Fixes\ps2 textures\HAS ALPHA\bp_remade\no_mip_fixes\ui\00829016.png
008387e2,C:\Development\Git\Afevis-MGS2-Bugfix-Compilation\Texture Fixes\ps2 textures\HAS ALPHA\bp_remade\no_mip_fixes\ui\008387e2.png
0083fa46,C:\Development\Git\Afevis-MGS2-Bugfix-Compilation\Texture Fixes\ps2 textures\HAS ALPHA\bp_remade\no_mip_fixes\ui\0083fa46.png
00857db6,C:\Development\Git\Afevis-MGS2-Bugfix-Compilation\Texture Fixes\ps2 textures\HAS ALPHA\bp_remade\no_mip_fixes\ui\00857db6.png
0085a618,C:\Development\Git\Afevis-MGS2-Bugfix-Compilation\Texture Fixes\ps2 textures\HAS ALPHA\bp_remade\no_mip_fixes\ui\0085a618.png
0086a618,C:\Development\Git\Afevis-MGS2-Bugfix-Compilation\Texture Fixes\ps2 textures\HAS ALPHA\bp_remade\no_mip_fixes\ui\0086a618.png
00885728,C:\Development\Git\Afevis-MGS2-Bugfix-Compilation\Texture Fixes\ps2 textures\HAS ALPHA\bp_remade\no_mip_fixes\ui\00885728.png
0088b898,C:\Development\Git\Afevis-MGS2-Bugfix-Compilation\Texture Fixes\ps2 textures\HAS ALPHA\bp_remade\no_mip_fixes\ui\0088b898.png
0088c589,C:\Development\Git\Afevis-MGS2-Bugfix-Compilation\Texture Fixes\ps2 textures\HAS ALPHA\bp_remade\no_mip_fixes\ui\0088c589.png
00892df9,C:\Development\Git\Afevis-MGS2-Bugfix-Compilation\Texture Fixes\ps2 textures\HAS ALPHA\bp_remade\no_mip_fixes\ui\00892df9.png
00895b43,C:\Development\Git\Afevis-MGS2-Bugfix-Compilation\Texture Fixes\ps2 textures\HAS ALPHA\bp_remade\no_mip_fixes\ui\00895b43.png
0089a618,C:\Development\Git\Afevis-MGS2-Bugfix-Compilation\Texture Fixes\ps2 textures\HAS ALPHA\bp_remade\no_mip_fixes\ui\0089a618.png
008a2128,C:\Development\Git\Afevis-MGS2-Bugfix-Compilation\Texture Fixes\ps2 textures\HAS ALPHA\bp_remade\no_mip_fixes\ui\008a2128.png
008a8469,C:\Development\Git\Afevis-MGS2-Bugfix-Compilation\Texture Fixes\ps2 textures\HAS ALPHA\bp_remade\no_mip_fixes\ui\008a8469.png
008aa618,C:\Development\Git\Afevis-MGS2-Bugfix-Compilation\Texture Fixes\ps2 textures\HAS ALPHA\bp_remade\no_mip_fixes\ui\008aa618.png
008ae623,C:\Development\Git\Afevis-MGS2-Bugfix-Compilation\Texture Fixes\ps2 textures\OPAQUE\manual\no_mip_fixes\ui\008ae623.png
008ae623_fad237f35f44f84013d072b01d34bfc0,C:\Development\Git\Afevis-MGS2-Bugfix-Compilation\Texture Fixes\ps2 textures\OPAQUE\manual\no_mip_fixes\ui\008ae623_fad237f35f44f84013d072b01d34bfc0.png
008ba618,C:\Development\Git\Afevis-MGS2-Bugfix-Compilation\Texture Fixes\ps2 textures\HAS ALPHA\same sha1\no_mip_fixes\ui\008ba618.png
008c21a4,C:\Development\Git\Afevis-MGS2-Bugfix-Compilation\Texture Fixes\ps2 textures\OPAQUE\bp_remade\no_mip_fixes\ui\008c21a4.png
008c4aba,C:\Development\Git\Afevis-MGS2-Bugfix-Compilation\Texture Fixes\ps2 textures\HAS ALPHA\bp_remade\no_mip_fixes\ui\008c4aba.png
008c9a00,C:\Development\Git\Afevis-MGS2-Bugfix-Compilation\Texture Fixes\ps2 textures\HAS ALPHA\bp_remade\no_mip_fixes\ui\008c9a00.png
008cbb54,C:\Development\Git\Afevis-MGS2-Bugfix-Compilation\Texture Fixes\ps2 textures\HAS ALPHA\bp_remade\no_mip_fixes\ui\008cbb54.png
008cc589,C:\Development\Git\Afevis-MGS2-Bugfix-Compilation\Texture Fixes\ps2 textures\HAS ALPHA\bp_remade\no_mip_fixes\ui\008cc589.png
008d752c,C:\Development\Git\Afevis-MGS2-Bugfix-Compilation\Texture Fixes\ps2 textures\HAS ALPHA\bp_remade\no_mip_fixes\ui\008d752c.png
008db9df,C:\Development\Git\Afevis-MGS2-Bugfix-Compilation\Texture Fixes\ps2 textures\HAS ALPHA\bp_remade\no_mip_fixes\ui\008db9df.png
008dbe37,C:\Development\Git\Afevis-MGS2-Bugfix-Compilation\Texture Fixes\ps2 textures\HAS ALPHA\bp_remade\no_mip_fixes\ui\008dbe37.png
0090e672,C:\Development\Git\Afevis-MGS2-Bugfix-Compilation\Texture Fixes\ps2 textures\HAS ALPHA\bp_remade\no_mip_fixes\ui\0090e672.png
0090e772,C:\Development\Git\Afevis-MGS2-Bugfix-Compilation\Texture Fixes\ps2 textures\HAS ALPHA\bp_remade\no_mip_fixes\ui\0090e772.png
00919e1e,C:\Development\Git\Afevis-MGS2-Bugfix-Compilation\Texture Fixes\ps2 textures\OPAQUE\bp_remade\no_mip_fixes\ui\00919e1e.png
0091a721,C:\Development\Git\Afevis-MGS2-Bugfix-Compilation\Texture Fixes\ps2 textures\HAS ALPHA\bp_remade\no_mip_fixes\ui\0091a721.png
00925410,C:\Development\Git\Afevis-MGS2-Bugfix-Compilation\Texture Fixes\ps2 textures\HAS ALPHA\bp_remade\no_mip_fixes\ui\00925410.png
0092ec26,C:\Development\Git\Afevis-MGS2-Bugfix-Compilation\Texture Fixes\ps2 textures\HAS ALPHA\bp_remade\no_mip_fixes\ui\0092ec26.png
0092f25f,C:\Development\Git\Afevis-MGS2-Bugfix-Compilation\Texture Fixes\ps2 textures\HAS ALPHA\bp_remade\no_mip_fixes\ui\0092f25f.png
00938001,C:\Development\Git\Afevis-MGS2-Bugfix-Compilation\Texture Fixes\ps2 textures\HAS ALPHA\bp_remade\no_mip_fixes\ui\00938001.png
0093cba3,C:\Development\Git\Afevis-MGS2-Bugfix-Compilation\Texture Fixes\ps2 textures\HAS ALPHA\bp_remade\no_mip_fixes\ui\0093cba3.png
00940ccd,C:\Development\Git\Afevis-MGS2-Bugfix-Compilation\Texture Fixes\ps2 textures\HAS ALPHA\bp_remade\no_mip_fixes\ui\00940ccd.png
00940d4d,C:\Development\Git\Afevis-MGS2-Bugfix-Compilation\Texture Fixes\ps2 textures\HAS ALPHA\bp_remade\no_mip_fixes\ui\00940d4d.png
00940dcd,C:\Development\Git\Afevis-MGS2-Bugfix-Compilation\Texture Fixes\ps2 textures\HAS ALPHA\bp_remade\no_mip_fixes\ui\00940dcd.png
0094533a,C:\Development\Git\Afevis-MGS2-Bugfix-Compilation\Texture Fixes\ps2 textures\HAS ALPHA\bp_remade\no_mip_fixes\ui\0094533a.png
0094b8a4,C:\Development\Git\Afevis-MGS2-Bugfix-Compilation\Texture Fixes\ps2 textures\HAS ALPHA\bp_remade\no_mip_fixes\ui\0094b8a4.png
0094c618,C:\Development\Git\Afevis-MGS2-Bugfix-Compilation\Texture Fixes\ps2 textures\HAS ALPHA\bp_remade\no_mip_fixes\ui\0094c618.png
0094c618_302caf9734786b4cc1f4a66a958a6df1,C:\Development\Git\Afevis-MGS2-Bugfix-Compilation\Texture Fixes\ps2 textures\HAS ALPHA\bp_remade\no_mip_fixes\ui\0094c618_302caf9734786b4cc1f4a66a958a6df1.png
009527bc,C:\Development\Git\Afevis-MGS2-Bugfix-Compilation\Texture Fixes\ps2 textures\HAS ALPHA\bp_remade\no_mip_fixes\ui\009527bc.png
0095283c,C:\Development\Git\Afevis-MGS2-Bugfix-Compilation\Texture Fixes\ps2 textures\HAS ALPHA\bp_remade\no_mip_fixes\ui\0095283c.png
009528bc,C:\Development\Git\Afevis-MGS2-Bugfix-Compilation\Texture Fixes\ps2 textures\HAS ALPHA\bp_remade\no_mip_fixes\ui\009528bc.png
0095293c,C:\Development\Git\Afevis-MGS2-Bugfix-Compilation\Texture Fixes\ps2 textures\HAS ALPHA\bp_remade\no_mip_fixes\ui\0095293c.png
009529bc,C:\Development\Git\Afevis-MGS2-Bugfix-Compilation\Texture Fixes\ps2 textures\HAS ALPHA\bp_remade\no_mip_fixes\ui\009529bc.png
00952abc,C:\Development\Git\Afevis-MGS2-Bugfix-Compilation\Texture Fixes\ps2 textures\HAS ALPHA\bp_remade\no_mip_fixes\ui\00952abc.png
00952b3c,C:\Development\Git\Afevis-MGS2-Bugfix-Compilation\Texture Fixes\ps2 textures\HAS ALPHA\bp_remade\no_mip_fixes\ui\00952b3c.png
009536bc,C:\Development\Git\Afevis-MGS2-Bugfix-Compilation\Texture Fixes\ps2 textures\HAS ALPHA\bp_remade\no_mip_fixes\ui\009536bc.png
0095373c,C:\Development\Git\Afevis-MGS2-Bugfix-Compilation\Texture Fixes\ps2 textures\HAS ALPHA\bp_remade\no_mip_fixes\ui\0095373c.png
0095cb32,C:\Development\Git\Afevis-MGS2-Bugfix-Compilation\Texture Fixes\ps2 textures\HAS ALPHA\bp_remade\no_mip_fixes\ui\0095cb32.png
0096b7c2,C:\Development\Git\Afevis-MGS2-Bugfix-Compilation\Texture Fixes\ps2 textures\OPAQUE\bp_remade\no_mip_fixes\ui\0096b7c2.png
0096c7c2,C:\Development\Git\Afevis-MGS2-Bugfix-Compilation\Texture Fixes\ps2 textures\OPAQUE\bp_remade\no_mip_fixes\ui\0096c7c2.png
0096e12a,C:\Development\Git\Afevis-MGS2-Bugfix-Compilation\Texture Fixes\ps2 textures\HAS ALPHA\bp_remade\no_mip_fixes\ui\0096e12a.png
00985407,C:\Development\Git\Afevis-MGS2-Bugfix-Compilation\Texture Fixes\ps2 textures\HAS ALPHA\bp_remade\no_mip_fixes\ui\00985407.png
0098f24a,C:\Development\Git\Afevis-MGS2-Bugfix-Compilation\Texture Fixes\ps2 textures\HAS ALPHA\bp_remade\no_mip_fixes\ui\0098f24a.png
0099a618,C:\Development\Git\Afevis-MGS2-Bugfix-Compilation\Texture Fixes\ps2 textures\HAS ALPHA\bp_remade\no_mip_fixes\ui\0099a618.png
0099b8a4,C:\Development\Git\Afevis-MGS2-Bugfix-Compilation\Texture Fixes\ps2 textures\HAS ALPHA\bp_remade\no_mip_fixes\ui\0099b8a4.png
009ac0bf,C:\Development\Git\Afevis-MGS2-Bugfix-Compilation\Texture Fixes\ps2 textures\HAS ALPHA\bp_remade\no_mip_fixes\ui\009ac0bf.png
009bc0bf,C:\Development\Git\Afevis-MGS2-Bugfix-Compilation\Texture Fixes\ps2 textures\HAS ALPHA\bp_remade\no_mip_fixes\ui\009bc0bf.png
009cc0bf,C:\Development\Git\Afevis-MGS2-Bugfix-Compilation\Texture Fixes\ps2 textures\HAS ALPHA\bp_remade\no_mip_fixes\ui\009cc0bf.png
009dbc16,C:\Development\Git\Afevis-MGS2-Bugfix-Compilation\Texture Fixes\ps2 textures\HAS ALPHA\bp_remade\no_mip_fixes\ui\009dbc16.png
009df079,C:\Development\Git\Afevis-MGS2-Bugfix-Compilation\Texture Fixes\ps2 textures\HAS ALPHA\bp_remade\no_mip_fixes\ui\009df079.png
009e0995,C:\Development\Git\Afevis-MGS2-Bugfix-Compilation\Texture Fixes\ps2 textures\OPAQUE\bp_remade\no_mip_fixes\ui\009e0995.png
009eafa1,C:\Development\Git\Afevis-MGS2-Bugfix-Compilation\Texture Fixes\ps2 textures\HAS ALPHA\bp_remade\no_mip_fixes\ui\009eafa1.png
009ebc16,C:\Development\Git\Afevis-MGS2-Bugfix-Compilation\Texture Fixes\ps2 textures\HAS ALPHA\bp_remade\no_mip_fixes\ui\009ebc16.png
009f0995,C:\Development\Git\Afevis-MGS2-Bugfix-Compilation\Texture Fixes\ps2 textures\OPAQUE\bp_remade\no_mip_fixes\ui\009f0995.png
009f2fba,C:\Development\Git\Afevis-MGS2-Bugfix-Compilation\Texture Fixes\ps2 textures\HAS ALPHA\bp_remade\no_mip_fixes\ui\009f2fba.png
009fa21b,C:\Development\Git\Afevis-MGS2-Bugfix-Compilation\Texture Fixes\ps2 textures\HAS ALPHA\bp_remade\no_mip_fixes\ui\009fa21b.png
009fafa1,C:\Development\Git\Afevis-MGS2-Bugfix-Compilation\Texture Fixes\ps2 textures\HAS ALPHA\bp_remade\no_mip_fixes\ui\009fafa1.png
009fbc16,C:\Development\Git\Afevis-MGS2-Bugfix-Compilation\Texture Fixes\ps2 textures\HAS ALPHA\bp_remade\no_mip_fixes\ui\009fbc16.png
00a093d7,C:\Development\Git\Afevis-MGS2-Bugfix-Compilation\Texture Fixes\ps2 textures\HAS ALPHA\bp_remade\no_mip_fixes\ui\00a093d7.png
00a0bc16,C:\Development\Git\Afevis-MGS2-Bugfix-Compilation\Texture Fixes\ps2 textures\HAS ALPHA\bp_remade\no_mip_fixes\ui\00a0bc16.png
00a127a1,C:\Development\Git\Afevis-MGS2-Bugfix-Compilation\Texture Fixes\ps2 textures\HAS ALPHA\bp_remade\no_mip_fixes\ui\00a127a1.png
00a1bc16,C:\Development\Git\Afevis-MGS2-Bugfix-Compilation\Texture Fixes\ps2 textures\HAS ALPHA\bp_remade\no_mip_fixes\ui\00a1bc16.png
00a225a6,C:\Development\Git\Afevis-MGS2-Bugfix-Compilation\Texture Fixes\ps2 textures\OPAQUE\bp_remade\no_mip_fixes\ui\00a225a6.png
00a325a6,C:\Development\Git\Afevis-MGS2-Bugfix-Compilation\Texture Fixes\ps2 textures\OPAQUE\bp_remade\no_mip_fixes\ui\00a325a6.png
00a415a4,C:\Development\Git\Afevis-MGS2-Bugfix-Compilation\Texture Fixes\ps2 textures\HAS ALPHA\bp_remade\no_mip_fixes\ui\00a415a4.png
00a4b8a4,C:\Development\Git\Afevis-MGS2-Bugfix-Compilation\Texture Fixes\ps2 textures\HAS ALPHA\bp_remade\no_mip_fixes\ui\00a4b8a4.png
00a628ba,C:\Development\Git\Afevis-MGS2-Bugfix-Compilation\Texture Fixes\ps2 textures\HAS ALPHA\bp_remade\no_mip_fixes\ui\00a628ba.png
00a69783,C:\Development\Git\Afevis-MGS2-Bugfix-Compilation\Texture Fixes\ps2 textures\HAS ALPHA\bp_remade\no_mip_fixes\ui\00a69783.png
00a891e2,C:\Development\Git\Afevis-MGS2-Bugfix-Compilation\Texture Fixes\ps2 textures\HAS ALPHA\bp_remade\no_mip_fixes\ui\00a891e2.png
00a936cb,C:\Development\Git\Afevis-MGS2-Bugfix-Compilation\Texture Fixes\ps2 textures\HAS ALPHA\bp_remade\no_mip_fixes\ui\00a936cb.png
00aa83e6,C:\Development\Git\Afevis-MGS2-Bugfix-Compilation\Texture Fixes\ps2 textures\HAS ALPHA\bp_remade\no_mip_fixes\ui\00aa83e6.png
00acbe37,C:\Development\Git\Afevis-MGS2-Bugfix-Compilation\Texture Fixes\ps2 textures\HAS ALPHA\bp_remade\no_mip_fixes\ui\00acbe37.png
00ad7f33,C:\Development\Git\Afevis-MGS2-Bugfix-Compilation\Texture Fixes\ps2 textures\HAS ALPHA\bp_remade\no_mip_fixes\ui\00ad7f33.png
00adb42a,C:\Development\Git\Afevis-MGS2-Bugfix-Compilation\Texture Fixes\ps2 textures\HAS ALPHA\bp_remade\no_mip_fixes\ui\00adb42a.png
00aeb10a,C:\Development\Git\Afevis-MGS2-Bugfix-Compilation\Texture Fixes\ps2 textures\OPAQUE\bp_remade\no_mip_fixes\ui\00aeb10a.png
00aeebfc,C:\Development\Git\Afevis-MGS2-Bugfix-Compilation\Texture Fixes\ps2 textures\HAS ALPHA\bp_remade\no_mip_fixes\ui\00aeebfc.png
00af4bac,C:\Development\Git\Afevis-MGS2-Bugfix-Compilation\Texture Fixes\ps2 textures\HAS ALPHA\bp_remade\no_mip_fixes\ui\00af4bac.png
00af9412,C:\Development\Git\Afevis-MGS2-Bugfix-Compilation\Texture Fixes\ps2 textures\HAS ALPHA\bp_remade\no_mip_fixes\ui\00af9412.png
00afab44,C:\Development\Git\Afevis-MGS2-Bugfix-Compilation\Texture Fixes\ps2 textures\HAS ALPHA\bp_remade\no_mip_fixes\ui\00afab44.png
00afb274,C:\Development\Git\Afevis-MGS2-Bugfix-Compilation\Texture Fixes\ps2 textures\HAS ALPHA\bp_remade\no_mip_fixes\ui\00afb274.png
00afbbc9,C:\Development\Git\Afevis-MGS2-Bugfix-Compilation\Texture Fixes\ps2 textures\HAS ALPHA\bp_remade\no_mip_fixes\ui\00afbbc9.png
00b02021,C:\Development\Git\Afevis-MGS2-Bugfix-Compilation\Texture Fixes\ps2 textures\HAS ALPHA\bp_remade\no_mip_fixes\ui\00b02021.png
00b04ad1,C:\Development\Git\Afevis-MGS2-Bugfix-Compilation\Texture Fixes\ps2 textures\HAS ALPHA\bp_remade\no_mip_fixes\ui\00b04ad1.png
00b087b2,C:\Development\Git\Afevis-MGS2-Bugfix-Compilation\Texture Fixes\ps2 textures\HAS ALPHA\bp_remade\no_mip_fixes\ui\00b087b2.png
00b12021,C:\Development\Git\Afevis-MGS2-Bugfix-Compilation\Texture Fixes\ps2 textures\HAS ALPHA\bp_remade\no_mip_fixes\ui\00b12021.png
00b15410,C:\Development\Git\Afevis-MGS2-Bugfix-Compilation\Texture Fixes\ps2 textures\HAS ALPHA\bp_remade\no_mip_fixes\ui\00b15410.png
00b22021,C:\Development\Git\Afevis-MGS2-Bugfix-Compilation\Texture Fixes\ps2 textures\HAS ALPHA\bp_remade\no_mip_fixes\ui\00b22021.png
00b24ad1,C:\Development\Git\Afevis-MGS2-Bugfix-Compilation\Texture Fixes\ps2 textures\HAS ALPHA\bp_remade\no_mip_fixes\ui\00b24ad1.png
00b25d10,C:\Development\Git\Afevis-MGS2-Bugfix-Compilation\Texture Fixes\ps2 textures\HAS ALPHA\bp_remade\no_mip_fixes\ui\00b25d10.png
00b32021,C:\Development\Git\Afevis-MGS2-Bugfix-Compilation\Texture Fixes\ps2 textures\HAS ALPHA\bp_remade\no_mip_fixes\ui\00b32021.png
00b33503,C:\Development\Git\Afevis-MGS2-Bugfix-Compilation\Texture Fixes\ps2 textures\HAS ALPHA\bp_remade\no_mip_fixes\ui\00b33503.png
00b3cb78,C:\Development\Git\Afevis-MGS2-Bugfix-Compilation\Texture Fixes\ps2 textures\HAS ALPHA\bp_remade\no_mip_fixes\ui\00b3cb78.png
00b42021,C:\Development\Git\Afevis-MGS2-Bugfix-Compilation\Texture Fixes\ps2 textures\HAS ALPHA\bp_remade\no_mip_fixes\ui\00b42021.png
00b44ad1,C:\Development\Git\Afevis-MGS2-Bugfix-Compilation\Texture Fixes\ps2 textures\HAS ALPHA\bp_remade\no_mip_fixes\ui\00b44ad1.png
00b60372,C:\Development\Git\Afevis-MGS2-Bugfix-Compilation\Texture Fixes\ps2 textures\HAS ALPHA\bp_remade\no_mip_fixes\ui\00b60372.png
00b64ad1,C:\Development\Git\Afevis-MGS2-Bugfix-Compilation\Texture Fixes\ps2 textures\HAS ALPHA\bp_remade\no_mip_fixes\ui\00b64ad1.png
00b6ea23,C:\Development\Git\Afevis-MGS2-Bugfix-Compilation\Texture Fixes\ps2 textures\HAS ALPHA\bp_remade\no_mip_fixes\ui\00b6ea23.png
00b6eb2c,C:\Development\Git\Afevis-MGS2-Bugfix-Compilation\Texture Fixes\ps2 textures\HAS ALPHA\bp_remade\no_mip_fixes\ui\00b6eb2c.png
00b84ad1,C:\Development\Git\Afevis-MGS2-Bugfix-Compilation\Texture Fixes\ps2 textures\HAS ALPHA\bp_remade\no_mip_fixes\ui\00b84ad1.png
00b89205,C:\Development\Git\Afevis-MGS2-Bugfix-Compilation\Texture Fixes\ps2 textures\HAS ALPHA\bp_remade\no_mip_fixes\ui\00b89205.png
00b99205,C:\Development\Git\Afevis-MGS2-Bugfix-Compilation\Texture Fixes\ps2 textures\HAS ALPHA\bp_remade\no_mip_fixes\ui\00b99205.png
00ba4ad1,C:\Development\Git\Afevis-MGS2-Bugfix-Compilation\Texture Fixes\ps2 textures\HAS ALPHA\bp_remade\no_mip_fixes\ui\00ba4ad1.png
00ba619d,C:\Development\Git\Afevis-MGS2-Bugfix-Compilation\Texture Fixes\ps2 textures\HAS ALPHA\bp_remade\no_mip_fixes\ui\00ba619d.png
00ba9205,C:\Development\Git\Afevis-MGS2-Bugfix-Compilation\Texture Fixes\ps2 textures\HAS ALPHA\bp_remade\no_mip_fixes\ui\00ba9205.png
00bb5e27,C:\Development\Git\Afevis-MGS2-Bugfix-Compilation\Texture Fixes\ps2 textures\HAS ALPHA\bp_remade\no_mip_fixes\ui\00bb5e27.png
00bb9205,C:\Development\Git\Afevis-MGS2-Bugfix-Compilation\Texture Fixes\ps2 textures\HAS ALPHA\bp_remade\no_mip_fixes\ui\00bb9205.png
00bc4ad1,C:\Development\Git\Afevis-MGS2-Bugfix-Compilation\Texture Fixes\ps2 textures\HAS ALPHA\bp_remade\no_mip_fixes\ui\00bc4ad1.png
00bc9205,C:\Development\Git\Afevis-MGS2-Bugfix-Compilation\Texture Fixes\ps2 textures\HAS ALPHA\bp_remade\no_mip_fixes\ui\00bc9205.png
00be4ad1,C:\Development\Git\Afevis-MGS2-Bugfix-Compilation\Texture Fixes\ps2 textures\HAS ALPHA\bp_remade\no_mip_fixes\ui\00be4ad1.png
00be80b9,C:\Development\Git\Afevis-MGS2-Bugfix-Compilation\Texture Fixes\ps2 textures\HAS ALPHA\bp_remade\no_mip_fixes\ui\00be80b9.png
00bf085a,C:\Development\Git\Afevis-MGS2-Bugfix-Compilation\Texture Fixes\ps2 textures\HAS ALPHA\bp_remade\no_mip_fixes\ui\00bf085a.png
00bfbb06,C:\Development\Git\Afevis-MGS2-Bugfix-Compilation\Texture Fixes\ps2 textures\HAS ALPHA\bp_remade\no_mip_fixes\ui\00bfbb06.png
00c04ad1,C:\Development\Git\Afevis-MGS2-Bugfix-Compilation\Texture Fixes\ps2 textures\HAS ALPHA\bp_remade\no_mip_fixes\ui\00c04ad1.png
00c10972,C:\Development\Git\Afevis-MGS2-Bugfix-Compilation\Texture Fixes\ps2 textures\HAS ALPHA\bp_remade\no_mip_fixes\ui\00c10972.png
00c1181b,C:\Development\Git\Afevis-MGS2-Bugfix-Compilation\Texture Fixes\ps2 textures\HAS ALPHA\bp_mismatch\no_mip_fixes\ui\00c1181b.png
00c12eaf,C:\Development\Git\Afevis-MGS2-Bugfix-Compilation\Texture Fixes\ps2 textures\HAS ALPHA\bp_remade\no_mip_fixes\ui\00c12eaf.png
00c24ad1,C:\Development\Git\Afevis-MGS2-Bugfix-Compilation\Texture Fixes\ps2 textures\HAS ALPHA\bp_remade\no_mip_fixes\ui\00c24ad1.png
00c2df96,C:\Development\Git\Afevis-MGS2-Bugfix-Compilation\Texture Fixes\ps2 textures\HAS ALPHA\bp_remade\no_mip_fixes\ui\00c2df96.png
00c3e4f6,C:\Development\Git\Afevis-MGS2-Bugfix-Compilation\Texture Fixes\ps2 textures\HAS ALPHA\bp_remade\no_mip_fixes\ui\00c3e4f6.png
00c45897,C:\Development\Git\Afevis-MGS2-Bugfix-Compilation\Texture Fixes\ps2 textures\HAS ALPHA\bp_remade\no_mip_fixes\ui\00c45897.png
00c489c5,C:\Development\Git\Afevis-MGS2-Bugfix-Compilation\Texture Fixes\ps2 textures\HAS ALPHA\bp_remade\no_mip_fixes\ui\00c489c5.png
00c4b02d,C:\Development\Git\Afevis-MGS2-Bugfix-Compilation\Texture Fixes\ps2 textures\HAS ALPHA\bp_remade\no_mip_fixes\ui\00c4b02d.png
00c4c778,C:\Development\Git\Afevis-MGS2-Bugfix-Compilation\Texture Fixes\ps2 textures\HAS ALPHA\bp_remade\no_mip_fixes\ui\00c4c778.png
00c59475,C:\Development\Git\Afevis-MGS2-Bugfix-Compilation\Texture Fixes\ps2 textures\HAS ALPHA\bp_remade\no_mip_fixes\ui\00c59475.png
00c5a254,C:\Development\Git\Afevis-MGS2-Bugfix-Compilation\Texture Fixes\ps2 textures\OPAQUE\bp_remade\no_mip_fixes\ui\00c5a254.png
00c5a3fd,C:\Development\Git\Afevis-MGS2-Bugfix-Compilation\Texture Fixes\ps2 textures\HAS ALPHA\bp_remade\no_mip_fixes\ui\00c5a3fd.png
00c6157c,C:\Development\Git\Afevis-MGS2-Bugfix-Compilation\Texture Fixes\ps2 textures\HAS ALPHA\bp_remade\no_mip_fixes\ui\00c6157c.png
00c687d4,C:\Development\Git\Afevis-MGS2-Bugfix-Compilation\Texture Fixes\ps2 textures\HAS ALPHA\bp_remade\no_mip_fixes\ui\00c687d4.png
00c6e6ab,C:\Development\Git\Afevis-MGS2-Bugfix-Compilation\Texture Fixes\ps2 textures\HAS ALPHA\bp_remade\no_mip_fixes\ui\00c6e6ab.png
00c6feb6,C:\Development\Git\Afevis-MGS2-Bugfix-Compilation\Texture Fixes\ps2 textures\HAS ALPHA\bp_remade\no_mip_fixes\ui\00c6feb6.png
00c6fef1,C:\Development\Git\Afevis-MGS2-Bugfix-Compilation\Texture Fixes\ps2 textures\HAS ALPHA\bp_remade\no_mip_fixes\ui\00c6fef1.png
00c7d5a7,C:\Development\Git\Afevis-MGS2-Bugfix-Compilation\Texture Fixes\ps2 textures\HAS ALPHA\bp_remade\no_mip_fixes\ui\00c7d5a7.png
00c87354,C:\Development\Git\Afevis-MGS2-Bugfix-Compilation\Texture Fixes\ps2 textures\OPAQUE\bp_remade\no_mip_fixes\ui\00c87354.png
00c8e1b5,C:\Development\Git\Afevis-MGS2-Bugfix-Compilation\Texture Fixes\ps2 textures\HAS ALPHA\bp_remade\no_mip_fixes\ui\00c8e1b5.png
00c9e1b5,C:\Development\Git\Afevis-MGS2-Bugfix-Compilation\Texture Fixes\ps2 textures\HAS ALPHA\bp_remade\no_mip_fixes\ui\00c9e1b5.png
00ca1816,C:\Development\Git\Afevis-MGS2-Bugfix-Compilation\Texture Fixes\ps2 textures\HAS ALPHA\bp_remade\no_mip_fixes\ui\00ca1816.png
00ca3f11,C:\Development\Git\Afevis-MGS2-Bugfix-Compilation\Texture Fixes\ps2 textures\HAS ALPHA\bp_remade\no_mip_fixes\ui\00ca3f11.png
00cada49,C:\Development\Git\Afevis-MGS2-Bugfix-Compilation\Texture Fixes\ps2 textures\HAS ALPHA\bp_remade\no_mip_fixes\ui\00cada49.png
00cb303d,C:\Development\Git\Afevis-MGS2-Bugfix-Compilation\Texture Fixes\ps2 textures\OPAQUE\bp_remade\no_mip_fixes\ui\00cb303d.png
00cb3f11,C:\Development\Git\Afevis-MGS2-Bugfix-Compilation\Texture Fixes\ps2 textures\HAS ALPHA\bp_remade\no_mip_fixes\ui\00cb3f11.png
00cc15b7,C:\Development\Git\Afevis-MGS2-Bugfix-Compilation\Texture Fixes\ps2 textures\HAS ALPHA\bp_remade\no_mip_fixes\ui\00cc15b7.png
00ccb0a6,C:\Development\Git\Afevis-MGS2-Bugfix-Compilation\Texture Fixes\ps2 textures\HAS ALPHA\bp_remade\no_mip_fixes\ui\00ccb0a6.png
00cd360c,C:\Development\Git\Afevis-MGS2-Bugfix-Compilation\Texture Fixes\ps2 textures\HAS ALPHA\bp_remade\no_mip_fixes\ui\00cd360c.png
00cd868e,C:\Development\Git\Afevis-MGS2-Bugfix-Compilation\Texture Fixes\ps2 textures\HAS ALPHA\bp_remade\no_mip_fixes\ui\00cd868e.png
00cda6c1,C:\Development\Git\Afevis-MGS2-Bugfix-Compilation\Texture Fixes\ps2 textures\OPAQUE\bp_remade\no_mip_fixes\ui\00cda6c1.png
00cdb0a6,C:\Development\Git\Afevis-MGS2-Bugfix-Compilation\Texture Fixes\ps2 textures\HAS ALPHA\bp_remade\no_mip_fixes\ui\00cdb0a6.png
00cdeba7,C:\Development\Git\Afevis-MGS2-Bugfix-Compilation\Texture Fixes\ps2 textures\HAS ALPHA\bp_remade\no_mip_fixes\ui\00cdeba7.png
00ce4bac,C:\Development\Git\Afevis-MGS2-Bugfix-Compilation\Texture Fixes\ps2 textures\HAS ALPHA\bp_remade\no_mip_fixes\ui\00ce4bac.png
00ce999d,C:\Development\Git\Afevis-MGS2-Bugfix-Compilation\Texture Fixes\ps2 textures\HAS ALPHA\bp_remade\no_mip_fixes\ui\00ce999d.png
00ceb0a6,C:\Development\Git\Afevis-MGS2-Bugfix-Compilation\Texture Fixes\ps2 textures\HAS ALPHA\bp_remade\no_mip_fixes\ui\00ceb0a6.png
00ceeba7,C:\Development\Git\Afevis-MGS2-Bugfix-Compilation\Texture Fixes\ps2 textures\HAS ALPHA\bp_remade\no_mip_fixes\ui\00ceeba7.png
00cf1e6a,C:\Development\Git\Afevis-MGS2-Bugfix-Compilation\Texture Fixes\ps2 textures\HAS ALPHA\bp_remade\no_mip_fixes\ui\00cf1e6a.png
00cfb0a6,C:\Development\Git\Afevis-MGS2-Bugfix-Compilation\Texture Fixes\ps2 textures\HAS ALPHA\bp_remade\no_mip_fixes\ui\00cfb0a6.png
00cfe11e,C:\Development\Git\Afevis-MGS2-Bugfix-Compilation\Texture Fixes\ps2 textures\HAS ALPHA\bp_remade\no_mip_fixes\ui\00cfe11e.png
00cfeba7,C:\Development\Git\Afevis-MGS2-Bugfix-Compilation\Texture Fixes\ps2 textures\HAS ALPHA\bp_remade\no_mip_fixes\ui\00cfeba7.png
00d0b0a6,C:\Development\Git\Afevis-MGS2-Bugfix-Compilation\Texture Fixes\ps2 textures\HAS ALPHA\bp_remade\no_mip_fixes\ui\00d0b0a6.png
00d0eba7,C:\Development\Git\Afevis-MGS2-Bugfix-Compilation\Texture Fixes\ps2 textures\HAS ALPHA\bp_remade\no_mip_fixes\ui\00d0eba7.png
00d1b0a6,C:\Development\Git\Afevis-MGS2-Bugfix-Compilation\Texture Fixes\ps2 textures\HAS ALPHA\bp_remade\no_mip_fixes\ui\00d1b0a6.png
00d1eba7,C:\Development\Git\Afevis-MGS2-Bugfix-Compilation\Texture Fixes\ps2 textures\HAS ALPHA\bp_remade\no_mip_fixes\ui\00d1eba7.png
00d27f22,C:\Development\Git\Afevis-MGS2-Bugfix-Compilation\Texture Fixes\ps2 textures\HAS ALPHA\bp_remade\no_mip_fixes\ui\00d27f22.png
00d37f22,C:\Development\Git\Afevis-MGS2-Bugfix-Compilation\Texture Fixes\ps2 textures\HAS ALPHA\bp_remade\no_mip_fixes\ui\00d37f22.png
00d47f22,C:\Development\Git\Afevis-MGS2-Bugfix-Compilation\Texture Fixes\ps2 textures\HAS ALPHA\bp_remade\no_mip_fixes\ui\00d47f22.png
00d4e124,C:\Development\Git\Afevis-MGS2-Bugfix-Compilation\Texture Fixes\ps2 textures\HAS ALPHA\bp_remade\no_mip_fixes\ui\00d4e124.png
00d57f22,C:\Development\Git\Afevis-MGS2-Bugfix-Compilation\Texture Fixes\ps2 textures\HAS ALPHA\bp_remade\no_mip_fixes\ui\00d57f22.png
00d5b0e4,C:\Development\Git\Afevis-MGS2-Bugfix-Compilation\Texture Fixes\ps2 textures\HAS ALPHA\bp_remade\no_mip_fixes\ui\00d5b0e4.png
00d5b792,C:\Development\Git\Afevis-MGS2-Bugfix-Compilation\Texture Fixes\ps2 textures\OPAQUE\bp_remade\no_mip_fixes\ui\00d5b792.png
00d5c792,C:\Development\Git\Afevis-MGS2-Bugfix-Compilation\Texture Fixes\ps2 textures\OPAQUE\bp_remade\no_mip_fixes\ui\00d5c792.png
00d6b78e,C:\Development\Git\Afevis-MGS2-Bugfix-Compilation\Texture Fixes\ps2 textures\OPAQUE\bp_remade\no_mip_fixes\ui\00d6b78e.png
00d6c78e,C:\Development\Git\Afevis-MGS2-Bugfix-Compilation\Texture Fixes\ps2 textures\OPAQUE\bp_remade\no_mip_fixes\ui\00d6c78e.png
00d7a5d6,C:\Development\Git\Afevis-MGS2-Bugfix-Compilation\Texture Fixes\ps2 textures\HAS ALPHA\bp_remade\no_mip_fixes\ui\00d7a5d6.png
00d7a5d6_543420bb4ab393b8a988314352eaca9c,C:\Development\Git\Afevis-MGS2-Bugfix-Compilation\Texture Fixes\ps2 textures\HAS ALPHA\bp_remade\no_mip_fixes\ui\00d7a5d6_543420bb4ab393b8a988314352eaca9c.png
00d84d77,C:\Development\Git\Afevis-MGS2-Bugfix-Compilation\Texture Fixes\ps2 textures\HAS ALPHA\bp_remade\no_mip_fixes\ui\00d84d77.png
00d85d25,C:\Development\Git\Afevis-MGS2-Bugfix-Compilation\Texture Fixes\ps2 textures\HAS ALPHA\bp_remade\no_mip_fixes\ui\00d85d25.png
00d97e9d,C:\Development\Git\Afevis-MGS2-Bugfix-Compilation\Texture Fixes\ps2 textures\HAS ALPHA\bp_remade\no_mip_fixes\ui\00d97e9d.png
00da15e3,C:\Development\Git\Afevis-MGS2-Bugfix-Compilation\Texture Fixes\ps2 textures\HAS ALPHA\bp_remade\no_mip_fixes\ui\00da15e3.png
00da6b5a,C:\Development\Git\Afevis-MGS2-Bugfix-Compilation\Texture Fixes\ps2 textures\HAS ALPHA\bp_remade\no_mip_fixes\ui\00da6b5a.png
00dbc1dd,C:\Development\Git\Afevis-MGS2-Bugfix-Compilation\Texture Fixes\ps2 textures\OPAQUE\bp_remade\no_mip_fixes\ui\00dbc1dd.png
00dc7290,C:\Development\Git\Afevis-MGS2-Bugfix-Compilation\Texture Fixes\ps2 textures\HAS ALPHA\bp_remade\no_mip_fixes\ui\00dc7290.png
00dcd5c6,C:\Development\Git\Afevis-MGS2-Bugfix-Compilation\Texture Fixes\ps2 textures\HAS ALPHA\bp_remade\no_mip_fixes\ui\00dcd5c6.png
00dd93f9,C:\Development\Git\Afevis-MGS2-Bugfix-Compilation\Texture Fixes\ps2 textures\HAS ALPHA\bp_remade\no_mip_fixes\ui\00dd93f9.png
00de6344,C:\Development\Git\Afevis-MGS2-Bugfix-Compilation\Texture Fixes\ps2 textures\HAS ALPHA\bp_remade\no_mip_fixes\ui\00de6344.png
00de6f30,C:\Development\Git\Afevis-MGS2-Bugfix-Compilation\Texture Fixes\ps2 textures\HAS ALPHA\bp_remade\no_mip_fixes\ui\00de6f30.png
00e0bf95,C:\Development\Git\Afevis-MGS2-Bugfix-Compilation\Texture Fixes\ps2 textures\HAS ALPHA\bp_remade\no_mip_fixes\ui\00e0bf95.png
00e1e671,C:\Development\Git\Afevis-MGS2-Bugfix-Compilation\Texture Fixes\ps2 textures\HAS ALPHA\bp_remade\no_mip_fixes\ui\00e1e671.png
00e1e6f1,C:\Development\Git\Afevis-MGS2-Bugfix-Compilation\Texture Fixes\ps2 textures\HAS ALPHA\bp_remade\no_mip_fixes\ui\00e1e6f1.png
00e1e771,C:\Development\Git\Afevis-MGS2-Bugfix-Compilation\Texture Fixes\ps2 textures\HAS ALPHA\bp_remade\no_mip_fixes\ui\00e1e771.png
00e20d51,C:\Development\Git\Afevis-MGS2-Bugfix-Compilation\Texture Fixes\ps2 textures\HAS ALPHA\bp_remade\no_mip_fixes\ui\00e20d51.png
00e22d51,C:\Development\Git\Afevis-MGS2-Bugfix-Compilation\Texture Fixes\ps2 textures\HAS ALPHA\bp_remade\no_mip_fixes\ui\00e22d51.png
00e3d071,C:\Development\Git\Afevis-MGS2-Bugfix-Compilation\Texture Fixes\ps2 textures\HAS ALPHA\bp_remade\no_mip_fixes\ui\00e3d071.png
00e4b51b,C:\Development\Git\Afevis-MGS2-Bugfix-Compilation\Texture Fixes\ps2 textures\HAS ALPHA\bp_remade\no_mip_fixes\ui\00e4b51b.png
00e4d0de,C:\Development\Git\Afevis-MGS2-Bugfix-Compilation\Texture Fixes\ps2 textures\HAS ALPHA\bp_remade\no_mip_fixes\ui\00e4d0de.png
00e4d0de_41da87e72c01ef976b914cd59eef1df9,C:\Development\Git\Afevis-MGS2-Bugfix-Compilation\Texture Fixes\ps2 textures\HAS ALPHA\bp_remade\no_mip_fixes\ui\00e4d0de_41da87e72c01ef976b914cd59eef1df9.png
00e7ddd3,C:\Development\Git\Afevis-MGS2-Bugfix-Compilation\Texture Fixes\ps2 textures\HAS ALPHA\bp_remade\no_mip_fixes\ui\00e7ddd3.png
00e8533f,C:\Development\Git\Afevis-MGS2-Bugfix-Compilation\Texture Fixes\ps2 textures\HAS ALPHA\bp_remade\no_mip_fixes\ui\00e8533f.png
00e8533f_c9656c04a66db3d24c7fb50dd516a45e,C:\Development\Git\Afevis-MGS2-Bugfix-Compilation\Texture Fixes\ps2 textures\HAS ALPHA\bp_remade\no_mip_fixes\ui\00e8533f_c9656c04a66db3d24c7fb50dd516a45e.png
00e9800a,C:\Development\Git\Afevis-MGS2-Bugfix-Compilation\Texture Fixes\ps2 textures\HAS ALPHA\bp_remade\no_mip_fixes\ui\00e9800a.png
00e9c58b,C:\Development\Git\Afevis-MGS2-Bugfix-Compilation\Texture Fixes\ps2 textures\HAS ALPHA\bp_remade\no_mip_fixes\ui\00e9c58b.png
00eb32b4,C:\Development\Git\Afevis-MGS2-Bugfix-Compilation\Texture Fixes\ps2 textures\OPAQUE\bp_remade\no_mip_fixes\ui\00eb32b4.png
00eb5f92,C:\Development\Git\Afevis-MGS2-Bugfix-Compilation\Texture Fixes\ps2 textures\OPAQUE\bp_remade\no_mip_fixes\ui\00eb5f92.png
00eb7512,C:\Development\Git\Afevis-MGS2-Bugfix-Compilation\Texture Fixes\ps2 textures\OPAQUE\bp_remade\no_mip_fixes\ui\00eb7512.png
00ec6105,C:\Development\Git\Afevis-MGS2-Bugfix-Compilation\Texture Fixes\ps2 textures\HAS ALPHA\bp_remade\no_mip_fixes\ui\00ec6105.png
00ec6151,C:\Development\Git\Afevis-MGS2-Bugfix-Compilation\Texture Fixes\ps2 textures\HAS ALPHA\bp_remade\no_mip_fixes\ui\00ec6151.png
00ec628d,C:\Development\Git\Afevis-MGS2-Bugfix-Compilation\Texture Fixes\ps2 textures\HAS ALPHA\bp_remade\no_mip_fixes\ui\00ec628d.png
00ec677d,C:\Development\Git\Afevis-MGS2-Bugfix-Compilation\Texture Fixes\ps2 textures\HAS ALPHA\bp_remade\no_mip_fixes\ui\00ec677d.png
00ec73af,C:\Development\Git\Afevis-MGS2-Bugfix-Compilation\Texture Fixes\ps2 textures\HAS ALPHA\bp_remade\no_mip_fixes\ui\00ec73af.png
00eca640,C:\Development\Git\Afevis-MGS2-Bugfix-Compilation\Texture Fixes\ps2 textures\HAS ALPHA\bp_remade\no_mip_fixes\ui\00eca640.png
00ed29fc,C:\Development\Git\Afevis-MGS2-Bugfix-Compilation\Texture Fixes\ps2 textures\OPAQUE\bp_remade\00ed29fc.png
00ed6105,C:\Development\Git\Afevis-MGS2-Bugfix-Compilation\Texture Fixes\ps2 textures\HAS ALPHA\bp_remade\no_mip_fixes\ui\00ed6105.png
00ed6151,C:\Development\Git\Afevis-MGS2-Bugfix-Compilation\Texture Fixes\ps2 textures\HAS ALPHA\bp_remade\no_mip_fixes\ui\00ed6151.png
00ed628d,C:\Development\Git\Afevis-MGS2-Bugfix-Compilation\Texture Fixes\ps2 textures\HAS ALPHA\bp_remade\no_mip_fixes\ui\00ed628d.png
00ed677d,C:\Development\Git\Afevis-MGS2-Bugfix-Compilation\Texture Fixes\ps2 textures\HAS ALPHA\bp_remade\no_mip_fixes\ui\00ed677d.png
00edb58b,C:\Development\Git\Afevis-MGS2-Bugfix-Compilation\Texture Fixes\ps2 textures\HAS ALPHA\bp_remade\no_mip_fixes\ui\00edb58b.png
00edb9fc,C:\Development\Git\Afevis-MGS2-Bugfix-Compilation\Texture Fixes\ps2 textures\OPAQUE\bp_remade\00edb9fc.png
00efa150,C:\Development\Git\Afevis-MGS2-Bugfix-Compilation\Texture Fixes\ps2 textures\HAS ALPHA\bp_remade\no_mip_fixes\ui\00efa150.png
00f04ad1,C:\Development\Git\Afevis-MGS2-Bugfix-Compilation\Texture Fixes\ps2 textures\HAS ALPHA\bp_remade\no_mip_fixes\ui\00f04ad1.png
00f0852a,C:\Development\Git\Afevis-MGS2-Bugfix-Compilation\Texture Fixes\ps2 textures\HAS ALPHA\bp_remade\no_mip_fixes\ui\00f0852a.png
00f08bb3,C:\Development\Git\Afevis-MGS2-Bugfix-Compilation\Texture Fixes\ps2 textures\HAS ALPHA\bp_remade\no_mip_fixes\ui\00f08bb3.png
00f0b18b,C:\Development\Git\Afevis-MGS2-Bugfix-Compilation\Texture Fixes\ps2 textures\HAS ALPHA\bp_remade\no_mip_fixes\ui\00f0b18b.png
00f24ad0,C:\Development\Git\Afevis-MGS2-Bugfix-Compilation\Texture Fixes\ps2 textures\HAS ALPHA\bp_remade\no_mip_fixes\ui\00f24ad0.png
00f24ad1,C:\Development\Git\Afevis-MGS2-Bugfix-Compilation\Texture Fixes\ps2 textures\HAS ALPHA\bp_remade\no_mip_fixes\ui\00f24ad1.png
00f40e09,C:\Development\Git\Afevis-MGS2-Bugfix-Compilation\Texture Fixes\ps2 textures\HAS ALPHA\bp_remade\no_mip_fixes\ui\00f40e09.png
00f41462,C:\Development\Git\Afevis-MGS2-Bugfix-Compilation\Texture Fixes\ps2 textures\HAS ALPHA\bp_remade\no_mip_fixes\ui\00f41462.png
00f44ad0,C:\Development\Git\Afevis-MGS2-Bugfix-Compilation\Texture Fixes\ps2 textures\HAS ALPHA\bp_remade\no_mip_fixes\ui\00f44ad0.png
00f44ad1,C:\Development\Git\Afevis-MGS2-Bugfix-Compilation\Texture Fixes\ps2 textures\HAS ALPHA\bp_remade\no_mip_fixes\ui\00f44ad1.png
00f4b0a9,C:\Development\Git\Afevis-MGS2-Bugfix-Compilation\Texture Fixes\ps2 textures\HAS ALPHA\bp_remade\no_mip_fixes\ui\00f4b0a9.png
00f4e3ec,C:\Development\Git\Afevis-MGS2-Bugfix-Compilation\Texture Fixes\ps2 textures\HAS ALPHA\bp_remade\no_mip_fixes\ui\00f4e3ec.png
00f51462,C:\Development\Git\Afevis-MGS2-Bugfix-Compilation\Texture Fixes\ps2 textures\HAS ALPHA\bp_remade\no_mip_fixes\ui\00f51462.png
00f52511,C:\Development\Git\Afevis-MGS2-Bugfix-Compilation\Texture Fixes\ps2 textures\HAS ALPHA\bp_remade\no_mip_fixes\ui\00f52511.png
00f60ccd,C:\Development\Git\Afevis-MGS2-Bugfix-Compilation\Texture Fixes\ps2 textures\HAS ALPHA\bp_remade\no_mip_fixes\ui\00f60ccd.png
00f60dcd,C:\Development\Git\Afevis-MGS2-Bugfix-Compilation\Texture Fixes\ps2 textures\HAS ALPHA\bp_remade\no_mip_fixes\ui\00f60dcd.png
00f64ad0,C:\Development\Git\Afevis-MGS2-Bugfix-Compilation\Texture Fixes\ps2 textures\HAS ALPHA\bp_remade\no_mip_fixes\ui\00f64ad0.png
00f64ad1,C:\Development\Git\Afevis-MGS2-Bugfix-Compilation\Texture Fixes\ps2 textures\HAS ALPHA\bp_remade\no_mip_fixes\ui\00f64ad1.png
00f65e24,C:\Development\Git\Afevis-MGS2-Bugfix-Compilation\Texture Fixes\ps2 textures\HAS ALPHA\bp_remade\no_mip_fixes\ui\00f65e24.png
00f727bc,C:\Development\Git\Afevis-MGS2-Bugfix-Compilation\Texture Fixes\ps2 textures\HAS ALPHA\bp_remade\no_mip_fixes\ui\00f727bc.png
00f7283c,C:\Development\Git\Afevis-MGS2-Bugfix-Compilation\Texture Fixes\ps2 textures\HAS ALPHA\bp_remade\no_mip_fixes\ui\00f7283c.png
00f728bc,C:\Development\Git\Afevis-MGS2-Bugfix-Compilation\Texture Fixes\ps2 textures\HAS ALPHA\bp_remade\no_mip_fixes\ui\00f728bc.png
00f7293c,C:\Development\Git\Afevis-MGS2-Bugfix-Compilation\Texture Fixes\ps2 textures\HAS ALPHA\bp_remade\no_mip_fixes\ui\00f7293c.png
00f729bc,C:\Development\Git\Afevis-MGS2-Bugfix-Compilation\Texture Fixes\ps2 textures\HAS ALPHA\bp_remade\no_mip_fixes\ui\00f729bc.png
00f72abc,C:\Development\Git\Afevis-MGS2-Bugfix-Compilation\Texture Fixes\ps2 textures\HAS ALPHA\bp_remade\no_mip_fixes\ui\00f72abc.png
00f72b3c,C:\Development\Git\Afevis-MGS2-Bugfix-Compilation\Texture Fixes\ps2 textures\HAS ALPHA\bp_remade\no_mip_fixes\ui\00f72b3c.png
00f736bc,C:\Development\Git\Afevis-MGS2-Bugfix-Compilation\Texture Fixes\ps2 textures\HAS ALPHA\bp_remade\no_mip_fixes\ui\00f736bc.png
00f7373c,C:\Development\Git\Afevis-MGS2-Bugfix-Compilation\Texture Fixes\ps2 textures\HAS ALPHA\bp_remade\no_mip_fixes\ui\00f7373c.png
00f8237e,C:\Development\Git\Afevis-MGS2-Bugfix-Compilation\Texture Fixes\ps2 textures\HAS ALPHA\bp_remade\no_mip_fixes\ui\00f8237e.png
00f84320,C:\Development\Git\Afevis-MGS2-Bugfix-Compilation\Texture Fixes\ps2 textures\HAS ALPHA\bp_remade\no_mip_fixes\ui\00f84320.png
00f84ad0,C:\Development\Git\Afevis-MGS2-Bugfix-Compilation\Texture Fixes\ps2 textures\HAS ALPHA\bp_remade\no_mip_fixes\ui\00f84ad0.png
00f84ad1,C:\Development\Git\Afevis-MGS2-Bugfix-Compilation\Texture Fixes\ps2 textures\HAS ALPHA\bp_remade\no_mip_fixes\ui\00f84ad1.png
00f8852a,C:\Development\Git\Afevis-MGS2-Bugfix-Compilation\Texture Fixes\ps2 textures\HAS ALPHA\bp_remade\no_mip_fixes\ui\00f8852a.png
00f94320,C:\Development\Git\Afevis-MGS2-Bugfix-Compilation\Texture Fixes\ps2 textures\HAS ALPHA\bp_remade\no_mip_fixes\ui\00f94320.png
00f995ec,C:\Development\Git\Afevis-MGS2-Bugfix-Compilation\Texture Fixes\ps2 textures\HAS ALPHA\bp_remade\no_mip_fixes\ui\00f995ec.png
00fa15d7,C:\Development\Git\Afevis-MGS2-Bugfix-Compilation\Texture Fixes\ps2 textures\HAS ALPHA\bp_remade\no_mip_fixes\ui\00fa15d7.png
00fa4ad0,C:\Development\Git\Afevis-MGS2-Bugfix-Compilation\Texture Fixes\ps2 textures\HAS ALPHA\bp_remade\no_mip_fixes\ui\00fa4ad0.png
00fa4ad1,C:\Development\Git\Afevis-MGS2-Bugfix-Compilation\Texture Fixes\ps2 textures\HAS ALPHA\bp_remade\no_mip_fixes\ui\00fa4ad1.png
00fad318,C:\Development\Git\Afevis-MGS2-Bugfix-Compilation\Texture Fixes\ps2 textures\HAS ALPHA\bp_remade\no_mip_fixes\ui\00fad318.png
00fb2383,C:\Development\Git\Afevis-MGS2-Bugfix-Compilation\Texture Fixes\ps2 textures\HAS ALPHA\bp_remade\no_mip_fixes\ui\00fb2383.png
00fb5e0d,C:\Development\Git\Afevis-MGS2-Bugfix-Compilation\Texture Fixes\ps2 textures\HAS ALPHA\bp_remade\no_mip_fixes\ui\00fb5e0d.png
00fb5e0d_3a2f9c020f2b36a95c909e29cb3e4aae,C:\Development\Git\Afevis-MGS2-Bugfix-Compilation\Texture Fixes\ps2 textures\HAS ALPHA\bp_remade\no_mip_fixes\ui\00fb5e0d_3a2f9c020f2b36a95c909e29cb3e4aae.png
00fb5e0d_a4c6847d4b922f6cd44f7d23a8727f2c,C:\Development\Git\Afevis-MGS2-Bugfix-Compilation\Texture Fixes\ps2 textures\OPAQUE\bp_remade\no_mip_fixes\ui\00fb5e0d_a4c6847d4b922f6cd44f7d23a8727f2c.png
00fc4ad0,C:\Development\Git\Afevis-MGS2-Bugfix-Compilation\Texture Fixes\ps2 textures\HAS ALPHA\bp_remade\no_mip_fixes\ui\00fc4ad0.png
00fc4ad1,C:\Development\Git\Afevis-MGS2-Bugfix-Compilation\Texture Fixes\ps2 textures\HAS ALPHA\bp_remade\no_mip_fixes\ui\00fc4ad1.png
00fcb7ac,C:\Development\Git\Afevis-MGS2-Bugfix-Compilation\Texture Fixes\ps2 textures\OPAQUE\bp_remade\no_mip_fixes\ui\00fcb7ac.png
00fcbfac,C:\Development\Git\Afevis-MGS2-Bugfix-Compilation\Texture Fixes\ps2 textures\OPAQUE\bp_remade\no_mip_fixes\ui\00fcbfac.png
00fe04ea,C:\Development\Git\Afevis-MGS2-Bugfix-Compilation\Texture Fixes\ps2 textures\HAS ALPHA\bp_remade\no_mip_fixes\ui\00fe04ea.png
00fe4ad0,C:\Development\Git\Afevis-MGS2-Bugfix-Compilation\Texture Fixes\ps2 textures\HAS ALPHA\bp_remade\no_mip_fixes\ui\00fe4ad0.png
00fe4ad1,C:\Development\Git\Afevis-MGS2-Bugfix-Compilation\Texture Fixes\ps2 textures\HAS ALPHA\bp_remade\no_mip_fixes\ui\00fe4ad1.png
00fe564d,C:\Development\Git\Afevis-MGS2-Bugfix-Compilation\Texture Fixes\ps2 textures\HAS ALPHA\bp_remade\no_mip_fixes\ui\00fe564d.png
00ff04ea,C:\Development\Git\Afevis-MGS2-Bugfix-Compilation\Texture Fixes\ps2 textures\HAS ALPHA\bp_remade\no_mip_fixes\ui\00ff04ea.png
00ffb109,C:\Development\Git\Afevis-MGS2-Bugfix-Compilation\Texture Fixes\ps2 textures\OPAQUE\bp_remade\no_mip_fixes\ui\00ffb109.png
0wall1_2.bmp,C:\Development\Git\Afevis-MGS2-Bugfix-Compilation\Texture Fixes\ps2 textures\OPAQUE\bp_remade\0wall1_2.bmp.png
0wall1sita.bmp,C:\Development\Git\Afevis-MGS2-Bugfix-Compilation\Texture Fixes\ps2 textures\OPAQUE\bp_remade\0wall1sita.bmp.png
1_chuou_1f_alp_ovl.bmp,C:\Development\Git\Afevis-MGS2-Bugfix-Compilation\Texture Fixes\ps2 textures\HAS ALPHA\bp_remade\no_mip_fixes\ui\1_chuou_1f_alp_ovl.bmp.png
1_chuou_b1_alp_ovl.bmp,C:\Development\Git\Afevis-MGS2-Bugfix-Compilation\Texture Fixes\ps2 textures\HAS ALPHA\bp_remade\no_mip_fixes\ui\1_chuou_b1_alp_ovl.bmp.png
1_chuou_b1_shukai_alp_ovl.bmp,C:\Development\Git\Afevis-MGS2-Bugfix-Compilation\Texture Fixes\ps2 textures\HAS ALPHA\bp_remade\no_mip_fixes\ui\1_chuou_b1_shukai_alp_ovl.bmp.png
1_chuou_b2_densan_alp_ovl.bmp,C:\Development\Git\Afevis-MGS2-Bugfix-Compilation\Texture Fixes\ps2 textures\HAS ALPHA\bp_remade\no_mip_fixes\ui\1_chuou_b2_densan_alp_ovl.bmp.png
1f_live_alp_ovl.bmp,C:\Development\Git\Afevis-MGS2-Bugfix-Compilation\Texture Fixes\ps2 textures\HAS ALPHA\bp_remade\no_mip_fixes\ui\1f_live_alp_ovl.bmp.png
1f_live_left_alp_ovl.bmp,C:\Development\Git\Afevis-MGS2-Bugfix-Compilation\Texture Fixes\ps2 textures\HAS ALPHA\bp_remade\no_mip_fixes\ui\1f_live_left_alp_ovl.bmp.png
1f_live_right_alp_ovl.bmp,C:\Development\Git\Afevis-MGS2-Bugfix-Compilation\Texture Fixes\ps2 textures\HAS ALPHA\bp_remade\no_mip_fixes\ui\1f_live_right_alp_ovl.bmp.png
1wallu2.bmp,C:\Development\Git\Afevis-MGS2-Bugfix-Compilation\Texture Fixes\ps2 textures\OPAQUE\bp_remade\1wallu2.bmp.png
1wallu4.bmp,C:\Development\Git\Afevis-MGS2-Bugfix-Compilation\Texture Fixes\ps2 textures\OPAQUE\bp_remade\1wallu4.bmp.png
1walluup.bmp,C:\Development\Git\Afevis-MGS2-Bugfix-Compilation\Texture Fixes\ps2 textures\OPAQUE\same sha1\1walluup.bmp.png
24c_over_alp_ovl.bmp,C:\Development\Git\Afevis-MGS2-Bugfix-Compilation\Texture Fixes\ps2 textures\HAS ALPHA\bp_remade\no_mip_fixes\ui\24c_over_alp_ovl.bmp.png
2_chuou_1f_kuki_alp_ovl.bmp,C:\Development\Git\Afevis-MGS2-Bugfix-Compilation\Texture Fixes\ps2 textures\HAS ALPHA\bp_remade\no_mip_fixes\ui\2_chuou_1f_kuki_alp_ovl.bmp.png
2_chuou_b1_roka_01_alp_ovl.bmp,C:\Development\Git\Afevis-MGS2-Bugfix-Compilation\Texture Fixes\ps2 textures\HAS ALPHA\bp_remade\no_mip_fixes\ui\2_chuou_b1_roka_01_alp_ovl.bmp.png
2_chuou_b1_roka_02_alp_ovl.bmp,C:\Development\Git\Afevis-MGS2-Bugfix-Compilation\Texture Fixes\ps2 textures\HAS ALPHA\bp_remade\no_mip_fixes\ui\2_chuou_b1_roka_02_alp_ovl.bmp.png
2f_live_alp_ovl.bmp,C:\Development\Git\Afevis-MGS2-Bugfix-Compilation\Texture Fixes\ps2 textures\HAS ALPHA\bp_remade\no_mip_fixes\ui\2f_live_alp_ovl.bmp.png
2f_live_left_alp_ovl.bmp,C:\Development\Git\Afevis-MGS2-Bugfix-Compilation\Texture Fixes\ps2 textures\HAS ALPHA\bp_remade\no_mip_fixes\ui\2f_live_left_alp_ovl.bmp.png
2f_live_right_alp_ovl.bmp,C:\Development\Git\Afevis-MGS2-Bugfix-Compilation\Texture Fixes\ps2 textures\HAS ALPHA\bp_remade\no_mip_fixes\ui\2f_live_right_alp_ovl.bmp.png
3f_live_alp_ovl.bmp,C:\Development\Git\Afevis-MGS2-Bugfix-Compilation\Texture Fixes\ps2 textures\HAS ALPHA\bp_remade\no_mip_fixes\ui\3f_live_alp_ovl.bmp.png
3f_live_left_alp_ovl.bmp,C:\Development\Git\Afevis-MGS2-Bugfix-Compilation\Texture Fixes\ps2 textures\HAS ALPHA\bp_remade\no_mip_fixes\ui\3f_live_left_alp_ovl.bmp.png
4f_live_alp_ovl.bmp,C:\Development\Git\Afevis-MGS2-Bugfix-Compilation\Texture Fixes\ps2 textures\HAS ALPHA\bp_remade\no_mip_fixes\ui\4f_live_alp_ovl.bmp.png
5f_souda_alp_ovl.bmp,C:\Development\Git\Afevis-MGS2-Bugfix-Compilation\Texture Fixes\ps2 textures\HAS ALPHA\bp_remade\no_mip_fixes\ui\5f_souda_alp_ovl.bmp.png
a24d2_pane03_alp.bmp,C:\Development\Git\Afevis-MGS2-Bugfix-Compilation\Texture Fixes\ps2 textures\OPAQUE\bp_remade\a24d2_pane03_alp.bmp.png
a24d2_pane04_alp.bmp,C:\Development\Git\Afevis-MGS2-Bugfix-Compilation\Texture Fixes\ps2 textures\OPAQUE\bp_remade\a24d2_pane04_alp.bmp.png
a_kaitei_alp_ovl.bmp,C:\Development\Git\Afevis-MGS2-Bugfix-Compilation\Texture Fixes\ps2 textures\HAS ALPHA\bp_remade\no_mip_fixes\ui\a_kaitei_alp_ovl.bmp.png
a_okujou_alp_ovl.bmp,C:\Development\Git\Afevis-MGS2-Bugfix-Compilation\Texture Fixes\ps2 textures\HAS ALPHA\bp_remade\no_mip_fixes\ui\a_okujou_alp_ovl.bmp.png
a_p_sensor_alp.bmp,C:\Development\Git\Afevis-MGS2-Bugfix-Compilation\Texture Fixes\ps2 textures\HAS ALPHA\same sha1\a_p_sensor_alp.bmp.png
a_pump_alp_ovl.bmp,C:\Development\Git\Afevis-MGS2-Bugfix-Compilation\Texture Fixes\ps2 textures\HAS ALPHA\bp_remade\no_mip_fixes\ui\a_pump_alp_ovl.bmp.png
ab_alp_ovl.bmp,C:\Development\Git\Afevis-MGS2-Bugfix-Compilation\Texture Fixes\ps2 textures\HAS ALPHA\bp_remade\no_mip_fixes\ui\ab_alp_ovl.bmp.png
ab_renraku_alp_ovl.bmp,C:\Development\Git\Afevis-MGS2-Bugfix-Compilation\Texture Fixes\ps2 textures\HAS ALPHA\bp_remade\no_mip_fixes\ui\ab_renraku_alp_ovl.bmp.png
abk_temp_tex1.bmp,C:\Development\Git\Afevis-MGS2-Bugfix-Compilation\Texture Fixes\ps2 textures\OPAQUE\same sha1\abk_temp_tex1.bmp.png
acd_alp_ovl.bmp,C:\Development\Git\Afevis-MGS2-Bugfix-Compilation\Texture Fixes\ps2 textures\HAS ALPHA\bp_remade\no_mip_fixes\ui\acd_alp_ovl.bmp.png
act_telop02_jp_alp_ovl.bmp,C:\Development\Git\Afevis-MGS2-Bugfix-Compilation\Texture Fixes\ps2 textures\HAS ALPHA\bp_remade\no_mip_fixes\ui\act_telop02_jp_alp_ovl.bmp.png
act_telop03_jp_alp_ovl.bmp,C:\Development\Git\Afevis-MGS2-Bugfix-Compilation\Texture Fixes\ps2 textures\HAS ALPHA\bp_remade\no_mip_fixes\ui\act_telop03_jp_alp_ovl.bmp.png
act_telop04_jp_alp_ovl.bmp,C:\Development\Git\Afevis-MGS2-Bugfix-Compilation\Texture Fixes\ps2 textures\HAS ALPHA\bp_remade\no_mip_fixes\ui\act_telop04_jp_alp_ovl.bmp.png
act_telop05_jp_alp_ovl.bmp,C:\Development\Git\Afevis-MGS2-Bugfix-Compilation\Texture Fixes\ps2 textures\HAS ALPHA\bp_remade\no_mip_fixes\ui\act_telop05_jp_alp_ovl.bmp.png
act_telop06_jp_alp_ovl.bmp,C:\Development\Git\Afevis-MGS2-Bugfix-Compilation\Texture Fixes\ps2 textures\HAS ALPHA\bp_remade\no_mip_fixes\ui\act_telop06_jp_alp_ovl.bmp.png
act_telop08_jp_alp_ovl.bmp,C:\Development\Git\Afevis-MGS2-Bugfix-Compilation\Texture Fixes\ps2 textures\HAS ALPHA\bp_remade\no_mip_fixes\ui\act_telop08_jp_alp_ovl.bmp.png
act_telop09_jp_alp_ovl.bmp,C:\Development\Git\Afevis-MGS2-Bugfix-Compilation\Texture Fixes\ps2 textures\HAS ALPHA\bp_remade\no_mip_fixes\ui\act_telop09_jp_alp_ovl.bmp.png
act_telop10_alp_ovl.bmp,C:\Development\Git\Afevis-MGS2-Bugfix-Compilation\Texture Fixes\ps2 textures\HAS ALPHA\bp_remade\no_mip_fixes\ui\act_telop10_alp_ovl.bmp.png
act_telop10_jp_alp_ovl.bmp,C:\Development\Git\Afevis-MGS2-Bugfix-Compilation\Texture Fixes\ps2 textures\HAS ALPHA\bp_remade\no_mip_fixes\ui\act_telop10_jp_alp_ovl.bmp.png
act_telop11_alp_ovl.bmp,C:\Development\Git\Afevis-MGS2-Bugfix-Compilation\Texture Fixes\ps2 textures\HAS ALPHA\bp_remade\no_mip_fixes\ui\act_telop11_alp_ovl.bmp.png
act_telop11_jp_alp_ovl.bmp,C:\Development\Git\Afevis-MGS2-Bugfix-Compilation\Texture Fixes\ps2 textures\HAS ALPHA\bp_remade\no_mip_fixes\ui\act_telop11_jp_alp_ovl.bmp.png
act_telop1_alp_ovl.bmp,C:\Development\Git\Afevis-MGS2-Bugfix-Compilation\Texture Fixes\ps2 textures\HAS ALPHA\bp_remade\no_mip_fixes\ui\act_telop1_alp_ovl.bmp.png
act_telop2_alp_ovl.bmp,C:\Development\Git\Afevis-MGS2-Bugfix-Compilation\Texture Fixes\ps2 textures\HAS ALPHA\bp_remade\no_mip_fixes\ui\act_telop2_alp_ovl.bmp.png
act_telop3_alp_ovl.bmp,C:\Development\Git\Afevis-MGS2-Bugfix-Compilation\Texture Fixes\ps2 textures\HAS ALPHA\bp_remade\no_mip_fixes\ui\act_telop3_alp_ovl.bmp.png
act_telop4_alp_ovl.bmp,C:\Development\Git\Afevis-MGS2-Bugfix-Compilation\Texture Fixes\ps2 textures\HAS ALPHA\bp_remade\no_mip_fixes\ui\act_telop4_alp_ovl.bmp.png
act_telop5_alp_ovl.bmp,C:\Development\Git\Afevis-MGS2-Bugfix-Compilation\Texture Fixes\ps2 textures\HAS ALPHA\bp_remade\no_mip_fixes\ui\act_telop5_alp_ovl.bmp.png
act_telop5_alp_ovl.bmp_e350349959b1556776f7b5d2e07689fc,C:\Development\Git\Afevis-MGS2-Bugfix-Compilation\Texture Fixes\ps2 textures\HAS ALPHA\bp_remade\no_mip_fixes\ui\act_telop5_alp_ovl.bmp_e350349959b1556776f7b5d2e07689fc.png
act_telop6_alp_ovl.bmp,C:\Development\Git\Afevis-MGS2-Bugfix-Compilation\Texture Fixes\ps2 textures\HAS ALPHA\bp_remade\no_mip_fixes\ui\act_telop6_alp_ovl.bmp.png
act_telop7_alp_ovl.bmp,C:\Development\Git\Afevis-MGS2-Bugfix-Compilation\Texture Fixes\ps2 textures\HAS ALPHA\bp_remade\no_mip_fixes\ui\act_telop7_alp_ovl.bmp.png
act_telop8_alp_ovl.bmp,C:\Development\Git\Afevis-MGS2-Bugfix-Compilation\Texture Fixes\ps2 textures\HAS ALPHA\bp_remade\no_mip_fixes\ui\act_telop8_alp_ovl.bmp.png
act_telop9_alp_ovl.bmp,C:\Development\Git\Afevis-MGS2-Bugfix-Compilation\Texture Fixes\ps2 textures\HAS ALPHA\bp_remade\no_mip_fixes\ui\act_telop9_alp_ovl.bmp.png
ag_ascending_alp_ovl.bmp,C:\Development\Git\Afevis-MGS2-Bugfix-Compilation\Texture Fixes\ps2 textures\HAS ALPHA\bp_remade\no_mip_fixes\ui\ag_ascending_alp_ovl.bmp.png
ag_ent_lit_alp_add_ovl.bmp,C:\Development\Git\Afevis-MGS2-Bugfix-Compilation\Texture Fixes\ps2 textures\HAS ALPHA\same sha1\ag_ent_lit_alp_add_ovl.bmp.png
ag_ileum_alp_ovl.bmp,C:\Development\Git\Afevis-MGS2-Bugfix-Compilation\Texture Fixes\ps2 textures\HAS ALPHA\bp_remade\no_mip_fixes\ui\ag_ileum_alp_ovl.bmp.png
ag_jejunum_alp_ovl.bmp,C:\Development\Git\Afevis-MGS2-Bugfix-Compilation\Texture Fixes\ps2 textures\HAS ALPHA\bp_remade\no_mip_fixes\ui\ag_jejunum_alp_ovl.bmp.png
ag_rectum_alp_ovl.bmp,C:\Development\Git\Afevis-MGS2-Bugfix-Compilation\Texture Fixes\ps2 textures\HAS ALPHA\bp_remade\no_mip_fixes\ui\ag_rectum_alp_ovl.bmp.png
ag_rouka_ent.bmp,C:\Development\Git\Afevis-MGS2-Bugfix-Compilation\Texture Fixes\ps2 textures\OPAQUE\bp_remade\ag_rouka_ent.bmp.png
ag_rouka_floor_01.bmp,C:\Development\Git\Afevis-MGS2-Bugfix-Compilation\Texture Fixes\ps2 textures\OPAQUE\bp_remade\ag_rouka_floor_01.bmp.png
ag_rouka_floor_02.bmp,C:\Development\Git\Afevis-MGS2-Bugfix-Compilation\Texture Fixes\ps2 textures\OPAQUE\bp_remade\ag_rouka_floor_02.bmp.png
ag_rouka_wall_01.bmp,C:\Development\Git\Afevis-MGS2-Bugfix-Compilation\Texture Fixes\ps2 textures\OPAQUE\bp_remade\ag_rouka_wall_01.bmp.png
ag_rouka_wall_02.bmp,C:\Development\Git\Afevis-MGS2-Bugfix-Compilation\Texture Fixes\ps2 textures\OPAQUE\bp_remade\ag_rouka_wall_02.bmp.png
ag_rouka_wall_03.bmp,C:\Development\Git\Afevis-MGS2-Bugfix-Compilation\Texture Fixes\ps2 textures\OPAQUE\bp_remade\ag_rouka_wall_03.bmp.png
ag_sigmoid_alp_ovl.bmp,C:\Development\Git\Afevis-MGS2-Bugfix-Compilation\Texture Fixes\ps2 textures\HAS ALPHA\bp_remade\no_mip_fixes\ui\ag_sigmoid_alp_ovl.bmp.png
ag_stmach_alp_ovl.bmp,C:\Development\Git\Afevis-MGS2-Bugfix-Compilation\Texture Fixes\ps2 textures\HAS ALPHA\bp_remade\no_mip_fixes\ui\ag_stmach_alp_ovl.bmp.png
aks_alp_ovl.bmp,C:\Development\Git\Afevis-MGS2-Bugfix-Compilation\Texture Fixes\ps2 textures\HAS ALPHA\bp_remade\no_mip_fixes\ui\aks_alp_ovl.bmp.png
aks_demo_amo.bmp,C:\Development\Git\Afevis-MGS2-Bugfix-Compilation\Texture Fixes\ps2 textures\OPAQUE\bp_remade\aks_demo_amo.bmp.png
aks_jyuukou.bmp,C:\Development\Git\Afevis-MGS2-Bugfix-Compilation\Texture Fixes\ps2 textures\OPAQUE\bp_remade\aks_jyuukou.bmp.png
aks_sb_s.bmp,C:\Development\Git\Afevis-MGS2-Bugfix-Compilation\Texture Fixes\ps2 textures\OPAQUE\bp_remade\aks_sb_s.bmp.png
aks_sb_s.bmp_73f39fdb33d46a0ad4126ed3d411da41,C:\Development\Git\Afevis-MGS2-Bugfix-Compilation\Texture Fixes\ps2 textures\OPAQUE\bp_remade\aks_sb_s.bmp_73f39fdb33d46a0ad4126ed3d411da41.png
aks_sp2_alp_ovl.bmp,C:\Development\Git\Afevis-MGS2-Bugfix-Compilation\Texture Fixes\ps2 textures\HAS ALPHA\bp_remade\no_mip_fixes\ui\aks_sp2_alp_ovl.bmp.png
aks_sp_alp_ovl.bmp,C:\Development\Git\Afevis-MGS2-Bugfix-Compilation\Texture Fixes\ps2 textures\HAS ALPHA\bp_remade\no_mip_fixes\ui\aks_sp_alp_ovl.bmp.png
alpha03_alp_ovl.bmp,C:\Development\Git\Afevis-MGS2-Bugfix-Compilation\Texture Fixes\ps2 textures\HAS ALPHA\same sha1\alpha03_alp_ovl.bmp.png
alt_alp_ovl.bmp,C:\Development\Git\Afevis-MGS2-Bugfix-Compilation\Texture Fixes\ps2 textures\HAS ALPHA\bp_remade\no_mip_fixes\ui\alt_alp_ovl.bmp.png
alt_b_alp_ovl.bmp,C:\Development\Git\Afevis-MGS2-Bugfix-Compilation\Texture Fixes\ps2 textures\HAS ALPHA\bp_remade\no_mip_fixes\ui\alt_b_alp_ovl.bmp.png
amg_main1.bmp,C:\Development\Git\Afevis-MGS2-Bugfix-Compilation\Texture Fixes\ps2 textures\OPAQUE\bp_remade\amg_main1.bmp.png
amg_main1.bmp_f082d4708a4df07a9520bbda4506a0ac,C:\Development\Git\Afevis-MGS2-Bugfix-Compilation\Texture Fixes\ps2 textures\OPAQUE\same sha1\amg_main1.bmp_f082d4708a4df07a9520bbda4506a0ac.png
amg_memori_alp_ovl.bmp,C:\Development\Git\Afevis-MGS2-Bugfix-Compilation\Texture Fixes\ps2 textures\HAS ALPHA\same sha1\amg_memori_alp_ovl.bmp.png
amg_mizo1.bmp,C:\Development\Git\Afevis-MGS2-Bugfix-Compilation\Texture Fixes\ps2 textures\OPAQUE\same sha1\amg_mizo1.bmp.png
amg_mizo1_bright.bmp,C:\Development\Git\Afevis-MGS2-Bugfix-Compilation\Texture Fixes\ps2 textures\OPAQUE\bp_remade\amg_mizo1_bright.bmp.png
amg_vau_slaster1.bmp,C:\Development\Git\Afevis-MGS2-Bugfix-Compilation\Texture Fixes\ps2 textures\OPAQUE\same sha1\amg_vau_slaster1.bmp.png
amg_vau_slaster2.bmp,C:\Development\Git\Afevis-MGS2-Bugfix-Compilation\Texture Fixes\ps2 textures\OPAQUE\same sha1\amg_vau_slaster2.bmp.png
amg_vau_slaster3.bmp,C:\Development\Git\Afevis-MGS2-Bugfix-Compilation\Texture Fixes\ps2 textures\OPAQUE\same sha1\amg_vau_slaster3.bmp.png
amg_vau_slaster4.bmp,C:\Development\Git\Afevis-MGS2-Bugfix-Compilation\Texture Fixes\ps2 textures\OPAQUE\same sha1\amg_vau_slaster4.bmp.png
animal_alp_ovl.bmp,C:\Development\Git\Afevis-MGS2-Bugfix-Compilation\Texture Fixes\ps2 textures\OPAQUE\bp_remade\no_mip_fixes\ui\animal_alp_ovl.bmp.png
aoyama_alp_ovl.bmp,C:\Development\Git\Afevis-MGS2-Bugfix-Compilation\Texture Fixes\ps2 textures\HAS ALPHA\bp_remade\no_mip_fixes\ui\aoyama_alp_ovl.bmp.png
apple_alp.bmp,C:\Development\Git\Afevis-MGS2-Bugfix-Compilation\Texture Fixes\ps2 textures\HAS ALPHA\same sha1\apple_alp.bmp.png
aps_alp_ovl.bmp,C:\Development\Git\Afevis-MGS2-Bugfix-Compilation\Texture Fixes\ps2 textures\HAS ALPHA\bp_remade\no_mip_fixes\ui\aps_alp_ovl.bmp.png
azabu_alp_ovl.bmp,C:\Development\Git\Afevis-MGS2-Bugfix-Compilation\Texture Fixes\ps2 textures\HAS ALPHA\bp_remade\no_mip_fixes\ui\azabu_alp_ovl.bmp.png
b_deck.bmp,C:\Development\Git\Afevis-MGS2-Bugfix-Compilation\Texture Fixes\ps2 textures\OPAQUE\same sha1\b_deck.bmp.png
b_deck.bmp_74d77fdca076cebeb0619b5ac4d9887c,C:\Development\Git\Afevis-MGS2-Bugfix-Compilation\Texture Fixes\ps2 textures\OPAQUE\same sha1\b_deck.bmp_74d77fdca076cebeb0619b5ac4d9887c.png
b_henden_alp_ovl.bmp,C:\Development\Git\Afevis-MGS2-Bugfix-Compilation\Texture Fixes\ps2 textures\HAS ALPHA\bp_remade\no_mip_fixes\ui\b_henden_alp_ovl.bmp.png
b_mark.bmp,C:\Development\Git\Afevis-MGS2-Bugfix-Compilation\Texture Fixes\ps2 textures\OPAQUE\same sha1\b_mark.bmp.png
b_mark_msk.bmp,C:\Development\Git\Afevis-MGS2-Bugfix-Compilation\Texture Fixes\ps2 textures\HAS ALPHA\same sha1\b_mark_msk.bmp.png
baku_g07_msk.bmp,C:\Development\Git\Afevis-MGS2-Bugfix-Compilation\Texture Fixes\ps2 textures\OPAQUE\same sha1\baku_g07_msk.bmp.png
bam_alp_ovl.bmp,C:\Development\Git\Afevis-MGS2-Bugfix-Compilation\Texture Fixes\ps2 textures\HAS ALPHA\bp_remade\no_mip_fixes\ui\bam_alp_ovl.bmp.png
bc_renraku_alp_ovl.bmp,C:\Development\Git\Afevis-MGS2-Bugfix-Compilation\Texture Fixes\ps2 textures\HAS ALPHA\bp_remade\no_mip_fixes\ui\bc_renraku_alp_ovl.bmp.png
black_add.bmp,C:\Development\Git\Afevis-MGS2-Bugfix-Compilation\Texture Fixes\ps2 textures\OPAQUE\same sha1\black_add.bmp.png
blk_msk_alp.bmp,C:\Development\Git\Afevis-MGS2-Bugfix-Compilation\Texture Fixes\ps2 textures\HAS ALPHA\same sha1\blk_msk_alp.bmp.png
blood_1bw_msk.bmp,C:\Development\Git\Afevis-MGS2-Bugfix-Compilation\Texture Fixes\ps2 textures\HAS ALPHA\same sha1\blood_1bw_msk.bmp.png
blood_1c_msk.bmp,C:\Development\Git\Afevis-MGS2-Bugfix-Compilation\Texture Fixes\ps2 textures\HAS ALPHA\same sha1\blood_1c_msk.bmp.png
blood_1e_msk.bmp,C:\Development\Git\Afevis-MGS2-Bugfix-Compilation\Texture Fixes\ps2 textures\HAS ALPHA\same sha1\blood_1e_msk.bmp.png
blood_2_msk.bmp,C:\Development\Git\Afevis-MGS2-Bugfix-Compilation\Texture Fixes\ps2 textures\HAS ALPHA\same sha1\blood_2_msk.bmp.png
blood_2bw_alp.bmp,C:\Development\Git\Afevis-MGS2-Bugfix-Compilation\Texture Fixes\ps2 textures\HAS ALPHA\same sha1\blood_2bw_alp.bmp.png
blood_2bw_msk.bmp,C:\Development\Git\Afevis-MGS2-Bugfix-Compilation\Texture Fixes\ps2 textures\HAS ALPHA\same sha1\blood_2bw_msk.bmp.png
blt_alp_ovl.bmp,C:\Development\Git\Afevis-MGS2-Bugfix-Compilation\Texture Fixes\ps2 textures\HAS ALPHA\bp_remade\no_mip_fixes\ui\blt_alp_ovl.bmp.png
blue_add.bmp,C:\Development\Git\Afevis-MGS2-Bugfix-Compilation\Texture Fixes\ps2 textures\OPAQUE\same sha1\blue_add.bmp.png
bnd_alp_ovl.bmp,C:\Development\Git\Afevis-MGS2-Bugfix-Compilation\Texture Fixes\ps2 textures\HAS ALPHA\bp_remade\no_mip_fixes\ui\bnd_alp_ovl.bmp.png
bombgas1_alp.bmp,C:\Development\Git\Afevis-MGS2-Bugfix-Compilation\Texture Fixes\ps2 textures\HAS ALPHA\same sha1\bombgas1_alp.bmp.png
bombgas2_alp.bmp,C:\Development\Git\Afevis-MGS2-Bugfix-Compilation\Texture Fixes\ps2 textures\HAS ALPHA\same sha1\bombgas2_alp.bmp.png
bombgas3_alp.bmp,C:\Development\Git\Afevis-MGS2-Bugfix-Compilation\Texture Fixes\ps2 textures\HAS ALPHA\same sha1\bombgas3_alp.bmp.png
bombgas5_alp.bmp,C:\Development\Git\Afevis-MGS2-Bugfix-Compilation\Texture Fixes\ps2 textures\HAS ALPHA\same sha1\bombgas5_alp.bmp.png
bombgas6_alp.bmp,C:\Development\Git\Afevis-MGS2-Bugfix-Compilation\Texture Fixes\ps2 textures\HAS ALPHA\same sha1\bombgas6_alp.bmp.png
bombpowder1_msk.bmp,C:\Development\Git\Afevis-MGS2-Bugfix-Compilation\Texture Fixes\ps2 textures\HAS ALPHA\same sha1\bombpowder1_msk.bmp.png
bombpowder2_msk.bmp,C:\Development\Git\Afevis-MGS2-Bugfix-Compilation\Texture Fixes\ps2 textures\HAS ALPHA\same sha1\bombpowder2_msk.bmp.png
bombpowder6_msk.bmp,C:\Development\Git\Afevis-MGS2-Bugfix-Compilation\Texture Fixes\ps2 textures\HAS ALPHA\same sha1\bombpowder6_msk.bmp.png
bombpowder7_msk.bmp,C:\Development\Git\Afevis-MGS2-Bugfix-Compilation\Texture Fixes\ps2 textures\HAS ALPHA\same sha1\bombpowder7_msk.bmp.png
bombsphere01_alp.bmp,C:\Development\Git\Afevis-MGS2-Bugfix-Compilation\Texture Fixes\ps2 textures\HAS ALPHA\same sha1\bombsphere01_alp.bmp.png
bombsphere03_alp.bmp,C:\Development\Git\Afevis-MGS2-Bugfix-Compilation\Texture Fixes\ps2 textures\HAS ALPHA\same sha1\bombsphere03_alp.bmp.png
bombsphere04_alp.bmp,C:\Development\Git\Afevis-MGS2-Bugfix-Compilation\Texture Fixes\ps2 textures\HAS ALPHA\same sha1\bombsphere04_alp.bmp.png
bood_u.bmp,C:\Development\Git\Afevis-MGS2-Bugfix-Compilation\Texture Fixes\ps2 textures\OPAQUE\same sha1\bood_u.bmp.png
bottle010.bmp,C:\Development\Git\Afevis-MGS2-Bugfix-Compilation\Texture Fixes\ps2 textures\OPAQUE\same sha1\bottle010.bmp.png
bottle011.bmp,C:\Development\Git\Afevis-MGS2-Bugfix-Compilation\Texture Fixes\ps2 textures\OPAQUE\same sha1\bottle011.bmp.png
bottle012.bmp,C:\Development\Git\Afevis-MGS2-Bugfix-Compilation\Texture Fixes\ps2 textures\OPAQUE\same sha1\bottle012.bmp.png
bottle013.bmp,C:\Development\Git\Afevis-MGS2-Bugfix-Compilation\Texture Fixes\ps2 textures\OPAQUE\same sha1\bottle013.bmp.png
bottle014.bmp,C:\Development\Git\Afevis-MGS2-Bugfix-Compilation\Texture Fixes\ps2 textures\OPAQUE\same sha1\bottle014.bmp.png
bottle_008.bmp,C:\Development\Git\Afevis-MGS2-Bugfix-Compilation\Texture Fixes\ps2 textures\OPAQUE\same sha1\bottle_008.bmp.png
bottle_009.bmp,C:\Development\Git\Afevis-MGS2-Bugfix-Compilation\Texture Fixes\ps2 textures\OPAQUE\same sha1\bottle_009.bmp.png
box_01.bmp,C:\Development\Git\Afevis-MGS2-Bugfix-Compilation\Texture Fixes\ps2 textures\OPAQUE\same sha1\box_01.bmp.png
box_02.bmp,C:\Development\Git\Afevis-MGS2-Bugfix-Compilation\Texture Fixes\ps2 textures\OPAQUE\same sha1\box_02.bmp.png
box_03.bmp,C:\Development\Git\Afevis-MGS2-Bugfix-Compilation\Texture Fixes\ps2 textures\OPAQUE\same sha1\box_03.bmp.png
box_07.bmp,C:\Development\Git\Afevis-MGS2-Bugfix-Compilation\Texture Fixes\ps2 textures\OPAQUE\same sha1\box_07.bmp.png
box_08.bmp,C:\Development\Git\Afevis-MGS2-Bugfix-Compilation\Texture Fixes\ps2 textures\OPAQUE\same sha1\box_08.bmp.png
box_09.bmp,C:\Development\Git\Afevis-MGS2-Bugfix-Compilation\Texture Fixes\ps2 textures\OPAQUE\same sha1\box_09.bmp.png
box_10.bmp,C:\Development\Git\Afevis-MGS2-Bugfix-Compilation\Texture Fixes\ps2 textures\OPAQUE\bp_remade\box_10.bmp.png
box_11.bmp,C:\Development\Git\Afevis-MGS2-Bugfix-Compilation\Texture Fixes\ps2 textures\OPAQUE\bp_remade\box_11.bmp.png
box_16.bmp,C:\Development\Git\Afevis-MGS2-Bugfix-Compilation\Texture Fixes\ps2 textures\OPAQUE\bp_remade\box_16.bmp.png
box_s_05_side.bmp,C:\Development\Git\Afevis-MGS2-Bugfix-Compilation\Texture Fixes\ps2 textures\OPAQUE\bp_remade\box_s_05_side.bmp.png
box_s_05_top.bmp,C:\Development\Git\Afevis-MGS2-Bugfix-Compilation\Texture Fixes\ps2 textures\OPAQUE\bp_remade\box_s_05_top.bmp.png
box_s_07_back.bmp,C:\Development\Git\Afevis-MGS2-Bugfix-Compilation\Texture Fixes\ps2 textures\OPAQUE\bp_remade\box_s_07_back.bmp.png
box_s_07_side.bmp,C:\Development\Git\Afevis-MGS2-Bugfix-Compilation\Texture Fixes\ps2 textures\OPAQUE\bp_remade\box_s_07_side.bmp.png
box_s_07_top.bmp,C:\Development\Git\Afevis-MGS2-Bugfix-Compilation\Texture Fixes\ps2 textures\OPAQUE\bp_remade\box_s_07_top.bmp.png
box_side.bmp,C:\Development\Git\Afevis-MGS2-Bugfix-Compilation\Texture Fixes\ps2 textures\OPAQUE\same sha1\box_side.bmp.png
brack_01_01_01.bmp,C:\Development\Git\Afevis-MGS2-Bugfix-Compilation\Texture Fixes\ps2 textures\OPAQUE\same sha1\brack_01_01_01.bmp.png
bsn1_alp_ovl.bmp,C:\Development\Git\Afevis-MGS2-Bugfix-Compilation\Texture Fixes\ps2 textures\HAS ALPHA\bp_remade\no_mip_fixes\ui\bsn1_alp_ovl.bmp.png
bsn2_alp_ovl.bmp,C:\Development\Git\Afevis-MGS2-Bugfix-Compilation\Texture Fixes\ps2 textures\HAS ALPHA\bp_remade\no_mip_fixes\ui\bsn2_alp_ovl.bmp.png
bsn3.bmp,C:\Development\Git\Afevis-MGS2-Bugfix-Compilation\Texture Fixes\ps2 textures\OPAQUE\same sha1\bsn3.bmp.png
bsn_a.bmp,C:\Development\Git\Afevis-MGS2-Bugfix-Compilation\Texture Fixes\ps2 textures\OPAQUE\bp_remade\bsn_a.bmp.png
btl_01.bmp,C:\Development\Git\Afevis-MGS2-Bugfix-Compilation\Texture Fixes\ps2 textures\OPAQUE\same sha1\btl_01.bmp.png
btl_02.bmp,C:\Development\Git\Afevis-MGS2-Bugfix-Compilation\Texture Fixes\ps2 textures\OPAQUE\same sha1\btl_02.bmp.png
btl_03.bmp,C:\Development\Git\Afevis-MGS2-Bugfix-Compilation\Texture Fixes\ps2 textures\OPAQUE\same sha1\btl_03.bmp.png
btl_04.bmp,C:\Development\Git\Afevis-MGS2-Bugfix-Compilation\Texture Fixes\ps2 textures\OPAQUE\same sha1\btl_04.bmp.png
btl_05.bmp,C:\Development\Git\Afevis-MGS2-Bugfix-Compilation\Texture Fixes\ps2 textures\OPAQUE\same sha1\btl_05.bmp.png
btl_06.bmp,C:\Development\Git\Afevis-MGS2-Bugfix-Compilation\Texture Fixes\ps2 textures\OPAQUE\same sha1\btl_06.bmp.png
btl_07.bmp,C:\Development\Git\Afevis-MGS2-Bugfix-Compilation\Texture Fixes\ps2 textures\OPAQUE\same sha1\btl_07.bmp.png
btl_piece00_add_ovl.bmp,C:\Development\Git\Afevis-MGS2-Bugfix-Compilation\Texture Fixes\ps2 textures\OPAQUE\same sha1\btl_piece00_add_ovl.bmp.png
btl_piece01_add_ovl.bmp,C:\Development\Git\Afevis-MGS2-Bugfix-Compilation\Texture Fixes\ps2 textures\OPAQUE\same sha1\btl_piece01_add_ovl.bmp.png
button_alp.bmp,C:\Development\Git\Afevis-MGS2-Bugfix-Compilation\Texture Fixes\ps2 textures\HAS ALPHA\same sha1\button_alp.bmp.png
bw_mark.bmp,C:\Development\Git\Afevis-MGS2-Bugfix-Compilation\Texture Fixes\ps2 textures\OPAQUE\same sha1\bw_mark.bmp.png
c4_a_antena.bmp,C:\Development\Git\Afevis-MGS2-Bugfix-Compilation\Texture Fixes\ps2 textures\OPAQUE\same sha1\c4_a_antena.bmp.png
c4_a_hontai_10.bmp,C:\Development\Git\Afevis-MGS2-Bugfix-Compilation\Texture Fixes\ps2 textures\OPAQUE\bp_remade\c4_a_hontai_10.bmp.png
c4_a_hontai_4.bmp,C:\Development\Git\Afevis-MGS2-Bugfix-Compilation\Texture Fixes\ps2 textures\OPAQUE\same sha1\c4_a_hontai_4.bmp.png
c4_a_sen1_alp.bmp,C:\Development\Git\Afevis-MGS2-Bugfix-Compilation\Texture Fixes\ps2 textures\HAS ALPHA\same sha1\c4_a_sen1_alp.bmp.png
c_deck.bmp,C:\Development\Git\Afevis-MGS2-Bugfix-Compilation\Texture Fixes\ps2 textures\OPAQUE\same sha1\c_deck.bmp.png
c_shokudou_alp_ovl.bmp,C:\Development\Git\Afevis-MGS2-Bugfix-Compilation\Texture Fixes\ps2 textures\HAS ALPHA\bp_remade\no_mip_fixes\ui\c_shokudou_alp_ovl.bmp.png
cam_f_ovl_mod1120_alp_emap.bmp,C:\Development\Git\Afevis-MGS2-Bugfix-Compilation\Texture Fixes\ps2 textures\OPAQUE\same sha1\cam_f_ovl_mod1120_alp_emap.bmp.png
cam_hi_tang.bmp,C:\Development\Git\Afevis-MGS2-Bugfix-Compilation\Texture Fixes\ps2 textures\OPAQUE\same sha1\cam_hi_tang.bmp.png
cam_hi_teeth_d1.bmp,C:\Development\Git\Afevis-MGS2-Bugfix-Compilation\Texture Fixes\ps2 textures\OPAQUE\same sha1\cam_hi_teeth_d1.bmp.png
cam_hi_teeth_d1_skl.bmp,C:\Development\Git\Afevis-MGS2-Bugfix-Compilation\Texture Fixes\ps2 textures\OPAQUE\same sha1\cam_hi_teeth_d1_skl.bmp.png
cam_hi_teeth_d3_skl.bmp,C:\Development\Git\Afevis-MGS2-Bugfix-Compilation\Texture Fixes\ps2 textures\OPAQUE\same sha1\cam_hi_teeth_d3_skl.bmp.png
cam_shirt_dt.bmp,C:\Development\Git\Afevis-MGS2-Bugfix-Compilation\Texture Fixes\ps2 textures\OPAQUE\same sha1\cam_shirt_dt.bmp.png
cam_skl.bmp,C:\Development\Git\Afevis-MGS2-Bugfix-Compilation\Texture Fixes\ps2 textures\OPAQUE\same sha1\cam_skl.bmp.png
camera_alp_ovl.bmp,C:\Development\Git\Afevis-MGS2-Bugfix-Compilation\Texture Fixes\ps2 textures\HAS ALPHA\bp_remade\no_mip_fixes\ui\camera_alp_ovl.bmp.png
cap_arm.bmp,C:\Development\Git\Afevis-MGS2-Bugfix-Compilation\Texture Fixes\ps2 textures\OPAQUE\bp_remade\cap_arm.bmp.png
cap_arm_l_blood.bmp,C:\Development\Git\Afevis-MGS2-Bugfix-Compilation\Texture Fixes\ps2 textures\OPAQUE\bp_remade\cap_arm_l_blood.bmp.png
cap_arm_r_blood.bmp,C:\Development\Git\Afevis-MGS2-Bugfix-Compilation\Texture Fixes\ps2 textures\OPAQUE\bp_remade\cap_arm_r_blood.bmp.png
cap_arm_wrist.bmp,C:\Development\Git\Afevis-MGS2-Bugfix-Compilation\Texture Fixes\ps2 textures\OPAQUE\bp_remade\cap_arm_wrist.bmp.png
cap_body.bmp,C:\Development\Git\Afevis-MGS2-Bugfix-Compilation\Texture Fixes\ps2 textures\OPAQUE\bp_remade\cap_body.bmp.png
cap_body_blood.bmp,C:\Development\Git\Afevis-MGS2-Bugfix-Compilation\Texture Fixes\ps2 textures\OPAQUE\bp_remade\cap_body_blood.bmp.png
cap_face.bmp,C:\Development\Git\Afevis-MGS2-Bugfix-Compilation\Texture Fixes\ps2 textures\OPAQUE\bp_remade\cap_face.bmp.png
cap_face_blood.bmp,C:\Development\Git\Afevis-MGS2-Bugfix-Compilation\Texture Fixes\ps2 textures\OPAQUE\bp_remade\cap_face_blood.bmp.png
cap_hair.bmp,C:\Development\Git\Afevis-MGS2-Bugfix-Compilation\Texture Fixes\ps2 textures\OPAQUE\bp_remade\cap_hair.bmp.png
cap_hair_blood.bmp,C:\Development\Git\Afevis-MGS2-Bugfix-Compilation\Texture Fixes\ps2 textures\OPAQUE\bp_remade\cap_hair_blood.bmp.png
cap_handcuff.bmp,C:\Development\Git\Afevis-MGS2-Bugfix-Compilation\Texture Fixes\ps2 textures\OPAQUE\bp_remade\cap_handcuff.bmp.png
cap_insignia.bmp,C:\Development\Git\Afevis-MGS2-Bugfix-Compilation\Texture Fixes\ps2 textures\OPAQUE\bp_remade\cap_insignia.bmp.png
cap_insignia.bmp_430f42a59d786b5f3a33625879eca072,C:\Development\Git\Afevis-MGS2-Bugfix-Compilation\Texture Fixes\ps2 textures\OPAQUE\bp_remade\cap_insignia.bmp_430f42a59d786b5f3a33625879eca072.png
cap_leg.bmp,C:\Development\Git\Afevis-MGS2-Bugfix-Compilation\Texture Fixes\ps2 textures\OPAQUE\bp_remade\cap_leg.bmp.png
cap_leg_blood.bmp,C:\Development\Git\Afevis-MGS2-Bugfix-Compilation\Texture Fixes\ps2 textures\OPAQUE\bp_remade\cap_leg_blood.bmp.png
cap_shoe.bmp,C:\Development\Git\Afevis-MGS2-Bugfix-Compilation\Texture Fixes\ps2 textures\OPAQUE\bp_remade\cap_shoe.bmp.png
cap_shoe.bmp_419c9cebb9385f6a2d7aefeb9bb59d8f,C:\Development\Git\Afevis-MGS2-Bugfix-Compilation\Texture Fixes\ps2 textures\OPAQUE\bp_remade\cap_shoe.bmp_419c9cebb9385f6a2d7aefeb9bb59d8f.png
car_ban_bl00_alp_decal.bmp,C:\Development\Git\Afevis-MGS2-Bugfix-Compilation\Texture Fixes\ps2 textures\HAS ALPHA\same sha1\car_ban_bl00_alp_decal.bmp.png
car_ban_lig00_alp_decal.bmp,C:\Development\Git\Afevis-MGS2-Bugfix-Compilation\Texture Fixes\ps2 textures\HAS ALPHA\same sha1\car_ban_lig00_alp_decal.bmp.png
car_ban_window00_alp.bmp,C:\Development\Git\Afevis-MGS2-Bugfix-Compilation\Texture Fixes\ps2 textures\HAS ALPHA\same sha1\car_ban_window00_alp.bmp.png
car_kage_ban_alp_ovl.bmp,C:\Development\Git\Afevis-MGS2-Bugfix-Compilation\Texture Fixes\ps2 textures\HAS ALPHA\same sha1\car_kage_ban_alp_ovl.bmp.png
car_kage_ode_alp_ovl.bmp,C:\Development\Git\Afevis-MGS2-Bugfix-Compilation\Texture Fixes\ps2 textures\HAS ALPHA\same sha1\car_kage_ode_alp_ovl.bmp.png
car_kage_sky_alp_ovl.bmp,C:\Development\Git\Afevis-MGS2-Bugfix-Compilation\Texture Fixes\ps2 textures\HAS ALPHA\same sha1\car_kage_sky_alp_ovl.bmp.png
car_kage_wagon_alp_ovl.bmp,C:\Development\Git\Afevis-MGS2-Bugfix-Compilation\Texture Fixes\ps2 textures\HAS ALPHA\same sha1\car_kage_wagon_alp_ovl.bmp.png
car_lit_ground_alp_add_ovl.bmp,C:\Development\Git\Afevis-MGS2-Bugfix-Compilation\Texture Fixes\ps2 textures\HAS ALPHA\same sha1\car_lit_ground_alp_add_ovl.bmp.png
car_shadow_01.bmp,C:\Development\Git\Afevis-MGS2-Bugfix-Compilation\Texture Fixes\ps2 textures\OPAQUE\same sha1\car_shadow_01.bmp.png
car_wagon_bl00_alp_decal.bmp,C:\Development\Git\Afevis-MGS2-Bugfix-Compilation\Texture Fixes\ps2 textures\HAS ALPHA\same sha1\car_wagon_bl00_alp_decal.bmp.png
car_wagon_lig00_alp_decal.bmp,C:\Development\Git\Afevis-MGS2-Bugfix-Compilation\Texture Fixes\ps2 textures\HAS ALPHA\same sha1\car_wagon_lig00_alp_decal.bmp.png
car_wagon_window00_alp.bmp,C:\Development\Git\Afevis-MGS2-Bugfix-Compilation\Texture Fixes\ps2 textures\HAS ALPHA\same sha1\car_wagon_window00_alp.bmp.png
cau_alp_ovl.bmp,C:\Development\Git\Afevis-MGS2-Bugfix-Compilation\Texture Fixes\ps2 textures\HAS ALPHA\bp_remade\no_mip_fixes\ui\cau_alp_ovl.bmp.png
caust00_alp_add_ovl.bmp,C:\Development\Git\Afevis-MGS2-Bugfix-Compilation\Texture Fixes\ps2 textures\HAS ALPHA\same sha1\caust00_alp_add_ovl.bmp.png
cbox_dry_alp_ovl.bmp,C:\Development\Git\Afevis-MGS2-Bugfix-Compilation\Texture Fixes\ps2 textures\HAS ALPHA\bp_remade\no_mip_fixes\ui\cbox_dry_alp_ovl.bmp.png
cbox_wet_alp_ovl.bmp,C:\Development\Git\Afevis-MGS2-Bugfix-Compilation\Texture Fixes\ps2 textures\HAS ALPHA\bp_remade\no_mip_fixes\ui\cbox_wet_alp_ovl.bmp.png
cbx_a.bmp,C:\Development\Git\Afevis-MGS2-Bugfix-Compilation\Texture Fixes\ps2 textures\OPAQUE\bp_remade\cbx_a.bmp.png
cbx_a.bmp_be89fab0e4f647837831c3734a72fc8f,C:\Development\Git\Afevis-MGS2-Bugfix-Compilation\Texture Fixes\ps2 textures\OPAQUE\bp_remade\cbx_a.bmp_be89fab0e4f647837831c3734a72fc8f.png
cbx_a_alp_ovl.bmp,C:\Development\Git\Afevis-MGS2-Bugfix-Compilation\Texture Fixes\ps2 textures\HAS ALPHA\bp_remade\no_mip_fixes\ui\cbx_a_alp_ovl.bmp.png
cbx_b_alp_ovl.bmp,C:\Development\Git\Afevis-MGS2-Bugfix-Compilation\Texture Fixes\ps2 textures\HAS ALPHA\bp_remade\no_mip_fixes\ui\cbx_b_alp_ovl.bmp.png
cbx_c_alp_ovl.bmp,C:\Development\Git\Afevis-MGS2-Bugfix-Compilation\Texture Fixes\ps2 textures\HAS ALPHA\bp_remade\no_mip_fixes\ui\cbx_c_alp_ovl.bmp.png
cbx_d_alp_ovl.bmp,C:\Development\Git\Afevis-MGS2-Bugfix-Compilation\Texture Fixes\ps2 textures\HAS ALPHA\bp_remade\no_mip_fixes\ui\cbx_d_alp_ovl.bmp.png
cbx_e_alp_ovl.bmp,C:\Development\Git\Afevis-MGS2-Bugfix-Compilation\Texture Fixes\ps2 textures\HAS ALPHA\bp_remade\no_mip_fixes\ui\cbx_e_alp_ovl.bmp.png
cbx_f_alp_ovl.bmp,C:\Development\Git\Afevis-MGS2-Bugfix-Compilation\Texture Fixes\ps2 textures\HAS ALPHA\bp_remade\no_mip_fixes\ui\cbx_f_alp_ovl.bmp.png
cbx_iner2_msk.bmp,C:\Development\Git\Afevis-MGS2-Bugfix-Compilation\Texture Fixes\ps2 textures\HAS ALPHA\same sha1\cbx_iner2_msk.bmp.png
cbx_syukan_hanycam.bmp,C:\Development\Git\Afevis-MGS2-Bugfix-Compilation\Texture Fixes\ps2 textures\OPAQUE\same sha1\cbx_syukan_hanycam.bmp.png
cd_err_alp_ovl.bmp,C:\Development\Git\Afevis-MGS2-Bugfix-Compilation\Texture Fixes\ps2 textures\HAS ALPHA\same sha1\no_mip_fixes\ui\cd_err_alp_ovl.bmp.png
cd_renraku_alp_ovl.bmp,C:\Development\Git\Afevis-MGS2-Bugfix-Compilation\Texture Fixes\ps2 textures\HAS ALPHA\bp_remade\no_mip_fixes\ui\cd_renraku_alp_ovl.bmp.png
cfr_alp_ovl.bmp,C:\Development\Git\Afevis-MGS2-Bugfix-Compilation\Texture Fixes\ps2 textures\HAS ALPHA\bp_remade\no_mip_fixes\ui\cfr_alp_ovl.bmp.png
cfr_antena.bmp,C:\Development\Git\Afevis-MGS2-Bugfix-Compilation\Texture Fixes\ps2 textures\OPAQUE\same sha1\cfr_antena.bmp.png
cgr_head_f.bmp,C:\Development\Git\Afevis-MGS2-Bugfix-Compilation\Texture Fixes\ps2 textures\OPAQUE\bp_remade\cgr_head_f.bmp.png
cgr_head_s.bmp,C:\Development\Git\Afevis-MGS2-Bugfix-Compilation\Texture Fixes\ps2 textures\OPAQUE\bp_remade\cgr_head_s.bmp.png
cgr_head_t.bmp,C:\Development\Git\Afevis-MGS2-Bugfix-Compilation\Texture Fixes\ps2 textures\OPAQUE\bp_remade\cgr_head_t.bmp.png
cgr_head_temp.bmp,C:\Development\Git\Afevis-MGS2-Bugfix-Compilation\Texture Fixes\ps2 textures\OPAQUE\bp_remade\cgr_head_temp.bmp.png
cgr_lever.bmp,C:\Development\Git\Afevis-MGS2-Bugfix-Compilation\Texture Fixes\ps2 textures\OPAQUE\bp_remade\cgr_lever.bmp.png
cgr_pin.bmp,C:\Development\Git\Afevis-MGS2-Bugfix-Compilation\Texture Fixes\ps2 textures\OPAQUE\bp_remade\cgr_pin.bmp.png
chaff_alp_ovl.bmp,C:\Development\Git\Afevis-MGS2-Bugfix-Compilation\Texture Fixes\ps2 textures\HAS ALPHA\bp_remade\no_mip_fixes\ui\chaff_alp_ovl.bmp.png
chair02_pipe.bmp,C:\Development\Git\Afevis-MGS2-Bugfix-Compilation\Texture Fixes\ps2 textures\OPAQUE\same sha1\chair02_pipe.bmp.png
chair02_pipe.bmp_0b475423fac278c1a2f428acbd23acc2,C:\Development\Git\Afevis-MGS2-Bugfix-Compilation\Texture Fixes\ps2 textures\OPAQUE\same sha1\chair02_pipe.bmp_0b475423fac278c1a2f428acbd23acc2.png
chair03_face_back.bmp,C:\Development\Git\Afevis-MGS2-Bugfix-Compilation\Texture Fixes\ps2 textures\OPAQUE\same sha1\chair03_face_back.bmp.png
chair3.bmp,C:\Development\Git\Afevis-MGS2-Bugfix-Compilation\Texture Fixes\ps2 textures\OPAQUE\same sha1\chair3.bmp.png
chair4.bmp,C:\Development\Git\Afevis-MGS2-Bugfix-Compilation\Texture Fixes\ps2 textures\OPAQUE\same sha1\chair4.bmp.png
chair7.bmp,C:\Development\Git\Afevis-MGS2-Bugfix-Compilation\Texture Fixes\ps2 textures\OPAQUE\same sha1\chair7.bmp.png
chair_magnet.bmp,C:\Development\Git\Afevis-MGS2-Bugfix-Compilation\Texture Fixes\ps2 textures\OPAQUE\same sha1\chair_magnet.bmp.png
chair_tire.bmp,C:\Development\Git\Afevis-MGS2-Bugfix-Compilation\Texture Fixes\ps2 textures\OPAQUE\same sha1\chair_tire.bmp.png
chair_tire.bmp_a8cc0756194f220787b133cf0846a68e,C:\Development\Git\Afevis-MGS2-Bugfix-Compilation\Texture Fixes\ps2 textures\OPAQUE\same sha1\chair_tire.bmp_a8cc0756194f220787b133cf0846a68e.png
chi01_msk.bmp,C:\Development\Git\Afevis-MGS2-Bugfix-Compilation\Texture Fixes\ps2 textures\HAS ALPHA\same sha1\chi01_msk.bmp.png
chi02_alp.bmp,C:\Development\Git\Afevis-MGS2-Bugfix-Compilation\Texture Fixes\ps2 textures\HAS ALPHA\same sha1\chi02_alp.bmp.png
chi03_alp.bmp,C:\Development\Git\Afevis-MGS2-Bugfix-Compilation\Texture Fixes\ps2 textures\HAS ALPHA\same sha1\chi03_alp.bmp.png
chi04_alp.bmp,C:\Development\Git\Afevis-MGS2-Bugfix-Compilation\Texture Fixes\ps2 textures\HAS ALPHA\same sha1\chi04_alp.bmp.png
chi05_alp.bmp,C:\Development\Git\Afevis-MGS2-Bugfix-Compilation\Texture Fixes\ps2 textures\HAS ALPHA\same sha1\chi05_alp.bmp.png
chr1_05.bmp,C:\Development\Git\Afevis-MGS2-Bugfix-Compilation\Texture Fixes\ps2 textures\OPAQUE\same sha1\chr1_05.bmp.png
cig_fire_bld100.bmp,C:\Development\Git\Afevis-MGS2-Bugfix-Compilation\Texture Fixes\ps2 textures\OPAQUE\same sha1\cig_fire_bld100.bmp.png
cit_m_glass01.bmp,C:\Development\Git\Afevis-MGS2-Bugfix-Compilation\Texture Fixes\ps2 textures\OPAQUE\same sha1\cit_m_glass01.bmp.png
cit_m_hand03.bmp,C:\Development\Git\Afevis-MGS2-Bugfix-Compilation\Texture Fixes\ps2 textures\OPAQUE\same sha1\cit_m_hand03.bmp.png
class1_alp_ovl.bmp,C:\Development\Git\Afevis-MGS2-Bugfix-Compilation\Texture Fixes\ps2 textures\HAS ALPHA\bp_remade\no_mip_fixes\ui\class1_alp_ovl.bmp.png
class2_alp_ovl.bmp,C:\Development\Git\Afevis-MGS2-Bugfix-Compilation\Texture Fixes\ps2 textures\HAS ALPHA\bp_remade\no_mip_fixes\ui\class2_alp_ovl.bmp.png
class3_alp_ovl.bmp,C:\Development\Git\Afevis-MGS2-Bugfix-Compilation\Texture Fixes\ps2 textures\HAS ALPHA\bp_remade\no_mip_fixes\ui\class3_alp_ovl.bmp.png
clm_sb_st.bmp,C:\Development\Git\Afevis-MGS2-Bugfix-Compilation\Texture Fixes\ps2 textures\OPAQUE\same sha1\clm_sb_st.bmp.png
clr_alp_ovl.bmp,C:\Development\Git\Afevis-MGS2-Bugfix-Compilation\Texture Fixes\ps2 textures\HAS ALPHA\bp_remade\no_mip_fixes\ui\clr_alp_ovl.bmp.png
cls_alp_ovl.bmp,C:\Development\Git\Afevis-MGS2-Bugfix-Compilation\Texture Fixes\ps2 textures\HAS ALPHA\bp_remade\no_mip_fixes\ui\cls_alp_ovl.bmp.png
cls_belt.bmp,C:\Development\Git\Afevis-MGS2-Bugfix-Compilation\Texture Fixes\ps2 textures\OPAQUE\same sha1\cls_belt.bmp.png
cls_sb_bt2.bmp,C:\Development\Git\Afevis-MGS2-Bugfix-Compilation\Texture Fixes\ps2 textures\OPAQUE\same sha1\cls_sb_bt2.bmp.png
cls_sb_bt3.bmp,C:\Development\Git\Afevis-MGS2-Bugfix-Compilation\Texture Fixes\ps2 textures\OPAQUE\same sha1\cls_sb_bt3.bmp.png
cls_sb_pi.bmp,C:\Development\Git\Afevis-MGS2-Bugfix-Compilation\Texture Fixes\ps2 textures\OPAQUE\same sha1\cls_sb_pi.bmp.png
co2_01.bmp,C:\Development\Git\Afevis-MGS2-Bugfix-Compilation\Texture Fixes\ps2 textures\OPAQUE\same sha1\co2_01.bmp.png
co2_04.bmp,C:\Development\Git\Afevis-MGS2-Bugfix-Compilation\Texture Fixes\ps2 textures\OPAQUE\same sha1\co2_04.bmp.png
co2_04b_msk.bmp,C:\Development\Git\Afevis-MGS2-Bugfix-Compilation\Texture Fixes\ps2 textures\HAS ALPHA\same sha1\co2_04b_msk.bmp.png
col1.bmp,C:\Development\Git\Afevis-MGS2-Bugfix-Compilation\Texture Fixes\ps2 textures\OPAQUE\same sha1\col1.bmp.png
col128_add.bmp,C:\Development\Git\Afevis-MGS2-Bugfix-Compilation\Texture Fixes\ps2 textures\OPAQUE\same sha1\col128_add.bmp.png
col256_bld100.bmp,C:\Development\Git\Afevis-MGS2-Bugfix-Compilation\Texture Fixes\ps2 textures\OPAQUE\same sha1\col256_bld100.bmp.png
col_blk.bmp,C:\Development\Git\Afevis-MGS2-Bugfix-Compilation\Texture Fixes\ps2 textures\OPAQUE\same sha1\col_blk.bmp.png
col_blue00.bmp,C:\Development\Git\Afevis-MGS2-Bugfix-Compilation\Texture Fixes\ps2 textures\OPAQUE\same sha1\col_blue00.bmp.png
col_brwn00.bmp,C:\Development\Git\Afevis-MGS2-Bugfix-Compilation\Texture Fixes\ps2 textures\OPAQUE\same sha1\col_brwn00.bmp.png
col_brwn01.bmp,C:\Development\Git\Afevis-MGS2-Bugfix-Compilation\Texture Fixes\ps2 textures\OPAQUE\same sha1\col_brwn01.bmp.png
col_gray20.bmp,C:\Development\Git\Afevis-MGS2-Bugfix-Compilation\Texture Fixes\ps2 textures\OPAQUE\same sha1\col_gray20.bmp.png
col_gray50.bmp,C:\Development\Git\Afevis-MGS2-Bugfix-Compilation\Texture Fixes\ps2 textures\OPAQUE\same sha1\col_gray50.bmp.png
col_green1.bmp,C:\Development\Git\Afevis-MGS2-Bugfix-Compilation\Texture Fixes\ps2 textures\OPAQUE\same sha1\col_green1.bmp.png
col_grey1.bmp,C:\Development\Git\Afevis-MGS2-Bugfix-Compilation\Texture Fixes\ps2 textures\OPAQUE\same sha1\col_grey1.bmp.png
col_grn00.bmp,C:\Development\Git\Afevis-MGS2-Bugfix-Compilation\Texture Fixes\ps2 textures\OPAQUE\same sha1\col_grn00.bmp.png
col_gry008.bmp,C:\Development\Git\Afevis-MGS2-Bugfix-Compilation\Texture Fixes\ps2 textures\OPAQUE\same sha1\col_gry008.bmp.png
col_gry008.bmp_563deb777fff2f667a73a8acaa385975,C:\Development\Git\Afevis-MGS2-Bugfix-Compilation\Texture Fixes\ps2 textures\OPAQUE\same sha1\col_gry008.bmp_563deb777fff2f667a73a8acaa385975.png
col_gry016.bmp,C:\Development\Git\Afevis-MGS2-Bugfix-Compilation\Texture Fixes\ps2 textures\OPAQUE\same sha1\col_gry016.bmp.png
col_gry024.bmp,C:\Development\Git\Afevis-MGS2-Bugfix-Compilation\Texture Fixes\ps2 textures\OPAQUE\same sha1\col_gry024.bmp.png
col_gry024.bmp_13b642f4c31baae9642f984ba25725ad,C:\Development\Git\Afevis-MGS2-Bugfix-Compilation\Texture Fixes\ps2 textures\OPAQUE\same sha1\col_gry024.bmp_13b642f4c31baae9642f984ba25725ad.png
col_gry032.bmp,C:\Development\Git\Afevis-MGS2-Bugfix-Compilation\Texture Fixes\ps2 textures\OPAQUE\same sha1\col_gry032.bmp.png
col_gry034.bmp,C:\Development\Git\Afevis-MGS2-Bugfix-Compilation\Texture Fixes\ps2 textures\OPAQUE\same sha1\col_gry034.bmp.png
col_gry040.bmp,C:\Development\Git\Afevis-MGS2-Bugfix-Compilation\Texture Fixes\ps2 textures\OPAQUE\same sha1\col_gry040.bmp.png
col_gry048.bmp,C:\Development\Git\Afevis-MGS2-Bugfix-Compilation\Texture Fixes\ps2 textures\OPAQUE\same sha1\col_gry048.bmp.png
col_gry056.bmp,C:\Development\Git\Afevis-MGS2-Bugfix-Compilation\Texture Fixes\ps2 textures\OPAQUE\same sha1\col_gry056.bmp.png
col_gry064.bmp,C:\Development\Git\Afevis-MGS2-Bugfix-Compilation\Texture Fixes\ps2 textures\OPAQUE\same sha1\col_gry064.bmp.png
col_gry072.bmp,C:\Development\Git\Afevis-MGS2-Bugfix-Compilation\Texture Fixes\ps2 textures\OPAQUE\same sha1\col_gry072.bmp.png
col_gry080.bmp,C:\Development\Git\Afevis-MGS2-Bugfix-Compilation\Texture Fixes\ps2 textures\OPAQUE\same sha1\col_gry080.bmp.png
col_gry088.bmp,C:\Development\Git\Afevis-MGS2-Bugfix-Compilation\Texture Fixes\ps2 textures\OPAQUE\same sha1\col_gry088.bmp.png
col_gry096.bmp,C:\Development\Git\Afevis-MGS2-Bugfix-Compilation\Texture Fixes\ps2 textures\OPAQUE\same sha1\col_gry096.bmp.png
col_gry104.bmp,C:\Development\Git\Afevis-MGS2-Bugfix-Compilation\Texture Fixes\ps2 textures\OPAQUE\same sha1\col_gry104.bmp.png
col_gry120.bmp,C:\Development\Git\Afevis-MGS2-Bugfix-Compilation\Texture Fixes\ps2 textures\OPAQUE\same sha1\col_gry120.bmp.png
col_gry136.bmp,C:\Development\Git\Afevis-MGS2-Bugfix-Compilation\Texture Fixes\ps2 textures\OPAQUE\same sha1\col_gry136.bmp.png
col_gry144.bmp,C:\Development\Git\Afevis-MGS2-Bugfix-Compilation\Texture Fixes\ps2 textures\OPAQUE\same sha1\col_gry144.bmp.png
col_orange00.bmp,C:\Development\Git\Afevis-MGS2-Bugfix-Compilation\Texture Fixes\ps2 textures\OPAQUE\same sha1\col_orange00.bmp.png
col_orange00.bmp_49cd648f14710fb44aa6a15608f21391,C:\Development\Git\Afevis-MGS2-Bugfix-Compilation\Texture Fixes\ps2 textures\OPAQUE\same sha1\col_orange00.bmp_49cd648f14710fb44aa6a15608f21391.png
col_orange02.bmp,C:\Development\Git\Afevis-MGS2-Bugfix-Compilation\Texture Fixes\ps2 textures\OPAQUE\same sha1\col_orange02.bmp.png
col_orange02.bmp_5fde76a56fc5faf65381a940fcb57771,C:\Development\Git\Afevis-MGS2-Bugfix-Compilation\Texture Fixes\ps2 textures\OPAQUE\same sha1\col_orange02.bmp_5fde76a56fc5faf65381a940fcb57771.png
col_orange02.bmp_cbbe0e131713422ba903ae456fcbe8e2,C:\Development\Git\Afevis-MGS2-Bugfix-Compilation\Texture Fixes\ps2 textures\OPAQUE\same sha1\col_orange02.bmp_cbbe0e131713422ba903ae456fcbe8e2.png
col_orange1.bmp,C:\Development\Git\Afevis-MGS2-Bugfix-Compilation\Texture Fixes\ps2 textures\OPAQUE\same sha1\col_orange1.bmp.png
col_orange2.bmp,C:\Development\Git\Afevis-MGS2-Bugfix-Compilation\Texture Fixes\ps2 textures\OPAQUE\same sha1\col_orange2.bmp.png
col_red00.bmp,C:\Development\Git\Afevis-MGS2-Bugfix-Compilation\Texture Fixes\ps2 textures\OPAQUE\same sha1\col_red00.bmp.png
col_red00.bmp_198c482b135a2c3a90bec693fc0969b1,C:\Development\Git\Afevis-MGS2-Bugfix-Compilation\Texture Fixes\ps2 textures\OPAQUE\same sha1\col_red00.bmp_198c482b135a2c3a90bec693fc0969b1.png
col_red00a.bmp,C:\Development\Git\Afevis-MGS2-Bugfix-Compilation\Texture Fixes\ps2 textures\OPAQUE\bp_remade\col_red00a.bmp.png
col_red01.bmp,C:\Development\Git\Afevis-MGS2-Bugfix-Compilation\Texture Fixes\ps2 textures\OPAQUE\same sha1\col_red01.bmp.png
col_w01agry1.bmp,C:\Development\Git\Afevis-MGS2-Bugfix-Compilation\Texture Fixes\ps2 textures\OPAQUE\same sha1\col_w01agry1.bmp.png
col_w01agry2.bmp,C:\Development\Git\Afevis-MGS2-Bugfix-Compilation\Texture Fixes\ps2 textures\OPAQUE\same sha1\col_w01agry2.bmp.png
col_w01agry3.bmp,C:\Development\Git\Afevis-MGS2-Bugfix-Compilation\Texture Fixes\ps2 textures\OPAQUE\same sha1\col_w01agry3.bmp.png
col_w01agry5.bmp,C:\Development\Git\Afevis-MGS2-Bugfix-Compilation\Texture Fixes\ps2 textures\OPAQUE\same sha1\col_w01agry5.bmp.png
col_w01awht1.bmp,C:\Development\Git\Afevis-MGS2-Bugfix-Compilation\Texture Fixes\ps2 textures\OPAQUE\same sha1\col_w01awht1.bmp.png
col_w01awht2.bmp,C:\Development\Git\Afevis-MGS2-Bugfix-Compilation\Texture Fixes\ps2 textures\OPAQUE\same sha1\col_w01awht2.bmp.png
col_yellow1.bmp,C:\Development\Git\Afevis-MGS2-Bugfix-Compilation\Texture Fixes\ps2 textures\OPAQUE\same sha1\col_yellow1.bmp.png
cray_alp_ovl.bmp,C:\Development\Git\Afevis-MGS2-Bugfix-Compilation\Texture Fixes\ps2 textures\HAS ALPHA\bp_remade\no_mip_fixes\ui\cray_alp_ovl.bmp.png
crd_fa03.bmp,C:\Development\Git\Afevis-MGS2-Bugfix-Compilation\Texture Fixes\ps2 textures\OPAQUE\bp_remade\crd_fa03.bmp.png
crd_ha05b.bmp,C:\Development\Git\Afevis-MGS2-Bugfix-Compilation\Texture Fixes\ps2 textures\OPAQUE\same sha1\crd_ha05b.bmp.png
crd_lit02.bmp,C:\Development\Git\Afevis-MGS2-Bugfix-Compilation\Texture Fixes\ps2 textures\OPAQUE\same sha1\crd_lit02.bmp.png
crd_lit03.bmp,C:\Development\Git\Afevis-MGS2-Bugfix-Compilation\Texture Fixes\ps2 textures\OPAQUE\same sha1\crd_lit03.bmp.png
crd_lit04.bmp,C:\Development\Git\Afevis-MGS2-Bugfix-Compilation\Texture Fixes\ps2 textures\OPAQUE\same sha1\crd_lit04.bmp.png
crd_pp01a.bmp,C:\Development\Git\Afevis-MGS2-Bugfix-Compilation\Texture Fixes\ps2 textures\OPAQUE\bp_remade\crd_pp01a.bmp.png
crd_pp01b.bmp,C:\Development\Git\Afevis-MGS2-Bugfix-Compilation\Texture Fixes\ps2 textures\OPAQUE\same sha1\crd_pp01b.bmp.png
crd_pp01c.bmp,C:\Development\Git\Afevis-MGS2-Bugfix-Compilation\Texture Fixes\ps2 textures\OPAQUE\same sha1\crd_pp01c.bmp.png
crd_pp02.bmp,C:\Development\Git\Afevis-MGS2-Bugfix-Compilation\Texture Fixes\ps2 textures\OPAQUE\bp_remade\crd_pp02.bmp.png
crd_pp02a.bmp,C:\Development\Git\Afevis-MGS2-Bugfix-Compilation\Texture Fixes\ps2 textures\OPAQUE\same sha1\crd_pp02a.bmp.png
crd_pp03.bmp,C:\Development\Git\Afevis-MGS2-Bugfix-Compilation\Texture Fixes\ps2 textures\OPAQUE\same sha1\crd_pp03.bmp.png
crd_pp04.bmp,C:\Development\Git\Afevis-MGS2-Bugfix-Compilation\Texture Fixes\ps2 textures\OPAQUE\same sha1\crd_pp04.bmp.png
crd_pp06.bmp,C:\Development\Git\Afevis-MGS2-Bugfix-Compilation\Texture Fixes\ps2 textures\OPAQUE\same sha1\crd_pp06.bmp.png
crd_pp06a.bmp,C:\Development\Git\Afevis-MGS2-Bugfix-Compilation\Texture Fixes\ps2 textures\OPAQUE\same sha1\crd_pp06a.bmp.png
crd_pp09a.bmp,C:\Development\Git\Afevis-MGS2-Bugfix-Compilation\Texture Fixes\ps2 textures\OPAQUE\same sha1\crd_pp09a.bmp.png
crd_ppb01.bmp,C:\Development\Git\Afevis-MGS2-Bugfix-Compilation\Texture Fixes\ps2 textures\OPAQUE\bp_remade\crd_ppb01.bmp.png
crd_ppb02.bmp,C:\Development\Git\Afevis-MGS2-Bugfix-Compilation\Texture Fixes\ps2 textures\OPAQUE\same sha1\crd_ppb02.bmp.png
crd_ppb03.bmp,C:\Development\Git\Afevis-MGS2-Bugfix-Compilation\Texture Fixes\ps2 textures\OPAQUE\same sha1\crd_ppb03.bmp.png
crd_wa00.bmp,C:\Development\Git\Afevis-MGS2-Bugfix-Compilation\Texture Fixes\ps2 textures\OPAQUE\same sha1\crd_wa00.bmp.png
cre_fuk_alp_ovl.bmp,C:\Development\Git\Afevis-MGS2-Bugfix-Compilation\Texture Fixes\ps2 textures\HAS ALPHA\same sha1\cre_fuk_alp_ovl.bmp.png
cre_g_alp_ovl.bmp,C:\Development\Git\Afevis-MGS2-Bugfix-Compilation\Texture Fixes\ps2 textures\HAS ALPHA\same sha1\cre_g_alp_ovl.bmp.png
cre_met_alp_ovl.bmp,C:\Development\Git\Afevis-MGS2-Bugfix-Compilation\Texture Fixes\ps2 textures\OPAQUE\same sha1\cre_met_alp_ovl.bmp.png
cre_sup.bmp,C:\Development\Git\Afevis-MGS2-Bugfix-Compilation\Texture Fixes\ps2 textures\OPAQUE\same sha1\cre_sup.bmp.png
crg_arm_dead_re.bmp,C:\Development\Git\Afevis-MGS2-Bugfix-Compilation\Texture Fixes\ps2 textures\OPAQUE\bp_remade\crg_arm_dead_re.bmp.png
crg_arm_re_01.bmp,C:\Development\Git\Afevis-MGS2-Bugfix-Compilation\Texture Fixes\ps2 textures\OPAQUE\bp_remade\crg_arm_re_01.bmp.png
crg_belt_dead_re.bmp,C:\Development\Git\Afevis-MGS2-Bugfix-Compilation\Texture Fixes\ps2 textures\OPAQUE\bp_remade\crg_belt_dead_re.bmp.png
crg_belt_ovl_alp_emap_mod1120.bmp,C:\Development\Git\Afevis-MGS2-Bugfix-Compilation\Texture Fixes\ps2 textures\OPAQUE\bp_remade\crg_belt_ovl_alp_emap_mod1120.bmp.png
crg_body_dead.bmp,C:\Development\Git\Afevis-MGS2-Bugfix-Compilation\Texture Fixes\ps2 textures\OPAQUE\bp_remade\crg_body_dead.bmp.png
crg_body_dead_re.bmp,C:\Development\Git\Afevis-MGS2-Bugfix-Compilation\Texture Fixes\ps2 textures\OPAQUE\bp_remade\crg_body_dead_re.bmp.png
crg_body_down.bmp,C:\Development\Git\Afevis-MGS2-Bugfix-Compilation\Texture Fixes\ps2 textures\OPAQUE\bp_remade\crg_body_down.bmp.png
crg_body_ovl_alp_emap_mod1120.bmp,C:\Development\Git\Afevis-MGS2-Bugfix-Compilation\Texture Fixes\ps2 textures\OPAQUE\bp_remade\crg_body_ovl_alp_emap_mod1120.bmp.png
crg_body_up.bmp,C:\Development\Git\Afevis-MGS2-Bugfix-Compilation\Texture Fixes\ps2 textures\OPAQUE\bp_remade\crg_body_up.bmp.png
crg_cap02.bmp,C:\Development\Git\Afevis-MGS2-Bugfix-Compilation\Texture Fixes\ps2 textures\OPAQUE\bp_remade\crg_cap02.bmp.png
crg_cap_eri.bmp,C:\Development\Git\Afevis-MGS2-Bugfix-Compilation\Texture Fixes\ps2 textures\OPAQUE\bp_remade\crg_cap_eri.bmp.png
crg_cap_front_shakp.bmp,C:\Development\Git\Afevis-MGS2-Bugfix-Compilation\Texture Fixes\ps2 textures\OPAQUE\bp_remade\crg_cap_front_shakp.bmp.png
crg_cap_side.bmp,C:\Development\Git\Afevis-MGS2-Bugfix-Compilation\Texture Fixes\ps2 textures\OPAQUE\bp_remade\crg_cap_side.bmp.png
crg_eri3.bmp,C:\Development\Git\Afevis-MGS2-Bugfix-Compilation\Texture Fixes\ps2 textures\OPAQUE\bp_remade\crg_eri3.bmp.png
crg_eye.bmp,C:\Development\Git\Afevis-MGS2-Bugfix-Compilation\Texture Fixes\ps2 textures\OPAQUE\bp_remade\crg_eye.bmp.png
crg_face_dead.bmp,C:\Development\Git\Afevis-MGS2-Bugfix-Compilation\Texture Fixes\ps2 textures\OPAQUE\bp_remade\crg_face_dead.bmp.png
crg_face_dead_re.bmp,C:\Development\Git\Afevis-MGS2-Bugfix-Compilation\Texture Fixes\ps2 textures\OPAQUE\bp_remade\crg_face_dead_re.bmp.png
crg_face_re.bmp,C:\Development\Git\Afevis-MGS2-Bugfix-Compilation\Texture Fixes\ps2 textures\OPAQUE\bp_remade\crg_face_re.bmp.png
crg_hair_l.bmp,C:\Development\Git\Afevis-MGS2-Bugfix-Compilation\Texture Fixes\ps2 textures\OPAQUE\bp_remade\crg_hair_l.bmp.png
crg_hair_r.bmp,C:\Development\Git\Afevis-MGS2-Bugfix-Compilation\Texture Fixes\ps2 textures\OPAQUE\bp_remade\crg_hair_r.bmp.png
crg_hand_ovl_mod1120_alp_emap.bmp,C:\Development\Git\Afevis-MGS2-Bugfix-Compilation\Texture Fixes\ps2 textures\OPAQUE\bp_remade\crg_hand_ovl_mod1120_alp_emap.bmp.png
crg_hand_re.bmp,C:\Development\Git\Afevis-MGS2-Bugfix-Compilation\Texture Fixes\ps2 textures\OPAQUE\bp_remade\crg_hand_re.bmp.png
crg_hi_hf00.bmp,C:\Development\Git\Afevis-MGS2-Bugfix-Compilation\Texture Fixes\ps2 textures\OPAQUE\bp_remade\crg_hi_hf00.bmp.png
crg_hi_hf01.bmp,C:\Development\Git\Afevis-MGS2-Bugfix-Compilation\Texture Fixes\ps2 textures\OPAQUE\bp_remade\crg_hi_hf01.bmp.png
crg_hi_hf02.bmp,C:\Development\Git\Afevis-MGS2-Bugfix-Compilation\Texture Fixes\ps2 textures\OPAQUE\bp_remade\crg_hi_hf02.bmp.png
crg_hi_hf03.bmp,C:\Development\Git\Afevis-MGS2-Bugfix-Compilation\Texture Fixes\ps2 textures\OPAQUE\bp_remade\crg_hi_hf03.bmp.png
crg_kata.bmp,C:\Development\Git\Afevis-MGS2-Bugfix-Compilation\Texture Fixes\ps2 textures\OPAQUE\bp_remade\crg_kata.bmp.png
crg_kata_dead_re.bmp,C:\Development\Git\Afevis-MGS2-Bugfix-Compilation\Texture Fixes\ps2 textures\OPAQUE\bp_remade\crg_kata_dead_re.bmp.png
crg_leg_dead_re.bmp,C:\Development\Git\Afevis-MGS2-Bugfix-Compilation\Texture Fixes\ps2 textures\OPAQUE\bp_remade\crg_leg_dead_re.bmp.png
crg_leg_re.bmp,C:\Development\Git\Afevis-MGS2-Bugfix-Compilation\Texture Fixes\ps2 textures\OPAQUE\bp_remade\crg_leg_re.bmp.png
crg_mouin.bmp,C:\Development\Git\Afevis-MGS2-Bugfix-Compilation\Texture Fixes\ps2 textures\OPAQUE\bp_remade\crg_mouin.bmp.png
crg_neck2.bmp,C:\Development\Git\Afevis-MGS2-Bugfix-Compilation\Texture Fixes\ps2 textures\OPAQUE\bp_remade\crg_neck2.bmp.png
crg_p3_fro.bmp,C:\Development\Git\Afevis-MGS2-Bugfix-Compilation\Texture Fixes\ps2 textures\OPAQUE\bp_remade\crg_p3_fro.bmp.png
crg_p3_side.bmp,C:\Development\Git\Afevis-MGS2-Bugfix-Compilation\Texture Fixes\ps2 textures\OPAQUE\bp_remade\crg_p3_side.bmp.png
crg_rapelsate_8bit.bmp,C:\Development\Git\Afevis-MGS2-Bugfix-Compilation\Texture Fixes\ps2 textures\OPAQUE\bp_remade\crg_rapelsate_8bit.bmp.png
crg_shues.bmp,C:\Development\Git\Afevis-MGS2-Bugfix-Compilation\Texture Fixes\ps2 textures\OPAQUE\bp_remade\crg_shues.bmp.png
crg_shues.bmp_19fd13d78ac0caa8f35b065ffa50fd18,C:\Development\Git\Afevis-MGS2-Bugfix-Compilation\Texture Fixes\ps2 textures\OPAQUE\bp_remade\crg_shues.bmp_19fd13d78ac0caa8f35b065ffa50fd18.png
crg_teeth_d04.bmp,C:\Development\Git\Afevis-MGS2-Bugfix-Compilation\Texture Fixes\ps2 textures\OPAQUE\same sha1\crg_teeth_d04.bmp.png
crg_waistbelt.bmp,C:\Development\Git\Afevis-MGS2-Bugfix-Compilation\Texture Fixes\ps2 textures\OPAQUE\bp_remade\crg_waistbelt.bmp.png
cti_shirts1.bmp,C:\Development\Git\Afevis-MGS2-Bugfix-Compilation\Texture Fixes\ps2 textures\OPAQUE\same sha1\cti_shirts1.bmp.png
ctl_bar01.bmp,C:\Development\Git\Afevis-MGS2-Bugfix-Compilation\Texture Fixes\ps2 textures\OPAQUE\same sha1\ctl_bar01.bmp.png
ctl_panel01.bmp,C:\Development\Git\Afevis-MGS2-Bugfix-Compilation\Texture Fixes\ps2 textures\OPAQUE\bp_remade\ctl_panel01.bmp.png
ctl_panel02.bmp,C:\Development\Git\Afevis-MGS2-Bugfix-Compilation\Texture Fixes\ps2 textures\OPAQUE\bp_remade\ctl_panel02.bmp.png
ctl_panel_side01.bmp,C:\Development\Git\Afevis-MGS2-Bugfix-Compilation\Texture Fixes\ps2 textures\OPAQUE\same sha1\ctl_panel_side01.bmp.png
cyp_body_hg.bmp,C:\Development\Git\Afevis-MGS2-Bugfix-Compilation\Texture Fixes\ps2 textures\OPAQUE\bp_remade\cyp_body_hg.bmp.png
cyp_face.bmp,C:\Development\Git\Afevis-MGS2-Bugfix-Compilation\Texture Fixes\ps2 textures\OPAQUE\bp_remade\cyp_face.bmp.png
cyp_hahen02_alp_ovl.bmp,C:\Development\Git\Afevis-MGS2-Bugfix-Compilation\Texture Fixes\ps2 textures\OPAQUE\same sha1\cyp_hahen02_alp_ovl.bmp.png
cyp_hahen_tank_alp_ovl.bmp,C:\Development\Git\Afevis-MGS2-Bugfix-Compilation\Texture Fixes\ps2 textures\OPAQUE\same sha1\cyp_hahen_tank_alp_ovl.bmp.png
cyp_head.bmp,C:\Development\Git\Afevis-MGS2-Bugfix-Compilation\Texture Fixes\ps2 textures\OPAQUE\bp_remade\cyp_head.bmp.png
cyp_propera_alp.bmp,C:\Development\Git\Afevis-MGS2-Bugfix-Compilation\Texture Fixes\ps2 textures\HAS ALPHA\same sha1\cyp_propera_alp.bmp.png
cyp_tank.bmp,C:\Development\Git\Afevis-MGS2-Bugfix-Compilation\Texture Fixes\ps2 textures\OPAQUE\same sha1\cyp_tank.bmp.png
cyp_temp_tx.bmp,C:\Development\Git\Afevis-MGS2-Bugfix-Compilation\Texture Fixes\ps2 textures\OPAQUE\bp_remade\cyp_temp_tx.bmp.png
d00a_ceil_lit1_add_alp.bmp,C:\Development\Git\Afevis-MGS2-Bugfix-Compilation\Texture Fixes\ps2 textures\OPAQUE\same sha1\d00a_ceil_lit1_add_alp.bmp.png
d00a_citylight_alp_ovl.bmp,C:\Development\Git\Afevis-MGS2-Bugfix-Compilation\Texture Fixes\ps2 textures\HAS ALPHA\same sha1\d00a_citylight_alp_ovl.bmp.png
d00a_gaitou_bonbori_add_alp.bmp,C:\Development\Git\Afevis-MGS2-Bugfix-Compilation\Texture Fixes\ps2 textures\HAS ALPHA\same sha1\d00a_gaitou_bonbori_add_alp.bmp.png
d00a_gaitou_hl_add_alp_ovl.bmp,C:\Development\Git\Afevis-MGS2-Bugfix-Compilation\Texture Fixes\ps2 textures\HAS ALPHA\same sha1\d00a_gaitou_hl_add_alp_ovl.bmp.png
d00a_hodou_t1.bmp,C:\Development\Git\Afevis-MGS2-Bugfix-Compilation\Texture Fixes\ps2 textures\OPAQUE\bp_remade\d00a_hodou_t1.bmp.png
d00a_rood_u1.bmp,C:\Development\Git\Afevis-MGS2-Bugfix-Compilation\Texture Fixes\ps2 textures\OPAQUE\same sha1\d00a_rood_u1.bmp.png
d00a_woods_alp_ovl.bmp,C:\Development\Git\Afevis-MGS2-Bugfix-Compilation\Texture Fixes\ps2 textures\HAS ALPHA\same sha1\d00a_woods_alp_ovl.bmp.png
d_chinden_alp_ovl.bmp,C:\Development\Git\Afevis-MGS2-Bugfix-Compilation\Texture Fixes\ps2 textures\HAS ALPHA\bp_remade\no_mip_fixes\ui\d_chinden_alp_ovl.bmp.png
d_oil_ref_add_alp_ovl_mod1120.bmp,C:\Development\Git\Afevis-MGS2-Bugfix-Compilation\Texture Fixes\ps2 textures\OPAQUE\same sha1\d_oil_ref_add_alp_ovl_mod1120.bmp.png
d_oil_sea_alp_ovl_mod0222.bmp,C:\Development\Git\Afevis-MGS2-Bugfix-Compilation\Texture Fixes\ps2 textures\OPAQUE\same sha1\d_oil_sea_alp_ovl_mod0222.bmp.png
d_sky_hasira_alp.bmp,C:\Development\Git\Afevis-MGS2-Bugfix-Compilation\Texture Fixes\ps2 textures\HAS ALPHA\same sha1\d_sky_hasira_alp.bmp.png
dankon2_alp.bmp,C:\Development\Git\Afevis-MGS2-Bugfix-Compilation\Texture Fixes\ps2 textures\HAS ALPHA\same sha1\dankon2_alp.bmp.png
dark_alp_ovl.bmp,C:\Development\Git\Afevis-MGS2-Bugfix-Compilation\Texture Fixes\ps2 textures\HAS ALPHA\same sha1\dark_alp_ovl.bmp.png
dbg_gbox_f.bmp,C:\Development\Git\Afevis-MGS2-Bugfix-Compilation\Texture Fixes\ps2 textures\OPAQUE\bp_remade\dbg_gbox_f.bmp.png
dbg_gbox_s.bmp,C:\Development\Git\Afevis-MGS2-Bugfix-Compilation\Texture Fixes\ps2 textures\OPAQUE\bp_remade\dbg_gbox_s.bmp.png
dbg_gbox_t.bmp,C:\Development\Git\Afevis-MGS2-Bugfix-Compilation\Texture Fixes\ps2 textures\OPAQUE\bp_remade\dbg_gbox_t.bmp.png
dbx_dust_alp_ovl.bmp,C:\Development\Git\Afevis-MGS2-Bugfix-Compilation\Texture Fixes\ps2 textures\HAS ALPHA\same sha1\dbx_dust_alp_ovl.bmp.png
dbx_gls1.bmp,C:\Development\Git\Afevis-MGS2-Bugfix-Compilation\Texture Fixes\ps2 textures\OPAQUE\same sha1\dbx_gls1.bmp.png
de_renraku_alp_ovl.bmp,C:\Development\Git\Afevis-MGS2-Bugfix-Compilation\Texture Fixes\ps2 textures\HAS ALPHA\bp_remade\no_mip_fixes\ui\de_renraku_alp_ovl.bmp.png
dead_fish_hire02_alp.bmp,C:\Development\Git\Afevis-MGS2-Bugfix-Compilation\Texture Fixes\ps2 textures\HAS ALPHA\same sha1\dead_fish_hire02_alp.bmp.png
dead_fish_hire04_alp.bmp,C:\Development\Git\Afevis-MGS2-Bugfix-Compilation\Texture Fixes\ps2 textures\HAS ALPHA\same sha1\dead_fish_hire04_alp.bmp.png
dekisi_alp_ovl.bmp,C:\Development\Git\Afevis-MGS2-Bugfix-Compilation\Texture Fixes\ps2 textures\OPAQUE\bp_remade\no_mip_fixes\ui\dekisi_alp_ovl.bmp.png
demo_teng_blood_02_alp_ovl.bmp,C:\Development\Git\Afevis-MGS2-Bugfix-Compilation\Texture Fixes\ps2 textures\HAS ALPHA\same sha1\demo_teng_blood_02_alp_ovl.bmp.png
demo_teng_blood_03_alp_ovl.bmp,C:\Development\Git\Afevis-MGS2-Bugfix-Compilation\Texture Fixes\ps2 textures\HAS ALPHA\same sha1\demo_teng_blood_03_alp_ovl.bmp.png
demo_teng_blood_04_alp_ovl.bmp,C:\Development\Git\Afevis-MGS2-Bugfix-Compilation\Texture Fixes\ps2 textures\HAS ALPHA\same sha1\demo_teng_blood_04_alp_ovl.bmp.png
demo_teng_blood_05_alp_ovl.bmp,C:\Development\Git\Afevis-MGS2-Bugfix-Compilation\Texture Fixes\ps2 textures\HAS ALPHA\same sha1\demo_teng_blood_05_alp_ovl.bmp.png
demo_teng_blood_06_alp_ovl.bmp,C:\Development\Git\Afevis-MGS2-Bugfix-Compilation\Texture Fixes\ps2 textures\HAS ALPHA\same sha1\demo_teng_blood_06_alp_ovl.bmp.png
demo_usp_supressor.bmp,C:\Development\Git\Afevis-MGS2-Bugfix-Compilation\Texture Fixes\ps2 textures\OPAQUE\bp_remade\demo_usp_supressor.bmp.png
densou_font_alp_ovl.bmp,C:\Development\Git\Afevis-MGS2-Bugfix-Compilation\Texture Fixes\ps2 textures\HAS ALPHA\bp_remade\no_mip_fixes\ui\densou_font_alp_ovl.bmp.png
dg_renraku_alp_ovl.bmp,C:\Development\Git\Afevis-MGS2-Bugfix-Compilation\Texture Fixes\ps2 textures\HAS ALPHA\bp_remade\no_mip_fixes\ui\dg_renraku_alp_ovl.bmp.png
di_ki_bu.bmp,C:\Development\Git\Afevis-MGS2-Bugfix-Compilation\Texture Fixes\ps2 textures\OPAQUE\bp_remade\di_ki_bu.bmp.png
di_wall1_da.bmp,C:\Development\Git\Afevis-MGS2-Bugfix-Compilation\Texture Fixes\ps2 textures\OPAQUE\bp_remade\di_wall1_da.bmp.png
di_wall1_up.bmp,C:\Development\Git\Afevis-MGS2-Bugfix-Compilation\Texture Fixes\ps2 textures\OPAQUE\bp_remade\di_wall1_up.bmp.png
dinyukafuta2.bmp,C:\Development\Git\Afevis-MGS2-Bugfix-Compilation\Texture Fixes\ps2 textures\OPAQUE\bp_remade\dinyukafuta2.bmp.png
dish_tx_alp.bmp,C:\Development\Git\Afevis-MGS2-Bugfix-Compilation\Texture Fixes\ps2 textures\HAS ALPHA\same sha1\dish_tx_alp.bmp.png
dmp_alp_ovl.bmp,C:\Development\Git\Afevis-MGS2-Bugfix-Compilation\Texture Fixes\ps2 textures\HAS ALPHA\bp_remade\no_mip_fixes\ui\dmp_alp_ovl.bmp.png
dmp_headphones_03.bmp,C:\Development\Git\Afevis-MGS2-Bugfix-Compilation\Texture Fixes\ps2 textures\OPAQUE\same sha1\dmp_headphones_03.bmp.png
dmp_sb2.bmp,C:\Development\Git\Afevis-MGS2-Bugfix-Compilation\Texture Fixes\ps2 textures\OPAQUE\bp_remade\dmp_sb2.bmp.png
dmp_sb2_box.bmp,C:\Development\Git\Afevis-MGS2-Bugfix-Compilation\Texture Fixes\ps2 textures\OPAQUE\bp_remade\dmp_sb2_box.bmp.png
dmp_sb_body.bmp,C:\Development\Git\Afevis-MGS2-Bugfix-Compilation\Texture Fixes\ps2 textures\OPAQUE\bp_remade\dmp_sb_body.bmp.png
dmp_sb_grip.bmp,C:\Development\Git\Afevis-MGS2-Bugfix-Compilation\Texture Fixes\ps2 textures\OPAQUE\bp_remade\dmp_sb_grip.bmp.png
dmp_sb_mc.bmp,C:\Development\Git\Afevis-MGS2-Bugfix-Compilation\Texture Fixes\ps2 textures\OPAQUE\bp_remade\dmp_sb_mc.bmp.png
dmp_sb_mc2.bmp,C:\Development\Git\Afevis-MGS2-Bugfix-Compilation\Texture Fixes\ps2 textures\OPAQUE\bp_remade\dmp_sb_mc2.bmp.png
dmp_sb_pi.bmp,C:\Development\Git\Afevis-MGS2-Bugfix-Compilation\Texture Fixes\ps2 textures\OPAQUE\bp_remade\dmp_sb_pi.bmp.png
dnjv_f1.bmp,C:\Development\Git\Afevis-MGS2-Bugfix-Compilation\Texture Fixes\ps2 textures\OPAQUE\same sha1\dnjv_f1.bmp.png
dog_alp_ovl.bmp,C:\Development\Git\Afevis-MGS2-Bugfix-Compilation\Texture Fixes\ps2 textures\HAS ALPHA\bp_remade\no_mip_fixes\ui\dog_alp_ovl.bmp.png
dogtag_chain03_alp_ovl.bmp,C:\Development\Git\Afevis-MGS2-Bugfix-Compilation\Texture Fixes\ps2 textures\HAS ALPHA\same sha1\dogtag_chain03_alp_ovl.bmp.png
door_a00b.bmp,C:\Development\Git\Afevis-MGS2-Bugfix-Compilation\Texture Fixes\ps2 textures\OPAQUE\same sha1\door_a00b.bmp.png
door_a00c.bmp,C:\Development\Git\Afevis-MGS2-Bugfix-Compilation\Texture Fixes\ps2 textures\OPAQUE\same sha1\door_a00c.bmp.png
door_afl00c.bmp,C:\Development\Git\Afevis-MGS2-Bugfix-Compilation\Texture Fixes\ps2 textures\OPAQUE\bp_remade\door_afl00c.bmp.png
door_c00.bmp,C:\Development\Git\Afevis-MGS2-Bugfix-Compilation\Texture Fixes\ps2 textures\OPAQUE\bp_remade\door_c00.bmp.png
door_d00.bmp,C:\Development\Git\Afevis-MGS2-Bugfix-Compilation\Texture Fixes\ps2 textures\OPAQUE\bp_remade\door_d00.bmp.png
dr_02.bmp,C:\Development\Git\Afevis-MGS2-Bugfix-Compilation\Texture Fixes\ps2 textures\OPAQUE\same sha1\dr_02.bmp.png
drill_02.bmp,C:\Development\Git\Afevis-MGS2-Bugfix-Compilation\Texture Fixes\ps2 textures\OPAQUE\same sha1\drill_02.bmp.png
drlit_00.bmp,C:\Development\Git\Afevis-MGS2-Bugfix-Compilation\Texture Fixes\ps2 textures\OPAQUE\same sha1\drlit_00.bmp.png
drlit_00_brk.bmp,C:\Development\Git\Afevis-MGS2-Bugfix-Compilation\Texture Fixes\ps2 textures\OPAQUE\same sha1\drlit_00_brk.bmp.png
drlit_00r.bmp,C:\Development\Git\Afevis-MGS2-Bugfix-Compilation\Texture Fixes\ps2 textures\OPAQUE\same sha1\drlit_00r.bmp.png
drlit_02.bmp,C:\Development\Git\Afevis-MGS2-Bugfix-Compilation\Texture Fixes\ps2 textures\OPAQUE\bp_remade\drlit_02.bmp.png
drlit_02a.bmp,C:\Development\Git\Afevis-MGS2-Bugfix-Compilation\Texture Fixes\ps2 textures\OPAQUE\bp_remade\drlit_02a.bmp.png
drlit_02a_brk.bmp,C:\Development\Git\Afevis-MGS2-Bugfix-Compilation\Texture Fixes\ps2 textures\OPAQUE\same sha1\drlit_02a_brk.bmp.png
drop01_alp2_mod1021.bmp,C:\Development\Git\Afevis-MGS2-Bugfix-Compilation\Texture Fixes\ps2 textures\HAS ALPHA\same sha1\drop01_alp2_mod1021.bmp.png
drop01_alp_mod1201.bmp,C:\Development\Git\Afevis-MGS2-Bugfix-Compilation\Texture Fixes\ps2 textures\HAS ALPHA\same sha1\drop01_alp_mod1201.bmp.png
drop01_msk.bmp,C:\Development\Git\Afevis-MGS2-Bugfix-Compilation\Texture Fixes\ps2 textures\HAS ALPHA\same sha1\drop01_msk.bmp.png
drop02_msk.bmp,C:\Development\Git\Afevis-MGS2-Bugfix-Compilation\Texture Fixes\ps2 textures\HAS ALPHA\same sha1\drop02_msk.bmp.png
drp_00.bmp,C:\Development\Git\Afevis-MGS2-Bugfix-Compilation\Texture Fixes\ps2 textures\OPAQUE\bp_remade\drp_00.bmp.png
drp_00b.bmp,C:\Development\Git\Afevis-MGS2-Bugfix-Compilation\Texture Fixes\ps2 textures\OPAQUE\bp_remade\drp_00b.bmp.png
drp_01.bmp,C:\Development\Git\Afevis-MGS2-Bugfix-Compilation\Texture Fixes\ps2 textures\OPAQUE\bp_remade\drp_01.bmp.png
dtdv_side_01.bmp,C:\Development\Git\Afevis-MGS2-Bugfix-Compilation\Texture Fixes\ps2 textures\OPAQUE\bp_remade\dtdv_side_01.bmp.png
dtdv_top.bmp,C:\Development\Git\Afevis-MGS2-Bugfix-Compilation\Texture Fixes\ps2 textures\OPAQUE\same sha1\dtdv_top.bmp.png
dtsw_tex01.bmp,C:\Development\Git\Afevis-MGS2-Bugfix-Compilation\Texture Fixes\ps2 textures\OPAQUE\same sha1\dtsw_tex01.bmp.png
e_heliport_alp_ovl.bmp,C:\Development\Git\Afevis-MGS2-Bugfix-Compilation\Texture Fixes\ps2 textures\HAS ALPHA\bp_remade\no_mip_fixes\ui\e_heliport_alp_ovl.bmp.png
e_shuhai_1f_alp_ovl.bmp,C:\Development\Git\Afevis-MGS2-Bugfix-Compilation\Texture Fixes\ps2 textures\HAS ALPHA\bp_remade\no_mip_fixes\ui\e_shuhai_1f_alp_ovl.bmp.png
e_shuhai_2f_alp_ovl.bmp,C:\Development\Git\Afevis-MGS2-Bugfix-Compilation\Texture Fixes\ps2 textures\HAS ALPHA\bp_remade\no_mip_fixes\ui\e_shuhai_2f_alp_ovl.bmp.png
e_shuhai_alp_ovl.bmp,C:\Development\Git\Afevis-MGS2-Bugfix-Compilation\Texture Fixes\ps2 textures\HAS ALPHA\bp_remade\no_mip_fixes\ui\e_shuhai_alp_ovl.bmp.png
e_shuhai_b1_alp_ovl.bmp,C:\Development\Git\Afevis-MGS2-Bugfix-Compilation\Texture Fixes\ps2 textures\HAS ALPHA\bp_remade\no_mip_fixes\ui\e_shuhai_b1_alp_ovl.bmp.png
e_sky_cld_sun_01_alp.bmp,C:\Development\Git\Afevis-MGS2-Bugfix-Compilation\Texture Fixes\ps2 textures\HAS ALPHA\same sha1\e_sky_cld_sun_01_alp.bmp.png
e_sky_cld_sun_02_alp.bmp,C:\Development\Git\Afevis-MGS2-Bugfix-Compilation\Texture Fixes\ps2 textures\HAS ALPHA\same sha1\e_sky_cld_sun_02_alp.bmp.png
e_sky_cld_sun_03_alp.bmp,C:\Development\Git\Afevis-MGS2-Bugfix-Compilation\Texture Fixes\ps2 textures\HAS ALPHA\same sha1\e_sky_cld_sun_03_alp.bmp.png
e_sky_cld_sun_04_alp.bmp,C:\Development\Git\Afevis-MGS2-Bugfix-Compilation\Texture Fixes\ps2 textures\HAS ALPHA\same sha1\e_sky_cld_sun_04_alp.bmp.png
ef_renraku_alp_ovl.bmp,C:\Development\Git\Afevis-MGS2-Bugfix-Compilation\Texture Fixes\ps2 textures\HAS ALPHA\bp_remade\no_mip_fixes\ui\ef_renraku_alp_ovl.bmp.png
elv1_flr1.bmp,C:\Development\Git\Afevis-MGS2-Bugfix-Compilation\Texture Fixes\ps2 textures\OPAQUE\bp_remade\elv1_flr1.bmp.png
elvt_floor3.bmp,C:\Development\Git\Afevis-MGS2-Bugfix-Compilation\Texture Fixes\ps2 textures\OPAQUE\bp_remade\elvt_floor3.bmp.png
elvt_floor4.bmp,C:\Development\Git\Afevis-MGS2-Bugfix-Compilation\Texture Fixes\ps2 textures\OPAQUE\bp_remade\elvt_floor4.bmp.png
elvt_floor5.bmp,C:\Development\Git\Afevis-MGS2-Bugfix-Compilation\Texture Fixes\ps2 textures\OPAQUE\bp_remade\elvt_floor5.bmp.png
ema_chest_ovl_mod1120_alp_emap.bmp,C:\Development\Git\Afevis-MGS2-Bugfix-Compilation\Texture Fixes\ps2 textures\OPAQUE\same sha1\ema_chest_ovl_mod1120_alp_emap.bmp.png
ema_died_alp_ovl.bmp,C:\Development\Git\Afevis-MGS2-Bugfix-Compilation\Texture Fixes\ps2 textures\OPAQUE\bp_remade\no_mip_fixes\ui\ema_died_alp_ovl.bmp.png
ema_f_ovl_mod1120_alp_emap.bmp,C:\Development\Git\Afevis-MGS2-Bugfix-Compilation\Texture Fixes\ps2 textures\OPAQUE\same sha1\ema_f_ovl_mod1120_alp_emap.bmp.png
ema_fd_ovl_mod1120_alp_emap.bmp,C:\Development\Git\Afevis-MGS2-Bugfix-Compilation\Texture Fixes\ps2 textures\OPAQUE\same sha1\ema_fd_ovl_mod1120_alp_emap.bmp.png
ema_g_ovl_mod1120_alp_emap.bmp,C:\Development\Git\Afevis-MGS2-Bugfix-Compilation\Texture Fixes\ps2 textures\OPAQUE\same sha1\ema_g_ovl_mod1120_alp_emap.bmp.png
ema_glasses_alp_ovl.bmp,C:\Development\Git\Afevis-MGS2-Bugfix-Compilation\Texture Fixes\ps2 textures\HAS ALPHA\same sha1\ema_glasses_alp_ovl.bmp.png
ema_glassf2_alp_ovl.bmp,C:\Development\Git\Afevis-MGS2-Bugfix-Compilation\Texture Fixes\ps2 textures\HAS ALPHA\same sha1\ema_glassf2_alp_ovl.bmp.png
ema_glassf_alp_ovl.bmp,C:\Development\Git\Afevis-MGS2-Bugfix-Compilation\Texture Fixes\ps2 textures\HAS ALPHA\same sha1\ema_glassf_alp_ovl.bmp.png
ema_hashi.bmp,C:\Development\Git\Afevis-MGS2-Bugfix-Compilation\Texture Fixes\ps2 textures\OPAQUE\same sha1\ema_hashi.bmp.png
ema_hi_finger.bmp,C:\Development\Git\Afevis-MGS2-Bugfix-Compilation\Texture Fixes\ps2 textures\OPAQUE\same sha1\ema_hi_finger.bmp.png
ema_idrope.bmp,C:\Development\Git\Afevis-MGS2-Bugfix-Compilation\Texture Fixes\ps2 textures\OPAQUE\same sha1\ema_idrope.bmp.png
ema_reback_hair_ovl_alp.bmp,C:\Development\Git\Afevis-MGS2-Bugfix-Compilation\Texture Fixes\ps2 textures\HAS ALPHA\same sha1\ema_reback_hair_ovl_alp.bmp.png
ema_tag2.bmp,C:\Development\Git\Afevis-MGS2-Bugfix-Compilation\Texture Fixes\ps2 textures\OPAQUE\same sha1\ema_tag2.bmp.png
ema_tag2_alp_ovl.bmp,C:\Development\Git\Afevis-MGS2-Bugfix-Compilation\Texture Fixes\ps2 textures\HAS ALPHA\same sha1\ema_tag2_alp_ovl.bmp.png
ema_waist2_ovl_mod1120_alp_emap.bmp,C:\Development\Git\Afevis-MGS2-Bugfix-Compilation\Texture Fixes\ps2 textures\OPAQUE\same sha1\ema_waist2_ovl_mod1120_alp_emap.bmp.png
empty_alp_ovl.bmp,C:\Development\Git\Afevis-MGS2-Bugfix-Compilation\Texture Fixes\ps2 textures\HAS ALPHA\bp_remade\no_mip_fixes\ui\empty_alp_ovl.bmp.png
emt.bmp,C:\Development\Git\Afevis-MGS2-Bugfix-Compilation\Texture Fixes\ps2 textures\OPAQUE\bp_remade\emt.bmp.png
entyou_oil_sea.bmp,C:\Development\Git\Afevis-MGS2-Bugfix-Compilation\Texture Fixes\ps2 textures\OPAQUE\same sha1\entyou_oil_sea.bmp.png
env00_bridge2.bmp,C:\Development\Git\Afevis-MGS2-Bugfix-Compilation\Texture Fixes\ps2 textures\OPAQUE\same sha1\env00_bridge2.bmp.png
env00_brk1_alp_ovl.bmp,C:\Development\Git\Afevis-MGS2-Bugfix-Compilation\Texture Fixes\ps2 textures\HAS ALPHA\same sha1\env00_brk1_alp_ovl.bmp.png
env00_brk3_alp_ovl.bmp,C:\Development\Git\Afevis-MGS2-Bugfix-Compilation\Texture Fixes\ps2 textures\HAS ALPHA\same sha1\env00_brk3_alp_ovl.bmp.png
env00_factory1.bmp,C:\Development\Git\Afevis-MGS2-Bugfix-Compilation\Texture Fixes\ps2 textures\OPAQUE\same sha1\env00_factory1.bmp.png
env01a_msk.bmp,C:\Development\Git\Afevis-MGS2-Bugfix-Compilation\Texture Fixes\ps2 textures\OPAQUE\same sha1\env01a_msk.bmp.png
env01b_msk.bmp,C:\Development\Git\Afevis-MGS2-Bugfix-Compilation\Texture Fixes\ps2 textures\OPAQUE\same sha1\env01b_msk.bmp.png
eva_alp_ovl.bmp,C:\Development\Git\Afevis-MGS2-Bugfix-Compilation\Texture Fixes\ps2 textures\HAS ALPHA\bp_remade\no_mip_fixes\ui\eva_alp_ovl.bmp.png
evlamp_alp_ovl.bmp,C:\Development\Git\Afevis-MGS2-Bugfix-Compilation\Texture Fixes\ps2 textures\HAS ALPHA\same sha1\evlamp_alp_ovl.bmp.png
evlamp_u.bmp,C:\Development\Git\Afevis-MGS2-Bugfix-Compilation\Texture Fixes\ps2 textures\OPAQUE\same sha1\evlamp_u.bmp.png
evt1_seal1_alp_ovl.bmp,C:\Development\Git\Afevis-MGS2-Bugfix-Compilation\Texture Fixes\ps2 textures\HAS ALPHA\same sha1\evt1_seal1_alp_ovl.bmp.png
exit_alp_add_ovl.bmp,C:\Development\Git\Afevis-MGS2-Bugfix-Compilation\Texture Fixes\ps2 textures\HAS ALPHA\bp_remade\no_mip_fixes\ui\exit_alp_add_ovl.bmp.png
exit_alp_ovl.bmp,C:\Development\Git\Afevis-MGS2-Bugfix-Compilation\Texture Fixes\ps2 textures\HAS ALPHA\bp_remade\no_mip_fixes\ui\exit_alp_ovl.bmp.png
exit_alp_ovl.bmp_2e80fcdf52d4e88c977557d852b3bb00,C:\Development\Git\Afevis-MGS2-Bugfix-Compilation\Texture Fixes\ps2 textures\HAS ALPHA\bp_remade\no_mip_fixes\ui\exit_alp_ovl.bmp_2e80fcdf52d4e88c977557d852b3bb00.png
exit_alp_ovl.bmp_6caebe23bde6080a351ba6c3fd17f622,C:\Development\Git\Afevis-MGS2-Bugfix-Compilation\Texture Fixes\ps2 textures\HAS ALPHA\bp_remade\no_mip_fixes\ui\exit_alp_ovl.bmp_6caebe23bde6080a351ba6c3fd17f622.png
exit_alp_ovl.bmp_794456ba9bbbfd3e16cf3cf4157c6d56,C:\Development\Git\Afevis-MGS2-Bugfix-Compilation\Texture Fixes\ps2 textures\HAS ALPHA\bp_remade\no_mip_fixes\ui\exit_alp_ovl.bmp_794456ba9bbbfd3e16cf3cf4157c6d56.png
exit_alp_ovl.bmp_7f9196f232454b86ef93cc3591f1f2ab,C:\Development\Git\Afevis-MGS2-Bugfix-Compilation\Texture Fixes\ps2 textures\HAS ALPHA\bp_remade\no_mip_fixes\ui\exit_alp_ovl.bmp_7f9196f232454b86ef93cc3591f1f2ab.png
eyes_kyoro.bmp,C:\Development\Git\Afevis-MGS2-Bugfix-Compilation\Texture Fixes\ps2 textures\OPAQUE\bp_remade\eyes_kyoro.bmp.png
f_searing.bmp,C:\Development\Git\Afevis-MGS2-Bugfix-Compilation\Texture Fixes\ps2 textures\OPAQUE\same sha1\f_searing.bmp.png
f_souko_1f_alp_ovl.bmp,C:\Development\Git\Afevis-MGS2-Bugfix-Compilation\Texture Fixes\ps2 textures\HAS ALPHA\bp_remade\no_mip_fixes\ui\f_souko_1f_alp_ovl.bmp.png
f_souko_alp_ovl.bmp,C:\Development\Git\Afevis-MGS2-Bugfix-Compilation\Texture Fixes\ps2 textures\HAS ALPHA\bp_remade\no_mip_fixes\ui\f_souko_alp_ovl.bmp.png
f_souko_b1_alp_ovl.bmp,C:\Development\Git\Afevis-MGS2-Bugfix-Compilation\Texture Fixes\ps2 textures\HAS ALPHA\bp_remade\no_mip_fixes\ui\f_souko_b1_alp_ovl.bmp.png
f_syaft.bmp,C:\Development\Git\Afevis-MGS2-Bugfix-Compilation\Texture Fixes\ps2 textures\OPAQUE\same sha1\f_syaft.bmp.png
fa_renraku_alp_ovl.bmp,C:\Development\Git\Afevis-MGS2-Bugfix-Compilation\Texture Fixes\ps2 textures\HAS ALPHA\bp_remade\no_mip_fixes\ui\fa_renraku_alp_ovl.bmp.png
fade.bmp,C:\Development\Git\Afevis-MGS2-Bugfix-Compilation\Texture Fixes\ps2 textures\OPAQUE\same sha1\fade.bmp.png
fade_out_alp.bmp,C:\Development\Git\Afevis-MGS2-Bugfix-Compilation\Texture Fixes\ps2 textures\HAS ALPHA\same sha1\fade_out_alp.bmp.png
fake_exit_alp_ovl.bmp,C:\Development\Git\Afevis-MGS2-Bugfix-Compilation\Texture Fixes\ps2 textures\HAS ALPHA\bp_remade\no_mip_fixes\ui\fake_exit_alp_ovl.bmp.png
fall_alp_ovl.bmp,C:\Development\Git\Afevis-MGS2-Bugfix-Compilation\Texture Fixes\ps2 textures\OPAQUE\bp_remade\no_mip_fixes\ui\fall_alp_ovl.bmp.png
fat_allarm.bmp,C:\Development\Git\Afevis-MGS2-Bugfix-Compilation\Texture Fixes\ps2 textures\OPAQUE\bp_remade\fat_allarm.bmp.png
fat_allarm_st2.bmp,C:\Development\Git\Afevis-MGS2-Bugfix-Compilation\Texture Fixes\ps2 textures\OPAQUE\bp_remade\fat_allarm_st2.bmp.png
fat_allleg.bmp,C:\Development\Git\Afevis-MGS2-Bugfix-Compilation\Texture Fixes\ps2 textures\OPAQUE\bp_remade\fat_allleg.bmp.png
fat_arm_belt.bmp,C:\Development\Git\Afevis-MGS2-Bugfix-Compilation\Texture Fixes\ps2 textures\OPAQUE\bp_remade\fat_arm_belt.bmp.png
fat_belt.bmp,C:\Development\Git\Afevis-MGS2-Bugfix-Compilation\Texture Fixes\ps2 textures\OPAQUE\bp_remade\fat_belt.bmp.png
fat_calf.bmp,C:\Development\Git\Afevis-MGS2-Bugfix-Compilation\Texture Fixes\ps2 textures\OPAQUE\bp_remade\fat_calf.bmp.png
fat_ep_re.bmp,C:\Development\Git\Afevis-MGS2-Bugfix-Compilation\Texture Fixes\ps2 textures\OPAQUE\bp_remade\fat_ep_re.bmp.png
fat_epron3_ovl_alp_mod1120_emap.bmp,C:\Development\Git\Afevis-MGS2-Bugfix-Compilation\Texture Fixes\ps2 textures\OPAQUE\bp_remade\fat_epron3_ovl_alp_mod1120_emap.bmp.png
fat_eptes.bmp,C:\Development\Git\Afevis-MGS2-Bugfix-Compilation\Texture Fixes\ps2 textures\OPAQUE\bp_remade\fat_eptes.bmp.png
fat_eri_back.bmp,C:\Development\Git\Afevis-MGS2-Bugfix-Compilation\Texture Fixes\ps2 textures\OPAQUE\bp_remade\fat_eri_back.bmp.png
fat_eri_front.bmp,C:\Development\Git\Afevis-MGS2-Bugfix-Compilation\Texture Fixes\ps2 textures\OPAQUE\bp_remade\fat_eri_front.bmp.png
fat_eri_side.bmp,C:\Development\Git\Afevis-MGS2-Bugfix-Compilation\Texture Fixes\ps2 textures\OPAQUE\bp_remade\fat_eri_side.bmp.png
fat_eri_side_in.bmp,C:\Development\Git\Afevis-MGS2-Bugfix-Compilation\Texture Fixes\ps2 textures\OPAQUE\bp_remade\fat_eri_side_in.bmp.png
fat_eye.bmp,C:\Development\Git\Afevis-MGS2-Bugfix-Compilation\Texture Fixes\ps2 textures\OPAQUE\bp_remade\fat_eye.bmp.png
fat_eye_re.bmp,C:\Development\Git\Afevis-MGS2-Bugfix-Compilation\Texture Fixes\ps2 textures\OPAQUE\bp_remade\fat_eye_re.bmp.png
fat_face.bmp,C:\Development\Git\Afevis-MGS2-Bugfix-Compilation\Texture Fixes\ps2 textures\OPAQUE\bp_remade\fat_face.bmp.png
fat_face_re.bmp,C:\Development\Git\Afevis-MGS2-Bugfix-Compilation\Texture Fixes\ps2 textures\OPAQUE\bp_remade\fat_face_re.bmp.png
fat_face_re.bmp_a65902de0116b1a4ce6a1647e832d293,C:\Development\Git\Afevis-MGS2-Bugfix-Compilation\Texture Fixes\ps2 textures\OPAQUE\bp_remade\fat_face_re.bmp_a65902de0116b1a4ce6a1647e832d293.png
fat_glg_hlst.bmp,C:\Development\Git\Afevis-MGS2-Bugfix-Compilation\Texture Fixes\ps2 textures\OPAQUE\bp_remade\fat_glg_hlst.bmp.png
fat_glg_hlst_side.bmp,C:\Development\Git\Afevis-MGS2-Bugfix-Compilation\Texture Fixes\ps2 textures\OPAQUE\bp_remade\fat_glg_hlst_side.bmp.png
fat_hand.bmp,C:\Development\Git\Afevis-MGS2-Bugfix-Compilation\Texture Fixes\ps2 textures\OPAQUE\bp_remade\fat_hand.bmp.png
fat_hand_alp_ovl_emap_mod1120.bmp,C:\Development\Git\Afevis-MGS2-Bugfix-Compilation\Texture Fixes\ps2 textures\OPAQUE\bp_remade\fat_hand_alp_ovl_emap_mod1120.bmp.png
fat_hi_finger.bmp,C:\Development\Git\Afevis-MGS2-Bugfix-Compilation\Texture Fixes\ps2 textures\OPAQUE\bp_remade\fat_hi_finger.bmp.png
fat_hi_finger_red.bmp,C:\Development\Git\Afevis-MGS2-Bugfix-Compilation\Texture Fixes\ps2 textures\OPAQUE\bp_remade\fat_hi_finger_red.bmp.png
fat_hi_hand1.bmp,C:\Development\Git\Afevis-MGS2-Bugfix-Compilation\Texture Fixes\ps2 textures\OPAQUE\bp_remade\fat_hi_hand1.bmp.png
fat_hi_hand2.bmp,C:\Development\Git\Afevis-MGS2-Bugfix-Compilation\Texture Fixes\ps2 textures\OPAQUE\bp_remade\fat_hi_hand2.bmp.png
fat_in.bmp,C:\Development\Git\Afevis-MGS2-Bugfix-Compilation\Texture Fixes\ps2 textures\OPAQUE\bp_remade\fat_in.bmp.png
fat_in_eri.bmp,C:\Development\Git\Afevis-MGS2-Bugfix-Compilation\Texture Fixes\ps2 textures\OPAQUE\bp_remade\fat_in_eri.bmp.png
fat_in_eri_tome.bmp,C:\Development\Git\Afevis-MGS2-Bugfix-Compilation\Texture Fixes\ps2 textures\OPAQUE\bp_remade\fat_in_eri_tome.bmp.png
fat_larm_belt.bmp,C:\Development\Git\Afevis-MGS2-Bugfix-Compilation\Texture Fixes\ps2 textures\OPAQUE\bp_remade\fat_larm_belt.bmp.png
fat_poket00.bmp,C:\Development\Git\Afevis-MGS2-Bugfix-Compilation\Texture Fixes\ps2 textures\OPAQUE\bp_remade\fat_poket00.bmp.png
fat_poket00_re.bmp,C:\Development\Git\Afevis-MGS2-Bugfix-Compilation\Texture Fixes\ps2 textures\OPAQUE\bp_remade\fat_poket00_re.bmp.png
fat_poket01.bmp,C:\Development\Git\Afevis-MGS2-Bugfix-Compilation\Texture Fixes\ps2 textures\OPAQUE\bp_remade\fat_poket01.bmp.png
fat_poket01.bmp_fdadb254bd6a0857d5c232a10b14c8ff,C:\Development\Git\Afevis-MGS2-Bugfix-Compilation\Texture Fixes\ps2 textures\OPAQUE\bp_remade\fat_poket01.bmp_fdadb254bd6a0857d5c232a10b14c8ff.png
fat_radio.bmp,C:\Development\Git\Afevis-MGS2-Bugfix-Compilation\Texture Fixes\ps2 textures\OPAQUE\bp_remade\fat_radio.bmp.png
fat_rolar.bmp,C:\Development\Git\Afevis-MGS2-Bugfix-Compilation\Texture Fixes\ps2 textures\OPAQUE\bp_remade\fat_rolar.bmp.png
fat_rolar_flame.bmp,C:\Development\Git\Afevis-MGS2-Bugfix-Compilation\Texture Fixes\ps2 textures\OPAQUE\bp_remade\fat_rolar_flame.bmp.png
fat_rolar_hoir.bmp,C:\Development\Git\Afevis-MGS2-Bugfix-Compilation\Texture Fixes\ps2 textures\OPAQUE\bp_remade\fat_rolar_hoir.bmp.png
fat_suit_re.bmp,C:\Development\Git\Afevis-MGS2-Bugfix-Compilation\Texture Fixes\ps2 textures\OPAQUE\bp_remade\fat_suit_re.bmp.png
fat_suits.bmp,C:\Development\Git\Afevis-MGS2-Bugfix-Compilation\Texture Fixes\ps2 textures\OPAQUE\bp_remade\fat_suits.bmp.png
fat_suits_kat.bmp,C:\Development\Git\Afevis-MGS2-Bugfix-Compilation\Texture Fixes\ps2 textures\OPAQUE\bp_remade\fat_suits_kat.bmp.png
fat_suitstes.bmp,C:\Development\Git\Afevis-MGS2-Bugfix-Compilation\Texture Fixes\ps2 textures\OPAQUE\bp_remade\fat_suitstes.bmp.png
fat_tang.bmp,C:\Development\Git\Afevis-MGS2-Bugfix-Compilation\Texture Fixes\ps2 textures\OPAQUE\bp_remade\fat_tang.bmp.png
fat_teeth_u3.bmp,C:\Development\Git\Afevis-MGS2-Bugfix-Compilation\Texture Fixes\ps2 textures\OPAQUE\bp_remade\fat_teeth_u3.bmp.png
fat_waist.bmp,C:\Development\Git\Afevis-MGS2-Bugfix-Compilation\Texture Fixes\ps2 textures\OPAQUE\bp_remade\fat_waist.bmp.png
fede_01_alp_ovl.bmp,C:\Development\Git\Afevis-MGS2-Bugfix-Compilation\Texture Fixes\ps2 textures\HAS ALPHA\same sha1\fede_01_alp_ovl.bmp.png
federal_alp_ovl.bmp,C:\Development\Git\Afevis-MGS2-Bugfix-Compilation\Texture Fixes\ps2 textures\HAS ALPHA\bp_remade\no_mip_fixes\ui\federal_alp_ovl.bmp.png
fiction_e_alp_ovl.bmp,C:\Development\Git\Afevis-MGS2-Bugfix-Compilation\Texture Fixes\ps2 textures\OPAQUE\bp_remade\no_mip_fixes\ui\fiction_e_alp_ovl.bmp.png
fiction_j_alp_ovl.bmp,C:\Development\Git\Afevis-MGS2-Bugfix-Compilation\Texture Fixes\ps2 textures\OPAQUE\bp_remade\no_mip_fixes\ui\fiction_j_alp_ovl.bmp.png
fire1_alp.bmp,C:\Development\Git\Afevis-MGS2-Bugfix-Compilation\Texture Fixes\ps2 textures\HAS ALPHA\same sha1\fire1_alp.bmp.png
fire3_alp.bmp,C:\Development\Git\Afevis-MGS2-Bugfix-Compilation\Texture Fixes\ps2 textures\HAS ALPHA\same sha1\fire3_alp.bmp.png
fire4_msk.bmp,C:\Development\Git\Afevis-MGS2-Bugfix-Compilation\Texture Fixes\ps2 textures\HAS ALPHA\same sha1\fire4_msk.bmp.png
fire5_msk.bmp,C:\Development\Git\Afevis-MGS2-Bugfix-Compilation\Texture Fixes\ps2 textures\HAS ALPHA\same sha1\fire5_msk.bmp.png
fire_01.bmp,C:\Development\Git\Afevis-MGS2-Bugfix-Compilation\Texture Fixes\ps2 textures\OPAQUE\same sha1\fire_01.bmp.png
fire_03.bmp,C:\Development\Git\Afevis-MGS2-Bugfix-Compilation\Texture Fixes\ps2 textures\OPAQUE\same sha1\fire_03.bmp.png
fire_04.bmp,C:\Development\Git\Afevis-MGS2-Bugfix-Compilation\Texture Fixes\ps2 textures\OPAQUE\same sha1\fire_04.bmp.png
fire_05.bmp,C:\Development\Git\Afevis-MGS2-Bugfix-Compilation\Texture Fixes\ps2 textures\OPAQUE\same sha1\fire_05.bmp.png
flare0_msk.bmp,C:\Development\Git\Afevis-MGS2-Bugfix-Compilation\Texture Fixes\ps2 textures\HAS ALPHA\same sha1\flare0_msk.bmp.png
flare1_msk.bmp,C:\Development\Git\Afevis-MGS2-Bugfix-Compilation\Texture Fixes\ps2 textures\HAS ALPHA\same sha1\flare1_msk.bmp.png
flare2_msk.bmp,C:\Development\Git\Afevis-MGS2-Bugfix-Compilation\Texture Fixes\ps2 textures\HAS ALPHA\same sha1\flare2_msk.bmp.png
flare3_msk.bmp,C:\Development\Git\Afevis-MGS2-Bugfix-Compilation\Texture Fixes\ps2 textures\HAS ALPHA\same sha1\flare3_msk.bmp.png
flare_b1_msk.bmp,C:\Development\Git\Afevis-MGS2-Bugfix-Compilation\Texture Fixes\ps2 textures\HAS ALPHA\same sha1\flare_b1_msk.bmp.png
flare_b2_msk.bmp,C:\Development\Git\Afevis-MGS2-Bugfix-Compilation\Texture Fixes\ps2 textures\HAS ALPHA\same sha1\flare_b2_msk.bmp.png
flare_g1_msk.bmp,C:\Development\Git\Afevis-MGS2-Bugfix-Compilation\Texture Fixes\ps2 textures\OPAQUE\same sha1\flare_g1_msk.bmp.png
flare_g2_msk.bmp,C:\Development\Git\Afevis-MGS2-Bugfix-Compilation\Texture Fixes\ps2 textures\HAS ALPHA\same sha1\flare_g2_msk.bmp.png
flare_r1_msk.bmp,C:\Development\Git\Afevis-MGS2-Bugfix-Compilation\Texture Fixes\ps2 textures\HAS ALPHA\same sha1\flare_r1_msk.bmp.png
flare_r2_msk.bmp,C:\Development\Git\Afevis-MGS2-Bugfix-Compilation\Texture Fixes\ps2 textures\HAS ALPHA\same sha1\flare_r2_msk.bmp.png
flare_ri_msk.bmp,C:\Development\Git\Afevis-MGS2-Bugfix-Compilation\Texture Fixes\ps2 textures\HAS ALPHA\same sha1\flare_ri_msk.bmp.png
floor.bmp,C:\Development\Git\Afevis-MGS2-Bugfix-Compilation\Texture Fixes\ps2 textures\OPAQUE\same sha1\floor.bmp.png
floor_marker1_add_alp.bmp,C:\Development\Git\Afevis-MGS2-Bugfix-Compilation\Texture Fixes\ps2 textures\HAS ALPHA\same sha1\floor_marker1_add_alp.bmp.png
floor_marker2_add_alp.bmp,C:\Development\Git\Afevis-MGS2-Bugfix-Compilation\Texture Fixes\ps2 textures\HAS ALPHA\same sha1\floor_marker2_add_alp.bmp.png
floor_normal.bmp,C:\Development\Git\Afevis-MGS2-Bugfix-Compilation\Texture Fixes\ps2 textures\OPAQUE\same sha1\floor_normal.bmp.png
fms_alp_ovl.bmp_afd64baad5879a54d69dceeb416e0963,C:\Development\Git\Afevis-MGS2-Bugfix-Compilation\Texture Fixes\ps2 textures\HAS ALPHA\bp_remade\no_mip_fixes\ui\fms_alp_ovl.bmp_afd64baad5879a54d69dceeb416e0963.png
fms_emb.bmp,C:\Development\Git\Afevis-MGS2-Bugfix-Compilation\Texture Fixes\ps2 textures\OPAQUE\same sha1\fms_emb.bmp.png
fog.bmp,C:\Development\Git\Afevis-MGS2-Bugfix-Compilation\Texture Fixes\ps2 textures\OPAQUE\same sha1\fog.bmp.png
fog_alp.bmp_89315646b7dba5a15df7df074a2ef3af,C:\Development\Git\Afevis-MGS2-Bugfix-Compilation\Texture Fixes\ps2 textures\HAS ALPHA\same sha1\fog_alp.bmp_89315646b7dba5a15df7df074a2ef3af.png
font_alp_ovl.bmp,C:\Development\Git\Afevis-MGS2-Bugfix-Compilation\Texture Fixes\ps2 textures\HAS ALPHA\bp_remade\no_mip_fixes\ui\font_alp_ovl.bmp.png
font_mini_alp_ovl.bmp,C:\Development\Git\Afevis-MGS2-Bugfix-Compilation\Texture Fixes\ps2 textures\HAS ALPHA\bp_remade\no_mip_fixes\ui\font_mini_alp_ovl.bmp.png
foot_shadow_alp.bmp,C:\Development\Git\Afevis-MGS2-Bugfix-Compilation\Texture Fixes\ps2 textures\HAS ALPHA\same sha1\foot_shadow_alp.bmp.png
for_arm.bmp,C:\Development\Git\Afevis-MGS2-Bugfix-Compilation\Texture Fixes\ps2 textures\OPAQUE\bp_remade\for_arm.bmp.png
for_b_ovl_mod1120_alp_emap.bmp,C:\Development\Git\Afevis-MGS2-Bugfix-Compilation\Texture Fixes\ps2 textures\OPAQUE\bp_remade\for_b_ovl_mod1120_alp_emap.bmp.png
for_belt_shoulder.bmp,C:\Development\Git\Afevis-MGS2-Bugfix-Compilation\Texture Fixes\ps2 textures\OPAQUE\bp_remade\for_belt_shoulder.bmp.png
for_belt_weist.bmp,C:\Development\Git\Afevis-MGS2-Bugfix-Compilation\Texture Fixes\ps2 textures\OPAQUE\bp_remade\for_belt_weist.bmp.png
for_body_ss.bmp,C:\Development\Git\Afevis-MGS2-Bugfix-Compilation\Texture Fixes\ps2 textures\OPAQUE\bp_remade\for_body_ss.bmp.png
for_boot_bot1.bmp,C:\Development\Git\Afevis-MGS2-Bugfix-Compilation\Texture Fixes\ps2 textures\OPAQUE\bp_remade\for_boot_bot1.bmp.png
for_boot_bot2.bmp,C:\Development\Git\Afevis-MGS2-Bugfix-Compilation\Texture Fixes\ps2 textures\OPAQUE\bp_remade\for_boot_bot2.bmp.png
for_coat_body.bmp,C:\Development\Git\Afevis-MGS2-Bugfix-Compilation\Texture Fixes\ps2 textures\OPAQUE\bp_remade\for_coat_body.bmp.png
for_coat_eri.bmp,C:\Development\Git\Afevis-MGS2-Bugfix-Compilation\Texture Fixes\ps2 textures\OPAQUE\bp_remade\for_coat_eri.bmp.png
for_coat_eriin.bmp,C:\Development\Git\Afevis-MGS2-Bugfix-Compilation\Texture Fixes\ps2 textures\OPAQUE\bp_remade\for_coat_eriin.bmp.png
for_coat_sling.bmp,C:\Development\Git\Afevis-MGS2-Bugfix-Compilation\Texture Fixes\ps2 textures\OPAQUE\bp_remade\for_coat_sling.bmp.png
for_coat_sode.bmp,C:\Development\Git\Afevis-MGS2-Bugfix-Compilation\Texture Fixes\ps2 textures\OPAQUE\bp_remade\for_coat_sode.bmp.png
for_col1.bmp,C:\Development\Git\Afevis-MGS2-Bugfix-Compilation\Texture Fixes\ps2 textures\OPAQUE\bp_remade\for_col1.bmp.png
for_foot.bmp,C:\Development\Git\Afevis-MGS2-Bugfix-Compilation\Texture Fixes\ps2 textures\OPAQUE\bp_remade\for_foot.bmp.png
for_hair_back.bmp,C:\Development\Git\Afevis-MGS2-Bugfix-Compilation\Texture Fixes\ps2 textures\OPAQUE\bp_remade\for_hair_back.bmp.png
for_hand.bmp,C:\Development\Git\Afevis-MGS2-Bugfix-Compilation\Texture Fixes\ps2 textures\OPAQUE\bp_remade\for_hand.bmp.png
for_hand2.bmp,C:\Development\Git\Afevis-MGS2-Bugfix-Compilation\Texture Fixes\ps2 textures\OPAQUE\bp_remade\for_hand2.bmp.png
for_hi_eye.bmp,C:\Development\Git\Afevis-MGS2-Bugfix-Compilation\Texture Fixes\ps2 textures\OPAQUE\bp_remade\for_hi_eye.bmp.png
for_hi_finger.bmp,C:\Development\Git\Afevis-MGS2-Bugfix-Compilation\Texture Fixes\ps2 textures\OPAQUE\bp_remade\for_hi_finger.bmp.png
for_hi_finger2.bmp,C:\Development\Git\Afevis-MGS2-Bugfix-Compilation\Texture Fixes\ps2 textures\OPAQUE\bp_remade\for_hi_finger2.bmp.png
for_hi_hand1.bmp,C:\Development\Git\Afevis-MGS2-Bugfix-Compilation\Texture Fixes\ps2 textures\OPAQUE\bp_remade\for_hi_hand1.bmp.png
for_hi_hand2.bmp,C:\Development\Git\Afevis-MGS2-Bugfix-Compilation\Texture Fixes\ps2 textures\OPAQUE\bp_remade\for_hi_hand2.bmp.png
for_hi_hand3.bmp,C:\Development\Git\Afevis-MGS2-Bugfix-Compilation\Texture Fixes\ps2 textures\OPAQUE\bp_remade\for_hi_hand3.bmp.png
for_hlst_back.bmp,C:\Development\Git\Afevis-MGS2-Bugfix-Compilation\Texture Fixes\ps2 textures\OPAQUE\bp_remade\for_hlst_back.bmp.png
for_hlst_fro.bmp,C:\Development\Git\Afevis-MGS2-Bugfix-Compilation\Texture Fixes\ps2 textures\OPAQUE\bp_remade\for_hlst_fro.bmp.png
for_hlst_side.bmp,C:\Development\Git\Afevis-MGS2-Bugfix-Compilation\Texture Fixes\ps2 textures\OPAQUE\bp_remade\for_hlst_side.bmp.png
for_leg_ss.bmp,C:\Development\Git\Afevis-MGS2-Bugfix-Compilation\Texture Fixes\ps2 textures\OPAQUE\bp_remade\for_leg_ss.bmp.png
for_lnr_sling.bmp,C:\Development\Git\Afevis-MGS2-Bugfix-Compilation\Texture Fixes\ps2 textures\OPAQUE\bp_remade\for_lnr_sling.bmp.png
for_m9_glip.bmp,C:\Development\Git\Afevis-MGS2-Bugfix-Compilation\Texture Fixes\ps2 textures\OPAQUE\bp_remade\for_m9_glip.bmp.png
for_magazine.bmp,C:\Development\Git\Afevis-MGS2-Bugfix-Compilation\Texture Fixes\ps2 textures\OPAQUE\bp_remade\for_magazine.bmp.png
for_s_ovl_mod1120_alp_emap.bmp,C:\Development\Git\Afevis-MGS2-Bugfix-Compilation\Texture Fixes\ps2 textures\OPAQUE\bp_remade\for_s_ovl_mod1120_alp_emap.bmp.png
for_toe.bmp,C:\Development\Git\Afevis-MGS2-Bugfix-Compilation\Texture Fixes\ps2 textures\OPAQUE\bp_remade\for_toe.bmp.png
forklift_body__back_01.bmp,C:\Development\Git\Afevis-MGS2-Bugfix-Compilation\Texture Fixes\ps2 textures\OPAQUE\same sha1\forklift_body__back_01.bmp.png
forklift_body_floor_01.bmp,C:\Development\Git\Afevis-MGS2-Bugfix-Compilation\Texture Fixes\ps2 textures\OPAQUE\same sha1\forklift_body_floor_01.bmp.png
forklift_body_front_01.bmp,C:\Development\Git\Afevis-MGS2-Bugfix-Compilation\Texture Fixes\ps2 textures\OPAQUE\same sha1\forklift_body_front_01.bmp.png
forklift_body_naka_01.bmp,C:\Development\Git\Afevis-MGS2-Bugfix-Compilation\Texture Fixes\ps2 textures\OPAQUE\same sha1\forklift_body_naka_01.bmp.png
forklift_body_top_01.bmp,C:\Development\Git\Afevis-MGS2-Bugfix-Compilation\Texture Fixes\ps2 textures\OPAQUE\same sha1\forklift_body_top_01.bmp.png
forklift_kusari_01.bmp,C:\Development\Git\Afevis-MGS2-Bugfix-Compilation\Texture Fixes\ps2 textures\OPAQUE\same sha1\forklift_kusari_01.bmp.png
forklift_kusari_front.bmp,C:\Development\Git\Afevis-MGS2-Bugfix-Compilation\Texture Fixes\ps2 textures\OPAQUE\same sha1\forklift_kusari_front.bmp.png
forklift_kusari_side_01.bmp,C:\Development\Git\Afevis-MGS2-Bugfix-Compilation\Texture Fixes\ps2 textures\OPAQUE\same sha1\forklift_kusari_side_01.bmp.png
forklift_light_side_01.bmp,C:\Development\Git\Afevis-MGS2-Bugfix-Compilation\Texture Fixes\ps2 textures\OPAQUE\same sha1\forklift_light_side_01.bmp.png
forklift_millor_01.bmp,C:\Development\Git\Afevis-MGS2-Bugfix-Compilation\Texture Fixes\ps2 textures\OPAQUE\same sha1\forklift_millor_01.bmp.png
forklift_millor_ura_01.bmp,C:\Development\Git\Afevis-MGS2-Bugfix-Compilation\Texture Fixes\ps2 textures\OPAQUE\same sha1\forklift_millor_ura_01.bmp.png
forklift_seat_01.bmp,C:\Development\Git\Afevis-MGS2-Bugfix-Compilation\Texture Fixes\ps2 textures\OPAQUE\same sha1\forklift_seat_01.bmp.png
forklift_tutu_tomegu_01.bmp,C:\Development\Git\Afevis-MGS2-Bugfix-Compilation\Texture Fixes\ps2 textures\OPAQUE\same sha1\forklift_tutu_tomegu_01.bmp.png
forklift_winker_01.bmp,C:\Development\Git\Afevis-MGS2-Bugfix-Compilation\Texture Fixes\ps2 textures\OPAQUE\same sha1\forklift_winker_01.bmp.png
forklift_winker_front_01.bmp,C:\Development\Git\Afevis-MGS2-Bugfix-Compilation\Texture Fixes\ps2 textures\OPAQUE\same sha1\forklift_winker_front_01.bmp.png
frost02_alp.bmp,C:\Development\Git\Afevis-MGS2-Bugfix-Compilation\Texture Fixes\ps2 textures\HAS ALPHA\same sha1\frost02_alp.bmp.png
funa_alp_ovl.bmp,C:\Development\Git\Afevis-MGS2-Bugfix-Compilation\Texture Fixes\ps2 textures\HAS ALPHA\bp_remade\no_mip_fixes\ui\funa_alp_ovl.bmp.png
funabashi_alp_ovl.bmp,C:\Development\Git\Afevis-MGS2-Bugfix-Compilation\Texture Fixes\ps2 textures\HAS ALPHA\bp_remade\no_mip_fixes\ui\funabashi_alp_ovl.bmp.png
fur_g00_add.bmp,C:\Development\Git\Afevis-MGS2-Bugfix-Compilation\Texture Fixes\ps2 textures\OPAQUE\same sha1\fur_g00_add.bmp.png
fur_g01_add.bmp,C:\Development\Git\Afevis-MGS2-Bugfix-Compilation\Texture Fixes\ps2 textures\OPAQUE\same sha1\fur_g01_add.bmp.png
fur_g02_add.bmp,C:\Development\Git\Afevis-MGS2-Bugfix-Compilation\Texture Fixes\ps2 textures\OPAQUE\same sha1\fur_g02_add.bmp.png
fur_g03_add.bmp,C:\Development\Git\Afevis-MGS2-Bugfix-Compilation\Texture Fixes\ps2 textures\OPAQUE\same sha1\fur_g03_add.bmp.png
fur_s00_add.bmp,C:\Development\Git\Afevis-MGS2-Bugfix-Compilation\Texture Fixes\ps2 textures\OPAQUE\same sha1\fur_s00_add.bmp.png
fur_s04_add.bmp,C:\Development\Git\Afevis-MGS2-Bugfix-Compilation\Texture Fixes\ps2 textures\OPAQUE\same sha1\fur_s04_add.bmp.png
gas00.bmp,C:\Development\Git\Afevis-MGS2-Bugfix-Compilation\Texture Fixes\ps2 textures\OPAQUE\bp_remade\gas00.bmp.png
gas01.bmp,C:\Development\Git\Afevis-MGS2-Bugfix-Compilation\Texture Fixes\ps2 textures\OPAQUE\bp_remade\gas01.bmp.png
gas_cap00.bmp,C:\Development\Git\Afevis-MGS2-Bugfix-Compilation\Texture Fixes\ps2 textures\OPAQUE\bp_remade\gas_cap00.bmp.png
gas_cap01.bmp,C:\Development\Git\Afevis-MGS2-Bugfix-Compilation\Texture Fixes\ps2 textures\OPAQUE\bp_remade\gas_cap01.bmp.png
gas_dai00.bmp,C:\Development\Git\Afevis-MGS2-Bugfix-Compilation\Texture Fixes\ps2 textures\OPAQUE\same sha1\gas_dai00.bmp.png
gas_dai01.bmp,C:\Development\Git\Afevis-MGS2-Bugfix-Compilation\Texture Fixes\ps2 textures\OPAQUE\same sha1\gas_dai01.bmp.png
gas_dai02.bmp,C:\Development\Git\Afevis-MGS2-Bugfix-Compilation\Texture Fixes\ps2 textures\OPAQUE\bp_remade\gas_dai02.bmp.png
gas_dai02a.bmp,C:\Development\Git\Afevis-MGS2-Bugfix-Compilation\Texture Fixes\ps2 textures\OPAQUE\same sha1\gas_dai02a.bmp.png
gas_dai02b.bmp,C:\Development\Git\Afevis-MGS2-Bugfix-Compilation\Texture Fixes\ps2 textures\OPAQUE\bp_remade\gas_dai02b.bmp.png
gba_boot02.bmp,C:\Development\Git\Afevis-MGS2-Bugfix-Compilation\Texture Fixes\ps2 textures\OPAQUE\same sha1\gba_boot02.bmp.png
gba_head_inside.bmp,C:\Development\Git\Afevis-MGS2-Bugfix-Compilation\Texture Fixes\ps2 textures\OPAQUE\same sha1\gba_head_inside.bmp.png
gbc_bousi_f.bmp,C:\Development\Git\Afevis-MGS2-Bugfix-Compilation\Texture Fixes\ps2 textures\OPAQUE\bp_remade\gbc_bousi_f.bmp.png
gbc_bousi_s2.bmp,C:\Development\Git\Afevis-MGS2-Bugfix-Compilation\Texture Fixes\ps2 textures\OPAQUE\bp_remade\gbc_bousi_s2.bmp.png
gbc_deppari.bmp,C:\Development\Git\Afevis-MGS2-Bugfix-Compilation\Texture Fixes\ps2 textures\OPAQUE\bp_remade\gbc_deppari.bmp.png
gbc_kao.bmp,C:\Development\Git\Afevis-MGS2-Bugfix-Compilation\Texture Fixes\ps2 textures\OPAQUE\bp_remade\gbc_kao.bmp.png
gbc_maiku.bmp,C:\Development\Git\Afevis-MGS2-Bugfix-Compilation\Texture Fixes\ps2 textures\OPAQUE\bp_remade\gbc_maiku.bmp.png
gbc_tuba.bmp,C:\Development\Git\Afevis-MGS2-Bugfix-Compilation\Texture Fixes\ps2 textures\OPAQUE\bp_remade\gbc_tuba.bmp.png
gbc_tusinki.bmp,C:\Development\Git\Afevis-MGS2-Bugfix-Compilation\Texture Fixes\ps2 textures\OPAQUE\bp_remade\gbc_tusinki.bmp.png
gboodt.bmp,C:\Development\Git\Afevis-MGS2-Bugfix-Compilation\Texture Fixes\ps2 textures\OPAQUE\same sha1\gboodt.bmp.png
gbs_ak_sling.bmp,C:\Development\Git\Afevis-MGS2-Bugfix-Compilation\Texture Fixes\ps2 textures\OPAQUE\bp_remade\gbs_ak_sling.bmp.png
gbs_ak_sling2.bmp,C:\Development\Git\Afevis-MGS2-Bugfix-Compilation\Texture Fixes\ps2 textures\OPAQUE\same sha1\gbs_ak_sling2.bmp.png
gbs_arm_ss.bmp,C:\Development\Git\Afevis-MGS2-Bugfix-Compilation\Texture Fixes\ps2 textures\OPAQUE\bp_remade\gbs_arm_ss.bmp.png
gbs_belt.bmp,C:\Development\Git\Afevis-MGS2-Bugfix-Compilation\Texture Fixes\ps2 textures\OPAQUE\bp_remade\gbs_belt.bmp.png
gbs_body_ss.bmp,C:\Development\Git\Afevis-MGS2-Bugfix-Compilation\Texture Fixes\ps2 textures\OPAQUE\bp_remade\gbs_body_ss.bmp.png
gbs_boot_bot1.bmp,C:\Development\Git\Afevis-MGS2-Bugfix-Compilation\Texture Fixes\ps2 textures\OPAQUE\bp_remade\gbs_boot_bot1.bmp.png
gbs_boot_bot2.bmp,C:\Development\Git\Afevis-MGS2-Bugfix-Compilation\Texture Fixes\ps2 textures\OPAQUE\bp_remade\gbs_boot_bot2.bmp.png
gbs_boot_ss.bmp,C:\Development\Git\Afevis-MGS2-Bugfix-Compilation\Texture Fixes\ps2 textures\OPAQUE\bp_remade\gbs_boot_ss.bmp.png
gbs_bp1.bmp,C:\Development\Git\Afevis-MGS2-Bugfix-Compilation\Texture Fixes\ps2 textures\OPAQUE\bp_remade\gbs_bp1.bmp.png
gbs_e_ovl_mod1120_alp_emap.bmp,C:\Development\Git\Afevis-MGS2-Bugfix-Compilation\Texture Fixes\ps2 textures\OPAQUE\same sha1\gbs_e_ovl_mod1120_alp_emap.bmp.png
gbs_eri.bmp,C:\Development\Git\Afevis-MGS2-Bugfix-Compilation\Texture Fixes\ps2 textures\OPAQUE\bp_remade\gbs_eri.bmp.png
gbs_eye_def.bmp,C:\Development\Git\Afevis-MGS2-Bugfix-Compilation\Texture Fixes\ps2 textures\OPAQUE\bp_remade\gbs_eye_def.bmp.png
gbs_eye_white.bmp,C:\Development\Git\Afevis-MGS2-Bugfix-Compilation\Texture Fixes\ps2 textures\OPAQUE\bp_remade\gbs_eye_white.bmp.png
gbs_face.bmp,C:\Development\Git\Afevis-MGS2-Bugfix-Compilation\Texture Fixes\ps2 textures\OPAQUE\bp_remade\gbs_face.bmp.png
gbs_head_back.bmp,C:\Development\Git\Afevis-MGS2-Bugfix-Compilation\Texture Fixes\ps2 textures\OPAQUE\bp_remade\gbs_head_back.bmp.png
gbs_head_side.bmp,C:\Development\Git\Afevis-MGS2-Bugfix-Compilation\Texture Fixes\ps2 textures\OPAQUE\bp_remade\gbs_head_side.bmp.png
gbs_head_top.bmp,C:\Development\Git\Afevis-MGS2-Bugfix-Compilation\Texture Fixes\ps2 textures\OPAQUE\bp_remade\gbs_head_top.bmp.png
gbs_nvg_box.bmp,C:\Development\Git\Afevis-MGS2-Bugfix-Compilation\Texture Fixes\ps2 textures\OPAQUE\same sha1\gbs_nvg_box.bmp.png
gbs_nvg_temp_tex.bmp,C:\Development\Git\Afevis-MGS2-Bugfix-Compilation\Texture Fixes\ps2 textures\OPAQUE\same sha1\gbs_nvg_temp_tex.bmp.png
gbs_nvg_temp_tex2.bmp,C:\Development\Git\Afevis-MGS2-Bugfix-Compilation\Texture Fixes\ps2 textures\OPAQUE\same sha1\gbs_nvg_temp_tex2.bmp.png
gbs_p2_back.bmp,C:\Development\Git\Afevis-MGS2-Bugfix-Compilation\Texture Fixes\ps2 textures\OPAQUE\bp_remade\gbs_p2_back.bmp.png
gbs_p2_fro.bmp,C:\Development\Git\Afevis-MGS2-Bugfix-Compilation\Texture Fixes\ps2 textures\OPAQUE\bp_remade\gbs_p2_fro.bmp.png
gbs_p2_side.bmp,C:\Development\Git\Afevis-MGS2-Bugfix-Compilation\Texture Fixes\ps2 textures\OPAQUE\bp_remade\gbs_p2_side.bmp.png
gbs_p4_fro.bmp,C:\Development\Git\Afevis-MGS2-Bugfix-Compilation\Texture Fixes\ps2 textures\OPAQUE\bp_remade\gbs_p4_fro.bmp.png
gbs_p4_side.bmp,C:\Development\Git\Afevis-MGS2-Bugfix-Compilation\Texture Fixes\ps2 textures\OPAQUE\bp_remade\gbs_p4_side.bmp.png
gbs_toe2.bmp,C:\Development\Git\Afevis-MGS2-Bugfix-Compilation\Texture Fixes\ps2 textures\OPAQUE\bp_remade\gbs_toe2.bmp.png
gcyp_amo_f1.bmp,C:\Development\Git\Afevis-MGS2-Bugfix-Compilation\Texture Fixes\ps2 textures\OPAQUE\bp_remade\gcyp_amo_f1.bmp.png
gcyp_amo_s1.bmp,C:\Development\Git\Afevis-MGS2-Bugfix-Compilation\Texture Fixes\ps2 textures\OPAQUE\same sha1\gcyp_amo_s1.bmp.png
gcyp_blade_alp.bmp,C:\Development\Git\Afevis-MGS2-Bugfix-Compilation\Texture Fixes\ps2 textures\HAS ALPHA\same sha1\gcyp_blade_alp.bmp.png
gcyp_bodykim.bmp,C:\Development\Git\Afevis-MGS2-Bugfix-Compilation\Texture Fixes\ps2 textures\OPAQUE\bp_remade\gcyp_bodykim.bmp.png
gcyp_eff_blade_alp.bmp,C:\Development\Git\Afevis-MGS2-Bugfix-Compilation\Texture Fixes\ps2 textures\HAS ALPHA\same sha1\gcyp_eff_blade_alp.bmp.png
gcyp_fook_s1.bmp,C:\Development\Git\Afevis-MGS2-Bugfix-Compilation\Texture Fixes\ps2 textures\OPAQUE\same sha1\gcyp_fook_s1.bmp.png
gcyp_gun_s2.bmp,C:\Development\Git\Afevis-MGS2-Bugfix-Compilation\Texture Fixes\ps2 textures\OPAQUE\same sha1\gcyp_gun_s2.bmp.png
gcyp_leg_s1.bmp,C:\Development\Git\Afevis-MGS2-Bugfix-Compilation\Texture Fixes\ps2 textures\OPAQUE\same sha1\gcyp_leg_s1.bmp.png
gcyp_randing_s1.bmp,C:\Development\Git\Afevis-MGS2-Bugfix-Compilation\Texture Fixes\ps2 textures\OPAQUE\same sha1\gcyp_randing_s1.bmp.png
gcyp_rifle_cnt.bmp,C:\Development\Git\Afevis-MGS2-Bugfix-Compilation\Texture Fixes\ps2 textures\OPAQUE\same sha1\gcyp_rifle_cnt.bmp.png
gcyp_roter_cnt_alp.bmp,C:\Development\Git\Afevis-MGS2-Bugfix-Compilation\Texture Fixes\ps2 textures\OPAQUE\same sha1\gcyp_roter_cnt_alp.bmp.png
gcyp_seal1_alp_ovl.bmp,C:\Development\Git\Afevis-MGS2-Bugfix-Compilation\Texture Fixes\ps2 textures\HAS ALPHA\same sha1\gcyp_seal1_alp_ovl.bmp.png
gcyp_sight_f1.bmp,C:\Development\Git\Afevis-MGS2-Bugfix-Compilation\Texture Fixes\ps2 textures\OPAQUE\same sha1\gcyp_sight_f1.bmp.png
gen_bag_fr.bmp,C:\Development\Git\Afevis-MGS2-Bugfix-Compilation\Texture Fixes\ps2 textures\OPAQUE\same sha1\gen_bag_fr.bmp.png
gen_boot_heel.bmp,C:\Development\Git\Afevis-MGS2-Bugfix-Compilation\Texture Fixes\ps2 textures\OPAQUE\same sha1\gen_boot_heel.bmp.png
gen_boot_toe.bmp,C:\Development\Git\Afevis-MGS2-Bugfix-Compilation\Texture Fixes\ps2 textures\OPAQUE\same sha1\gen_boot_toe.bmp.png
gen_hand.bmp,C:\Development\Git\Afevis-MGS2-Bugfix-Compilation\Texture Fixes\ps2 textures\OPAQUE\same sha1\gen_hand.bmp.png
gen_hand_u.bmp,C:\Development\Git\Afevis-MGS2-Bugfix-Compilation\Texture Fixes\ps2 textures\OPAQUE\same sha1\gen_hand_u.bmp.png
gen_meca_lite.bmp,C:\Development\Git\Afevis-MGS2-Bugfix-Compilation\Texture Fixes\ps2 textures\OPAQUE\same sha1\gen_meca_lite.bmp.png
gen_mecaskirt_fix.bmp,C:\Development\Git\Afevis-MGS2-Bugfix-Compilation\Texture Fixes\ps2 textures\OPAQUE\same sha1\gen_mecaskirt_fix.bmp.png
gen_mod1120_ovl_emap.bmp,C:\Development\Git\Afevis-MGS2-Bugfix-Compilation\Texture Fixes\ps2 textures\OPAQUE\same sha1\gen_mod1120_ovl_emap.bmp.png
gen_nezi_botom.bmp,C:\Development\Git\Afevis-MGS2-Bugfix-Compilation\Texture Fixes\ps2 textures\OPAQUE\same sha1\gen_nezi_botom.bmp.png
ghost_pos.bmp,C:\Development\Git\Afevis-MGS2-Bugfix-Compilation\Texture Fixes\ps2 textures\OPAQUE\bp_remade\ghost_pos.bmp.png
glass01_add.bmp,C:\Development\Git\Afevis-MGS2-Bugfix-Compilation\Texture Fixes\ps2 textures\OPAQUE\same sha1\glass01_add.bmp.png
glass03_add.bmp,C:\Development\Git\Afevis-MGS2-Bugfix-Compilation\Texture Fixes\ps2 textures\OPAQUE\same sha1\glass03_add.bmp.png
glasstest0005_alp.bmp,C:\Development\Git\Afevis-MGS2-Bugfix-Compilation\Texture Fixes\ps2 textures\HAS ALPHA\same sha1\glasstest0005_alp.bmp.png
gno_neckin.bmp,C:\Development\Git\Afevis-MGS2-Bugfix-Compilation\Texture Fixes\ps2 textures\OPAQUE\same sha1\gno_neckin.bmp.png
gno_para_himo_ovl_alp.bmp,C:\Development\Git\Afevis-MGS2-Bugfix-Compilation\Texture Fixes\ps2 textures\HAS ALPHA\same sha1\gno_para_himo_ovl_alp.bmp.png
gno_para_nuno.bmp,C:\Development\Git\Afevis-MGS2-Bugfix-Compilation\Texture Fixes\ps2 textures\OPAQUE\same sha1\gno_para_nuno.bmp.png
gol1_alp_ovl.bmp,C:\Development\Git\Afevis-MGS2-Bugfix-Compilation\Texture Fixes\ps2 textures\HAS ALPHA\bp_remade\no_mip_fixes\ui\gol1_alp_ovl.bmp.png
gol2_alp_ovl.bmp,C:\Development\Git\Afevis-MGS2-Bugfix-Compilation\Texture Fixes\ps2 textures\HAS ALPHA\bp_remade\no_mip_fixes\ui\gol2_alp_ovl.bmp.png
gol_t_ovl_mod1120_alp_emap.bmp,C:\Development\Git\Afevis-MGS2-Bugfix-Compilation\Texture Fixes\ps2 textures\OPAQUE\same sha1\gol_t_ovl_mod1120_alp_emap.bmp.png
gol_tarai.bmp,C:\Development\Git\Afevis-MGS2-Bugfix-Compilation\Texture Fixes\ps2 textures\OPAQUE\same sha1\gol_tarai.bmp.png
gol_tarai_botom.bmp,C:\Development\Git\Afevis-MGS2-Bugfix-Compilation\Texture Fixes\ps2 textures\OPAQUE\same sha1\gol_tarai_botom.bmp.png
gpa_backbag.bmp,C:\Development\Git\Afevis-MGS2-Bugfix-Compilation\Texture Fixes\ps2 textures\OPAQUE\same sha1\gpa_backbag.bmp.png
gpa_magpack.bmp,C:\Development\Git\Afevis-MGS2-Bugfix-Compilation\Texture Fixes\ps2 textures\OPAQUE\same sha1\gpa_magpack.bmp.png
gps_arm_ss2.bmp,C:\Development\Git\Afevis-MGS2-Bugfix-Compilation\Texture Fixes\ps2 textures\OPAQUE\bp_remade\gps_arm_ss2.bmp.png
gps_body_ss.bmp,C:\Development\Git\Afevis-MGS2-Bugfix-Compilation\Texture Fixes\ps2 textures\OPAQUE\bp_remade\gps_body_ss.bmp.png
gps_boot_ss.bmp,C:\Development\Git\Afevis-MGS2-Bugfix-Compilation\Texture Fixes\ps2 textures\OPAQUE\bp_remade\gps_boot_ss.bmp.png
gps_eri.bmp,C:\Development\Git\Afevis-MGS2-Bugfix-Compilation\Texture Fixes\ps2 textures\OPAQUE\bp_remade\gps_eri.bmp.png
gps_eye_close.bmp,C:\Development\Git\Afevis-MGS2-Bugfix-Compilation\Texture Fixes\ps2 textures\OPAQUE\bp_remade\gps_eye_close.bmp.png
gps_eye_def.bmp,C:\Development\Git\Afevis-MGS2-Bugfix-Compilation\Texture Fixes\ps2 textures\OPAQUE\bp_remade\gps_eye_def.bmp.png
gps_eye_open.bmp,C:\Development\Git\Afevis-MGS2-Bugfix-Compilation\Texture Fixes\ps2 textures\OPAQUE\bp_remade\gps_eye_open.bmp.png
gps_eye_pain.bmp,C:\Development\Git\Afevis-MGS2-Bugfix-Compilation\Texture Fixes\ps2 textures\OPAQUE\bp_remade\gps_eye_pain.bmp.png
gps_eye_white.bmp,C:\Development\Git\Afevis-MGS2-Bugfix-Compilation\Texture Fixes\ps2 textures\OPAQUE\bp_remade\gps_eye_white.bmp.png
gps_knife.bmp,C:\Development\Git\Afevis-MGS2-Bugfix-Compilation\Texture Fixes\ps2 textures\OPAQUE\bp_remade\gps_knife.bmp.png
gps_leg_ss.bmp,C:\Development\Git\Afevis-MGS2-Bugfix-Compilation\Texture Fixes\ps2 textures\OPAQUE\bp_remade\gps_leg_ss.bmp.png
gps_mask.bmp,C:\Development\Git\Afevis-MGS2-Bugfix-Compilation\Texture Fixes\ps2 textures\OPAQUE\bp_remade\gps_mask.bmp.png
gps_poket.bmp,C:\Development\Git\Afevis-MGS2-Bugfix-Compilation\Texture Fixes\ps2 textures\OPAQUE\bp_remade\gps_poket.bmp.png
gps_poket2.bmp,C:\Development\Git\Afevis-MGS2-Bugfix-Compilation\Texture Fixes\ps2 textures\OPAQUE\bp_remade\gps_poket2.bmp.png
gps_toe2.bmp,C:\Development\Git\Afevis-MGS2-Bugfix-Compilation\Texture Fixes\ps2 textures\OPAQUE\bp_remade\gps_toe2.bmp.png
gps_wrist.bmp,C:\Development\Git\Afevis-MGS2-Bugfix-Compilation\Texture Fixes\ps2 textures\OPAQUE\bp_remade\gps_wrist.bmp.png
gradation_alp_ovl.bmp,C:\Development\Git\Afevis-MGS2-Bugfix-Compilation\Texture Fixes\ps2 textures\HAS ALPHA\same sha1\gradation_alp_ovl.bmp.png
gray.bmp,C:\Development\Git\Afevis-MGS2-Bugfix-Compilation\Texture Fixes\ps2 textures\OPAQUE\same sha1\gray.bmp.png
gray_128_128_add_alp.bmp,C:\Development\Git\Afevis-MGS2-Bugfix-Compilation\Texture Fixes\ps2 textures\HAS ALPHA\same sha1\gray_128_128_add_alp.bmp.png
gray_128_192_alp_ovl.bmp,C:\Development\Git\Afevis-MGS2-Bugfix-Compilation\Texture Fixes\ps2 textures\HAS ALPHA\same sha1\gray_128_192_alp_ovl.bmp.png
gre_alp_ovl.bmp,C:\Development\Git\Afevis-MGS2-Bugfix-Compilation\Texture Fixes\ps2 textures\HAS ALPHA\bp_remade\no_mip_fixes\ui\gre_alp_ovl.bmp.png
grn_sb_body.bmp,C:\Development\Git\Afevis-MGS2-Bugfix-Compilation\Texture Fixes\ps2 textures\OPAQUE\bp_remade\grn_sb_body.bmp.png
grs_black.bmp,C:\Development\Git\Afevis-MGS2-Bugfix-Compilation\Texture Fixes\ps2 textures\OPAQUE\same sha1\grs_black.bmp.png
gry075.bmp,C:\Development\Git\Afevis-MGS2-Bugfix-Compilation\Texture Fixes\ps2 textures\OPAQUE\same sha1\gry075.bmp.png
gry090.bmp,C:\Development\Git\Afevis-MGS2-Bugfix-Compilation\Texture Fixes\ps2 textures\OPAQUE\same sha1\gry090.bmp.png
gun_light_f.bmp,C:\Development\Git\Afevis-MGS2-Bugfix-Compilation\Texture Fixes\ps2 textures\OPAQUE\same sha1\gun_light_f.bmp.png
gun_light_s.bmp,C:\Development\Git\Afevis-MGS2-Bugfix-Compilation\Texture Fixes\ps2 textures\OPAQUE\same sha1\gun_light_s.bmp.png
gw_coat_f.bmp,C:\Development\Git\Afevis-MGS2-Bugfix-Compilation\Texture Fixes\ps2 textures\OPAQUE\same sha1\gw_coat_f.bmp.png
gw_coat_f.bmp_a9fbec5e21327a1b288d2f852444fd5d,C:\Development\Git\Afevis-MGS2-Bugfix-Compilation\Texture Fixes\ps2 textures\OPAQUE\same sha1\gw_coat_f.bmp_a9fbec5e21327a1b288d2f852444fd5d.png
gw_face.bmp,C:\Development\Git\Afevis-MGS2-Bugfix-Compilation\Texture Fixes\ps2 textures\OPAQUE\same sha1\gw_face.bmp.png
gw_hand_b.bmp,C:\Development\Git\Afevis-MGS2-Bugfix-Compilation\Texture Fixes\ps2 textures\OPAQUE\same sha1\gw_hand_b.bmp.png
gw_hip_back.bmp,C:\Development\Git\Afevis-MGS2-Bugfix-Compilation\Texture Fixes\ps2 textures\OPAQUE\same sha1\gw_hip_back.bmp.png
gw_jacket_l.bmp,C:\Development\Git\Afevis-MGS2-Bugfix-Compilation\Texture Fixes\ps2 textures\OPAQUE\same sha1\gw_jacket_l.bmp.png
gw_jacket_l.bmp_ab71d351b0cbf4d74b1b9257bf45c396,C:\Development\Git\Afevis-MGS2-Bugfix-Compilation\Texture Fixes\ps2 textures\OPAQUE\same sha1\gw_jacket_l.bmp_ab71d351b0cbf4d74b1b9257bf45c396.png
gwb_ceil01.bmp,C:\Development\Git\Afevis-MGS2-Bugfix-Compilation\Texture Fixes\ps2 textures\OPAQUE\bp_remade\gwb_ceil01.bmp.png
gwb_fen02.bmp,C:\Development\Git\Afevis-MGS2-Bugfix-Compilation\Texture Fixes\ps2 textures\OPAQUE\same sha1\gwb_fen02.bmp.png
gwb_pole01.bmp,C:\Development\Git\Afevis-MGS2-Bugfix-Compilation\Texture Fixes\ps2 textures\OPAQUE\bp_remade\gwb_pole01.bmp.png
gwb_pole02.bmp,C:\Development\Git\Afevis-MGS2-Bugfix-Compilation\Texture Fixes\ps2 textures\OPAQUE\bp_remade\gwb_pole02.bmp.png
gwb_rood1.bmp,C:\Development\Git\Afevis-MGS2-Bugfix-Compilation\Texture Fixes\ps2 textures\OPAQUE\same sha1\gwb_rood1.bmp.png
gwb_rood_s1_msk.bmp,C:\Development\Git\Afevis-MGS2-Bugfix-Compilation\Texture Fixes\ps2 textures\HAS ALPHA\same sha1\gwb_rood_s1_msk.bmp.png
gwb_top01_msk.bmp,C:\Development\Git\Afevis-MGS2-Bugfix-Compilation\Texture Fixes\ps2 textures\HAS ALPHA\same sha1\gwb_top01_msk.bmp.png
h6h_body_f1.bmp,C:\Development\Git\Afevis-MGS2-Bugfix-Compilation\Texture Fixes\ps2 textures\OPAQUE\bp_remade\h6h_body_f1.bmp.png
h6h_body_s1.bmp,C:\Development\Git\Afevis-MGS2-Bugfix-Compilation\Texture Fixes\ps2 textures\OPAQUE\bp_remade\h6h_body_s1.bmp.png
h6h_body_s3.bmp,C:\Development\Git\Afevis-MGS2-Bugfix-Compilation\Texture Fixes\ps2 textures\OPAQUE\bp_remade\h6h_body_s3.bmp.png
h6h_body_t1.bmp,C:\Development\Git\Afevis-MGS2-Bugfix-Compilation\Texture Fixes\ps2 textures\OPAQUE\bp_remade\h6h_body_t1.bmp.png
h6h_body_u1.bmp,C:\Development\Git\Afevis-MGS2-Bugfix-Compilation\Texture Fixes\ps2 textures\OPAQUE\bp_remade\h6h_body_u1.bmp.png
h6h_canopy_ovl_mod1120_emap.bmp,C:\Development\Git\Afevis-MGS2-Bugfix-Compilation\Texture Fixes\ps2 textures\OPAQUE\same sha1\h6h_canopy_ovl_mod1120_emap.bmp.png
h6h_door_window.bmp,C:\Development\Git\Afevis-MGS2-Bugfix-Compilation\Texture Fixes\ps2 textures\OPAQUE\same sha1\h6h_door_window.bmp.png
h6h_duct_hole.bmp,C:\Development\Git\Afevis-MGS2-Bugfix-Compilation\Texture Fixes\ps2 textures\OPAQUE\bp_remade\h6h_duct_hole.bmp.png
h6h_duct_s1.bmp,C:\Development\Git\Afevis-MGS2-Bugfix-Compilation\Texture Fixes\ps2 textures\OPAQUE\bp_remade\h6h_duct_s1.bmp.png
h6h_eff_mrot_alp.bmp,C:\Development\Git\Afevis-MGS2-Bugfix-Compilation\Texture Fixes\ps2 textures\HAS ALPHA\same sha1\h6h_eff_mrot_alp.bmp.png
h6h_face_s1.bmp,C:\Development\Git\Afevis-MGS2-Bugfix-Compilation\Texture Fixes\ps2 textures\OPAQUE\bp_remade\h6h_face_s1.bmp.png
h6h_foot_window.bmp,C:\Development\Git\Afevis-MGS2-Bugfix-Compilation\Texture Fixes\ps2 textures\OPAQUE\same sha1\h6h_foot_window.bmp.png
h6h_footstep1.bmp,C:\Development\Git\Afevis-MGS2-Bugfix-Compilation\Texture Fixes\ps2 textures\OPAQUE\same sha1\h6h_footstep1.bmp.png
h6h_front_window.bmp,C:\Development\Git\Afevis-MGS2-Bugfix-Compilation\Texture Fixes\ps2 textures\OPAQUE\same sha1\h6h_front_window.bmp.png
h6h_grey.bmp,C:\Development\Git\Afevis-MGS2-Bugfix-Compilation\Texture Fixes\ps2 textures\OPAQUE\same sha1\h6h_grey.bmp.png
h6h_intake_s1.bmp,C:\Development\Git\Afevis-MGS2-Bugfix-Compilation\Texture Fixes\ps2 textures\OPAQUE\bp_remade\h6h_intake_s1.bmp.png
h6h_lwindow_wall.bmp,C:\Development\Git\Afevis-MGS2-Bugfix-Compilation\Texture Fixes\ps2 textures\OPAQUE\same sha1\h6h_lwindow_wall.bmp.png
h6h_propera_blur_alp.bmp,C:\Development\Git\Afevis-MGS2-Bugfix-Compilation\Texture Fixes\ps2 textures\HAS ALPHA\same sha1\h6h_propera_blur_alp.bmp.png
h6h_tailbox1.bmp,C:\Development\Git\Afevis-MGS2-Bugfix-Compilation\Texture Fixes\ps2 textures\OPAQUE\bp_remade\h6h_tailbox1.bmp.png
h6h_tank1_s1.bmp,C:\Development\Git\Afevis-MGS2-Bugfix-Compilation\Texture Fixes\ps2 textures\OPAQUE\bp_remade\h6h_tank1_s1.bmp.png
h6h_temptex1.bmp,C:\Development\Git\Afevis-MGS2-Bugfix-Compilation\Texture Fixes\ps2 textures\OPAQUE\bp_remade\h6h_temptex1.bmp.png
h6h_wheel.bmp,C:\Development\Git\Afevis-MGS2-Bugfix-Compilation\Texture Fixes\ps2 textures\OPAQUE\bp_remade\h6h_wheel.bmp.png
h6h_wheel_shaft.bmp,C:\Development\Git\Afevis-MGS2-Bugfix-Compilation\Texture Fixes\ps2 textures\OPAQUE\bp_remade\h6h_wheel_shaft.bmp.png
hakof1.bmp,C:\Development\Git\Afevis-MGS2-Bugfix-Compilation\Texture Fixes\ps2 textures\OPAQUE\bp_remade\hakof1.bmp.png
hakos1.bmp,C:\Development\Git\Afevis-MGS2-Bugfix-Compilation\Texture Fixes\ps2 textures\OPAQUE\bp_remade\hakos1.bmp.png
hakot1.bmp,C:\Development\Git\Afevis-MGS2-Bugfix-Compilation\Texture Fixes\ps2 textures\OPAQUE\bp_remade\hakot1.bmp.png
hamon04_add_msk.bmp,C:\Development\Git\Afevis-MGS2-Bugfix-Compilation\Texture Fixes\ps2 textures\HAS ALPHA\same sha1\hamon04_add_msk.bmp.png
hamon05_add_msk.bmp,C:\Development\Git\Afevis-MGS2-Bugfix-Compilation\Texture Fixes\ps2 textures\HAS ALPHA\same sha1\hamon05_add_msk.bmp.png
hamon06_add_msk.bmp,C:\Development\Git\Afevis-MGS2-Bugfix-Compilation\Texture Fixes\ps2 textures\HAS ALPHA\same sha1\hamon06_add_msk.bmp.png
hamon09_add_alp.bmp,C:\Development\Git\Afevis-MGS2-Bugfix-Compilation\Texture Fixes\ps2 textures\HAS ALPHA\same sha1\hamon09_add_alp.bmp.png
hazard.bmp,C:\Development\Git\Afevis-MGS2-Bugfix-Compilation\Texture Fixes\ps2 textures\OPAQUE\same sha1\hazard.bmp.png
haze03_alp_ovl.bmp,C:\Development\Git\Afevis-MGS2-Bugfix-Compilation\Texture Fixes\ps2 textures\HAS ALPHA\same sha1\haze03_alp_ovl.bmp.png
heart.bmp,C:\Development\Git\Afevis-MGS2-Bugfix-Compilation\Texture Fixes\ps2 textures\OPAQUE\same sha1\heart.bmp.png
heart_alp.bmp,C:\Development\Git\Afevis-MGS2-Bugfix-Compilation\Texture Fixes\ps2 textures\HAS ALPHA\same sha1\heart_alp.bmp.png
heart_msk.bmp,C:\Development\Git\Afevis-MGS2-Bugfix-Compilation\Texture Fixes\ps2 textures\HAS ALPHA\same sha1\heart_msk.bmp.png
hfb2_alp_ovl.bmp,C:\Development\Git\Afevis-MGS2-Bugfix-Compilation\Texture Fixes\ps2 textures\HAS ALPHA\bp_remade\no_mip_fixes\ui\hfb2_alp_ovl.bmp.png
hfb_alp_ovl.bmp,C:\Development\Git\Afevis-MGS2-Bugfix-Compilation\Texture Fixes\ps2 textures\HAS ALPHA\bp_remade\no_mip_fixes\ui\hfb_alp_ovl.bmp.png
hfb_ovl_mod1120_alp_emap.bmp,C:\Development\Git\Afevis-MGS2-Bugfix-Compilation\Texture Fixes\ps2 textures\OPAQUE\same sha1\hfb_ovl_mod1120_alp_emap.bmp.png
hfb_sb_saya.bmp,C:\Development\Git\Afevis-MGS2-Bugfix-Compilation\Texture Fixes\ps2 textures\OPAQUE\same sha1\hfb_sb_saya.bmp.png
hfb_soli_saya.bmp,C:\Development\Git\Afevis-MGS2-Bugfix-Compilation\Texture Fixes\ps2 textures\OPAQUE\same sha1\hfb_soli_saya.bmp.png
hfb_tuba.bmp,C:\Development\Git\Afevis-MGS2-Bugfix-Compilation\Texture Fixes\ps2 textures\OPAQUE\same sha1\hfb_tuba.bmp.png
hfbs2_ovl_mod1120_alp_emap.bmp,C:\Development\Git\Afevis-MGS2-Bugfix-Compilation\Texture Fixes\ps2 textures\OPAQUE\same sha1\hfbs2_ovl_mod1120_alp_emap.bmp.png
hfbs_ovl_mod1120_alp_emap.bmp,C:\Development\Git\Afevis-MGS2-Bugfix-Compilation\Texture Fixes\ps2 textures\OPAQUE\same sha1\hfbs_ovl_mod1120_alp_emap.bmp.png
hnm_death_00_ovl_alp.bmp,C:\Development\Git\Afevis-MGS2-Bugfix-Compilation\Texture Fixes\ps2 textures\HAS ALPHA\same sha1\hnm_death_00_ovl_alp.bmp.png
hnm_low_ovl_alp.bmp,C:\Development\Git\Afevis-MGS2-Bugfix-Compilation\Texture Fixes\ps2 textures\HAS ALPHA\same sha1\hnm_low_ovl_alp.bmp.png
hos_fa_foot01.bmp,C:\Development\Git\Afevis-MGS2-Bugfix-Compilation\Texture Fixes\ps2 textures\OPAQUE\same sha1\hos_fa_foot01.bmp.png
hos_fa_ovl_mod1120_alp_emap.bmp,C:\Development\Git\Afevis-MGS2-Bugfix-Compilation\Texture Fixes\ps2 textures\OPAQUE\same sha1\hos_fa_ovl_mod1120_alp_emap.bmp.png
hos_red.bmp,C:\Development\Git\Afevis-MGS2-Bugfix-Compilation\Texture Fixes\ps2 textures\OPAQUE\same sha1\hos_red.bmp.png
hos_white.bmp,C:\Development\Git\Afevis-MGS2-Bugfix-Compilation\Texture Fixes\ps2 textures\OPAQUE\same sha1\hos_white.bmp.png
hosi.bmp,C:\Development\Git\Afevis-MGS2-Bugfix-Compilation\Texture Fixes\ps2 textures\OPAQUE\same sha1\hosi.bmp.png
hosi_msk.bmp,C:\Development\Git\Afevis-MGS2-Bugfix-Compilation\Texture Fixes\ps2 textures\HAS ALPHA\same sha1\hosi_msk.bmp.png
hri2_b_wheel_cov.bmp,C:\Development\Git\Afevis-MGS2-Bugfix-Compilation\Texture Fixes\ps2 textures\OPAQUE\same sha1\hri2_b_wheel_cov.bmp.png
hri2_b_wheel_iner.bmp,C:\Development\Git\Afevis-MGS2-Bugfix-Compilation\Texture Fixes\ps2 textures\OPAQUE\same sha1\hri2_b_wheel_iner.bmp.png
hri2_body_back_cracked.bmp,C:\Development\Git\Afevis-MGS2-Bugfix-Compilation\Texture Fixes\ps2 textures\OPAQUE\bp_remade\hri2_body_back_cracked.bmp.png
hri2_body_s1_brk.bmp,C:\Development\Git\Afevis-MGS2-Bugfix-Compilation\Texture Fixes\ps2 textures\OPAQUE\bp_remade\hri2_body_s1_brk.bmp.png
hri2_cnpy02_brk_kato_ovl.bmp,C:\Development\Git\Afevis-MGS2-Bugfix-Compilation\Texture Fixes\ps2 textures\OPAQUE\bp_remade\hri2_cnpy02_brk_kato_ovl.bmp.png
hri2_cockpit_console_04.bmp,C:\Development\Git\Afevis-MGS2-Bugfix-Compilation\Texture Fixes\ps2 textures\OPAQUE\same sha1\hri2_cockpit_console_04.bmp.png
hri2_cockpit_console_t3.bmp,C:\Development\Git\Afevis-MGS2-Bugfix-Compilation\Texture Fixes\ps2 textures\OPAQUE\bp_remade\hri2_cockpit_console_t3.bmp.png
hri2_cockpit_sideplate_01.bmp,C:\Development\Git\Afevis-MGS2-Bugfix-Compilation\Texture Fixes\ps2 textures\OPAQUE\bp_remade\hri2_cockpit_sideplate_01.bmp.png
hri2_face_flenz.bmp,C:\Development\Git\Afevis-MGS2-Bugfix-Compilation\Texture Fixes\ps2 textures\OPAQUE\same sha1\hri2_face_flenz.bmp.png
hri2_face_s1_brk.bmp,C:\Development\Git\Afevis-MGS2-Bugfix-Compilation\Texture Fixes\ps2 textures\OPAQUE\bp_remade\hri2_face_s1_brk.bmp.png
hri2_fan.bmp,C:\Development\Git\Afevis-MGS2-Bugfix-Compilation\Texture Fixes\ps2 textures\OPAQUE\same sha1\hri2_fan.bmp.png
hri2_fan_brk.bmp,C:\Development\Git\Afevis-MGS2-Bugfix-Compilation\Texture Fixes\ps2 textures\OPAQUE\same sha1\hri2_fan_brk.bmp.png
hri2_mwing_t1_brk.bmp,C:\Development\Git\Afevis-MGS2-Bugfix-Compilation\Texture Fixes\ps2 textures\OPAQUE\bp_remade\hri2_mwing_t1_brk.bmp.png
hri2_seat.bmp,C:\Development\Git\Afevis-MGS2-Bugfix-Compilation\Texture Fixes\ps2 textures\OPAQUE\same sha1\hri2_seat.bmp.png
hri2_seat_02.bmp,C:\Development\Git\Afevis-MGS2-Bugfix-Compilation\Texture Fixes\ps2 textures\OPAQUE\same sha1\hri2_seat_02.bmp.png
hri2_seat_back.bmp,C:\Development\Git\Afevis-MGS2-Bugfix-Compilation\Texture Fixes\ps2 textures\OPAQUE\same sha1\hri2_seat_back.bmp.png
hri2_wheel.bmp,C:\Development\Git\Afevis-MGS2-Bugfix-Compilation\Texture Fixes\ps2 textures\OPAQUE\same sha1\hri2_wheel.bmp.png
hri_canopy_ovl_mod1120_emap.bmp,C:\Development\Git\Afevis-MGS2-Bugfix-Compilation\Texture Fixes\ps2 textures\OPAQUE\same sha1\hri_canopy_ovl_mod1120_emap.bmp.png
hri_clst_warhead_alp_ovl.bmp,C:\Development\Git\Afevis-MGS2-Bugfix-Compilation\Texture Fixes\ps2 textures\HAS ALPHA\same sha1\hri_clst_warhead_alp_ovl.bmp.png
hri_clusterbomb_s1.bmp,C:\Development\Git\Afevis-MGS2-Bugfix-Compilation\Texture Fixes\ps2 textures\OPAQUE\same sha1\hri_clusterbomb_s1.bmp.png
hri_clusterbomb_wing1.bmp,C:\Development\Git\Afevis-MGS2-Bugfix-Compilation\Texture Fixes\ps2 textures\OPAQUE\same sha1\hri_clusterbomb_wing1.bmp.png
hri_mspod_warhead_alp_ovl.bmp,C:\Development\Git\Afevis-MGS2-Bugfix-Compilation\Texture Fixes\ps2 textures\OPAQUE\same sha1\hri_mspod_warhead_alp_ovl.bmp.png
htc_eye2_ovl_hlf.bmp,C:\Development\Git\Afevis-MGS2-Bugfix-Compilation\Texture Fixes\ps2 textures\HAS ALPHA\same sha1\htc_eye2_ovl_hlf.bmp.png
htc_gun_fro.bmp,C:\Development\Git\Afevis-MGS2-Bugfix-Compilation\Texture Fixes\ps2 textures\OPAQUE\same sha1\htc_gun_fro.bmp.png
htc_gun_side.bmp,C:\Development\Git\Afevis-MGS2-Bugfix-Compilation\Texture Fixes\ps2 textures\OPAQUE\same sha1\htc_gun_side.bmp.png
htl_alp_ovl.bmp,C:\Development\Git\Afevis-MGS2-Bugfix-Compilation\Texture Fixes\ps2 textures\HAS ALPHA\bp_remade\no_mip_fixes\ui\htl_alp_ovl.bmp.png
ice01_alp_ovl.bmp,C:\Development\Git\Afevis-MGS2-Bugfix-Compilation\Texture Fixes\ps2 textures\HAS ALPHA\same sha1\ice01_alp_ovl.bmp.png
iro_arm_l.bmp,C:\Development\Git\Afevis-MGS2-Bugfix-Compilation\Texture Fixes\ps2 textures\OPAQUE\bp_remade\iro_arm_l.bmp.png
iro_arm_r.bmp,C:\Development\Git\Afevis-MGS2-Bugfix-Compilation\Texture Fixes\ps2 textures\OPAQUE\bp_remade\iro_arm_r.bmp.png
iro_arm_ss.bmp,C:\Development\Git\Afevis-MGS2-Bugfix-Compilation\Texture Fixes\ps2 textures\OPAQUE\bp_remade\iro_arm_ss.bmp.png
iro_bag1.bmp,C:\Development\Git\Afevis-MGS2-Bugfix-Compilation\Texture Fixes\ps2 textures\OPAQUE\bp_remade\iro_bag1.bmp.png
iro_bag2.bmp,C:\Development\Git\Afevis-MGS2-Bugfix-Compilation\Texture Fixes\ps2 textures\OPAQUE\bp_remade\iro_bag2.bmp.png
iro_bag3.bmp,C:\Development\Git\Afevis-MGS2-Bugfix-Compilation\Texture Fixes\ps2 textures\OPAQUE\bp_remade\iro_bag3.bmp.png
iro_bag4.bmp,C:\Development\Git\Afevis-MGS2-Bugfix-Compilation\Texture Fixes\ps2 textures\OPAQUE\bp_remade\iro_bag4.bmp.png
iro_bag5.bmp,C:\Development\Git\Afevis-MGS2-Bugfix-Compilation\Texture Fixes\ps2 textures\OPAQUE\bp_remade\iro_bag5.bmp.png
iro_bag6.bmp,C:\Development\Git\Afevis-MGS2-Bugfix-Compilation\Texture Fixes\ps2 textures\OPAQUE\bp_remade\iro_bag6.bmp.png
iro_body.bmp,C:\Development\Git\Afevis-MGS2-Bugfix-Compilation\Texture Fixes\ps2 textures\OPAQUE\bp_remade\iro_body.bmp.png
iro_boots.bmp,C:\Development\Git\Afevis-MGS2-Bugfix-Compilation\Texture Fixes\ps2 textures\OPAQUE\bp_remade\iro_boots.bmp.png
iro_face.bmp,C:\Development\Git\Afevis-MGS2-Bugfix-Compilation\Texture Fixes\ps2 textures\OPAQUE\bp_remade\iro_face.bmp.png
iro_face.bmp_c2887b3a82812f39ba6df6e2295dab8a,C:\Development\Git\Afevis-MGS2-Bugfix-Compilation\Texture Fixes\ps2 textures\OPAQUE\bp_remade\iro_face.bmp_c2887b3a82812f39ba6df6e2295dab8a.png
iro_glass_frame.bmp,C:\Development\Git\Afevis-MGS2-Bugfix-Compilation\Texture Fixes\ps2 textures\OPAQUE\bp_remade\iro_glass_frame.bmp.png
iro_hair_base.bmp,C:\Development\Git\Afevis-MGS2-Bugfix-Compilation\Texture Fixes\ps2 textures\OPAQUE\bp_remade\iro_hair_base.bmp.png
iro_hand.bmp,C:\Development\Git\Afevis-MGS2-Bugfix-Compilation\Texture Fixes\ps2 textures\OPAQUE\bp_remade\iro_hand.bmp.png
iro_hand_hi.bmp,C:\Development\Git\Afevis-MGS2-Bugfix-Compilation\Texture Fixes\ps2 textures\OPAQUE\bp_remade\iro_hand_hi.bmp.png
iro_hi_face.bmp,C:\Development\Git\Afevis-MGS2-Bugfix-Compilation\Texture Fixes\ps2 textures\OPAQUE\bp_remade\iro_hi_face.bmp.png
iro_hi_face_bandage.bmp,C:\Development\Git\Afevis-MGS2-Bugfix-Compilation\Texture Fixes\ps2 textures\OPAQUE\bp_remade\iro_hi_face_bandage.bmp.png
iro_hi_finger.bmp,C:\Development\Git\Afevis-MGS2-Bugfix-Compilation\Texture Fixes\ps2 textures\OPAQUE\bp_remade\iro_hi_finger.bmp.png
iro_hi_finger2.bmp,C:\Development\Git\Afevis-MGS2-Bugfix-Compilation\Texture Fixes\ps2 textures\OPAQUE\bp_remade\iro_hi_finger2.bmp.png
iro_hi_hand1.bmp,C:\Development\Git\Afevis-MGS2-Bugfix-Compilation\Texture Fixes\ps2 textures\OPAQUE\bp_remade\iro_hi_hand1.bmp.png
iro_hi_hand2.bmp,C:\Development\Git\Afevis-MGS2-Bugfix-Compilation\Texture Fixes\ps2 textures\OPAQUE\bp_remade\iro_hi_hand2.bmp.png
iro_hi_tang.bmp,C:\Development\Git\Afevis-MGS2-Bugfix-Compilation\Texture Fixes\ps2 textures\OPAQUE\bp_remade\iro_hi_tang.bmp.png
iro_hi_teeth.bmp,C:\Development\Git\Afevis-MGS2-Bugfix-Compilation\Texture Fixes\ps2 textures\OPAQUE\bp_remade\iro_hi_teeth.bmp.png
iro_mask.bmp,C:\Development\Git\Afevis-MGS2-Bugfix-Compilation\Texture Fixes\ps2 textures\OPAQUE\bp_remade\iro_mask.bmp.png
iro_nail.bmp,C:\Development\Git\Afevis-MGS2-Bugfix-Compilation\Texture Fixes\ps2 textures\OPAQUE\bp_remade\iro_nail.bmp.png
iro_phones01.bmp,C:\Development\Git\Afevis-MGS2-Bugfix-Compilation\Texture Fixes\ps2 textures\OPAQUE\bp_remade\iro_phones01.bmp.png
iro_radio.bmp,C:\Development\Git\Afevis-MGS2-Bugfix-Compilation\Texture Fixes\ps2 textures\OPAQUE\bp_remade\iro_radio.bmp.png
iro_sk_face.bmp,C:\Development\Git\Afevis-MGS2-Bugfix-Compilation\Texture Fixes\ps2 textures\OPAQUE\bp_remade\iro_sk_face.bmp.png
iro_skin.bmp,C:\Development\Git\Afevis-MGS2-Bugfix-Compilation\Texture Fixes\ps2 textures\OPAQUE\bp_remade\iro_skin.bmp.png
iro_skin_bandage.bmp,C:\Development\Git\Afevis-MGS2-Bugfix-Compilation\Texture Fixes\ps2 textures\OPAQUE\bp_remade\iro_skin_bandage.bmp.png
iro_skin_blood.bmp,C:\Development\Git\Afevis-MGS2-Bugfix-Compilation\Texture Fixes\ps2 textures\OPAQUE\bp_remade\iro_skin_blood.bmp.png
iro_snawear.bmp,C:\Development\Git\Afevis-MGS2-Bugfix-Compilation\Texture Fixes\ps2 textures\OPAQUE\bp_remade\iro_snawear.bmp.png
irs_box_all.bmp,C:\Development\Git\Afevis-MGS2-Bugfix-Compilation\Texture Fixes\ps2 textures\OPAQUE\bp_remade\irs_box_all.bmp.png
irs_diode_ovl.bmp,C:\Development\Git\Afevis-MGS2-Bugfix-Compilation\Texture Fixes\ps2 textures\OPAQUE\same sha1\irs_diode_ovl.bmp.png
irs_main.bmp,C:\Development\Git\Afevis-MGS2-Bugfix-Compilation\Texture Fixes\ps2 textures\OPAQUE\bp_remade\irs_main.bmp.png
irs_u1.bmp,C:\Development\Git\Afevis-MGS2-Bugfix-Compilation\Texture Fixes\ps2 textures\OPAQUE\bp_remade\irs_u1.bmp.png
irs_window_add.bmp,C:\Development\Git\Afevis-MGS2-Bugfix-Compilation\Texture Fixes\ps2 textures\OPAQUE\same sha1\irs_window_add.bmp.png
jam_alp_ovl.bmp,C:\Development\Git\Afevis-MGS2-Bugfix-Compilation\Texture Fixes\ps2 textures\HAS ALPHA\bp_remade\no_mip_fixes\ui\jam_alp_ovl.bmp.png
jam_e2_ovl_mod1120_alp_emap.bmp,C:\Development\Git\Afevis-MGS2-Bugfix-Compilation\Texture Fixes\ps2 textures\OPAQUE\same sha1\jam_e2_ovl_mod1120_alp_emap.bmp.png
jam_hi_tooth_d3_dt.bmp,C:\Development\Git\Afevis-MGS2-Bugfix-Compilation\Texture Fixes\ps2 textures\OPAQUE\same sha1\jam_hi_tooth_d3_dt.bmp.png
jim_botan_01.bmp,C:\Development\Git\Afevis-MGS2-Bugfix-Compilation\Texture Fixes\ps2 textures\OPAQUE\same sha1\jim_botan_01.bmp.png
jim_hand_01.bmp,C:\Development\Git\Afevis-MGS2-Bugfix-Compilation\Texture Fixes\ps2 textures\OPAQUE\same sha1\jim_hand_01.bmp.png
jim_huc_01.bmp,C:\Development\Git\Afevis-MGS2-Bugfix-Compilation\Texture Fixes\ps2 textures\OPAQUE\same sha1\jim_huc_01.bmp.png
jim_rusty_arm_01.bmp,C:\Development\Git\Afevis-MGS2-Bugfix-Compilation\Texture Fixes\ps2 textures\OPAQUE\bp_remade\jim_rusty_arm_01.bmp.png
jim_rusty_back_01.bmp,C:\Development\Git\Afevis-MGS2-Bugfix-Compilation\Texture Fixes\ps2 textures\OPAQUE\bp_remade\jim_rusty_back_01.bmp.png
jim_rusty_body_02.bmp,C:\Development\Git\Afevis-MGS2-Bugfix-Compilation\Texture Fixes\ps2 textures\OPAQUE\bp_remade\jim_rusty_body_02.bmp.png
jim_rusty_joint_01.bmp,C:\Development\Git\Afevis-MGS2-Bugfix-Compilation\Texture Fixes\ps2 textures\OPAQUE\bp_remade\jim_rusty_joint_01.bmp.png
jim_rusty_met_02.bmp,C:\Development\Git\Afevis-MGS2-Bugfix-Compilation\Texture Fixes\ps2 textures\OPAQUE\bp_remade\jim_rusty_met_02.bmp.png
jim_rusty_tugai_01.bmp,C:\Development\Git\Afevis-MGS2-Bugfix-Compilation\Texture Fixes\ps2 textures\OPAQUE\same sha1\jim_rusty_tugai_01.bmp.png
k100.bmp_054638f0c3d9437b10ac3ca959481112,C:\Development\Git\Afevis-MGS2-Bugfix-Compilation\Texture Fixes\ps2 textures\OPAQUE\same sha1\k100.bmp_054638f0c3d9437b10ac3ca959481112.png
k_eye_s_pos.bmp,C:\Development\Git\Afevis-MGS2-Bugfix-Compilation\Texture Fixes\ps2 textures\OPAQUE\bp_remade\k_eye_s_pos.bmp.png
kaitaic4_c_f1.bmp,C:\Development\Git\Afevis-MGS2-Bugfix-Compilation\Texture Fixes\ps2 textures\OPAQUE\bp_remade\kaitaic4_c_f1.bmp.png
kanpan_02_left_alp_ovl.bmp,C:\Development\Git\Afevis-MGS2-Bugfix-Compilation\Texture Fixes\ps2 textures\HAS ALPHA\bp_remade\no_mip_fixes\ui\kanpan_02_left_alp_ovl.bmp.png
kanpan_02_right_alp_ovl.bmp,C:\Development\Git\Afevis-MGS2-Bugfix-Compilation\Texture Fixes\ps2 textures\HAS ALPHA\bp_remade\no_mip_fixes\ui\kanpan_02_right_alp_ovl.bmp.png
kanpan_alp_ovl.bmp,C:\Development\Git\Afevis-MGS2-Bugfix-Compilation\Texture Fixes\ps2 textures\HAS ALPHA\bp_remade\no_mip_fixes\ui\kanpan_alp_ovl.bmp.png
kanpan_left_alp_ovl.bmp,C:\Development\Git\Afevis-MGS2-Bugfix-Compilation\Texture Fixes\ps2 textures\HAS ALPHA\bp_remade\no_mip_fixes\ui\kanpan_left_alp_ovl.bmp.png
kanpan_right_alp_ovl.bmp,C:\Development\Git\Afevis-MGS2-Bugfix-Compilation\Texture Fixes\ps2 textures\HAS ALPHA\bp_remade\no_mip_fixes\ui\kanpan_right_alp_ovl.bmp.png
kcej_logo_alp_ovl.bmp,C:\Development\Git\Afevis-MGS2-Bugfix-Compilation\Texture Fixes\ps2 textures\OPAQUE\bp_remade\no_mip_fixes\ui\kcej_logo_alp_ovl.bmp.png
kck_blade_blur_alp.bmp,C:\Development\Git\Afevis-MGS2-Bugfix-Compilation\Texture Fixes\ps2 textures\HAS ALPHA\same sha1\kck_blade_blur_alp.bmp.png
kck_body1_s.bmp,C:\Development\Git\Afevis-MGS2-Bugfix-Compilation\Texture Fixes\ps2 textures\OPAQUE\bp_remade\kck_body1_s.bmp.png
kck_body1_t.bmp,C:\Development\Git\Afevis-MGS2-Bugfix-Compilation\Texture Fixes\ps2 textures\OPAQUE\bp_remade\kck_body1_t.bmp.png
kck_body2.bmp,C:\Development\Git\Afevis-MGS2-Bugfix-Compilation\Texture Fixes\ps2 textures\OPAQUE\bp_remade\kck_body2.bmp.png
kck_body2_large.bmp,C:\Development\Git\Afevis-MGS2-Bugfix-Compilation\Texture Fixes\ps2 textures\OPAQUE\same sha1\kck_body2_large.bmp.png
kck_canopy_ovl_mod1120_emap.bmp,C:\Development\Git\Afevis-MGS2-Bugfix-Compilation\Texture Fixes\ps2 textures\OPAQUE\same sha1\kck_canopy_ovl_mod1120_emap.bmp.png
kck_ckpt_chair_face.bmp,C:\Development\Git\Afevis-MGS2-Bugfix-Compilation\Texture Fixes\ps2 textures\OPAQUE\bp_remade\kck_ckpt_chair_face.bmp.png
kck_ckpt_chair_head.bmp,C:\Development\Git\Afevis-MGS2-Bugfix-Compilation\Texture Fixes\ps2 textures\OPAQUE\bp_remade\kck_ckpt_chair_head.bmp.png
kck_glass.bmp,C:\Development\Git\Afevis-MGS2-Bugfix-Compilation\Texture Fixes\ps2 textures\OPAQUE\bp_remade\kck_glass.bmp.png
kck_gray1.bmp,C:\Development\Git\Afevis-MGS2-Bugfix-Compilation\Texture Fixes\ps2 textures\OPAQUE\same sha1\kck_gray1.bmp.png
kck_iner_wall.bmp,C:\Development\Git\Afevis-MGS2-Bugfix-Compilation\Texture Fixes\ps2 textures\OPAQUE\same sha1\kck_iner_wall.bmp.png
kck_mark504.bmp,C:\Development\Git\Afevis-MGS2-Bugfix-Compilation\Texture Fixes\ps2 textures\OPAQUE\bp_remade\kck_mark504.bmp.png
kck_mrot_propera.bmp,C:\Development\Git\Afevis-MGS2-Bugfix-Compilation\Texture Fixes\ps2 textures\OPAQUE\bp_remade\kck_mrot_propera.bmp.png
kck_propera.bmp,C:\Development\Git\Afevis-MGS2-Bugfix-Compilation\Texture Fixes\ps2 textures\OPAQUE\same sha1\kck_propera.bmp.png
kck_red.bmp,C:\Development\Git\Afevis-MGS2-Bugfix-Compilation\Texture Fixes\ps2 textures\OPAQUE\same sha1\kck_red.bmp.png
kck_ropebox.bmp,C:\Development\Git\Afevis-MGS2-Bugfix-Compilation\Texture Fixes\ps2 textures\OPAQUE\bp_remade\kck_ropebox.bmp.png
kck_roter.bmp,C:\Development\Git\Afevis-MGS2-Bugfix-Compilation\Texture Fixes\ps2 textures\OPAQUE\same sha1\kck_roter.bmp.png
kck_roter01_alp.bmp,C:\Development\Git\Afevis-MGS2-Bugfix-Compilation\Texture Fixes\ps2 textures\HAS ALPHA\same sha1\kck_roter01_alp.bmp.png
kck_twing2_s.bmp,C:\Development\Git\Afevis-MGS2-Bugfix-Compilation\Texture Fixes\ps2 textures\OPAQUE\bp_remade\kck_twing2_s.bmp.png
kck_twing2_t.bmp,C:\Development\Git\Afevis-MGS2-Bugfix-Compilation\Texture Fixes\ps2 textures\OPAQUE\same sha1\kck_twing2_t.bmp.png
kck_twing_s.bmp,C:\Development\Git\Afevis-MGS2-Bugfix-Compilation\Texture Fixes\ps2 textures\OPAQUE\bp_remade\kck_twing_s.bmp.png
kckis_box1.bmp,C:\Development\Git\Afevis-MGS2-Bugfix-Compilation\Texture Fixes\ps2 textures\OPAQUE\bp_remade\kckis_box1.bmp.png
kckis_ceil_grip1.bmp,C:\Development\Git\Afevis-MGS2-Bugfix-Compilation\Texture Fixes\ps2 textures\OPAQUE\same sha1\kckis_ceil_grip1.bmp.png
kckis_ceil_grip2.bmp,C:\Development\Git\Afevis-MGS2-Bugfix-Compilation\Texture Fixes\ps2 textures\OPAQUE\same sha1\kckis_ceil_grip2.bmp.png
kckis_chair_pipe.bmp,C:\Development\Git\Afevis-MGS2-Bugfix-Compilation\Texture Fixes\ps2 textures\OPAQUE\same sha1\kckis_chair_pipe.bmp.png
kckis_chair_t1.bmp,C:\Development\Git\Afevis-MGS2-Bugfix-Compilation\Texture Fixes\ps2 textures\OPAQUE\same sha1\kckis_chair_t1.bmp.png
kckis_lit_alp_ovl.bmp,C:\Development\Git\Afevis-MGS2-Bugfix-Compilation\Texture Fixes\ps2 textures\HAS ALPHA\same sha1\kckis_lit_alp_ovl.bmp.png
kckis_pipe1.bmp,C:\Development\Git\Afevis-MGS2-Bugfix-Compilation\Texture Fixes\ps2 textures\OPAQUE\bp_remade\kckis_pipe1.bmp.png
kckis_prllit_add.bmp,C:\Development\Git\Afevis-MGS2-Bugfix-Compilation\Texture Fixes\ps2 textures\OPAQUE\same sha1\kckis_prllit_add.bmp.png
kckis_wall_s1.bmp,C:\Development\Git\Afevis-MGS2-Bugfix-Compilation\Texture Fixes\ps2 textures\OPAQUE\bp_remade\kckis_wall_s1.bmp.png
kckis_window_alp.bmp,C:\Development\Git\Afevis-MGS2-Bugfix-Compilation\Texture Fixes\ps2 textures\HAS ALPHA\same sha1\kckis_window_alp.bmp.png
ketchap00_alp.bmp,C:\Development\Git\Afevis-MGS2-Bugfix-Compilation\Texture Fixes\ps2 textures\HAS ALPHA\same sha1\ketchap00_alp.bmp.png
ketchap_g.bmp,C:\Development\Git\Afevis-MGS2-Bugfix-Compilation\Texture Fixes\ps2 textures\OPAQUE\same sha1\ketchap_g.bmp.png
kictobunt.bmp,C:\Development\Git\Afevis-MGS2-Bugfix-Compilation\Texture Fixes\ps2 textures\OPAQUE\bp_remade\kictobunt.bmp.png
kictpa1.bmp,C:\Development\Git\Afevis-MGS2-Bugfix-Compilation\Texture Fixes\ps2 textures\OPAQUE\bp_remade\kictpa1.bmp.png
kikan_alp_ovl.bmp,C:\Development\Git\Afevis-MGS2-Bugfix-Compilation\Texture Fixes\ps2 textures\HAS ALPHA\bp_remade\no_mip_fixes\ui\kikan_alp_ovl.bmp.png
kikan_ent_left_alp_ovl.bmp,C:\Development\Git\Afevis-MGS2-Bugfix-Compilation\Texture Fixes\ps2 textures\HAS ALPHA\bp_remade\no_mip_fixes\ui\kikan_ent_left_alp_ovl.bmp.png
kikan_ent_right_alp_ovl.bmp,C:\Development\Git\Afevis-MGS2-Bugfix-Compilation\Texture Fixes\ps2 textures\HAS ALPHA\bp_remade\no_mip_fixes\ui\kikan_ent_right_alp_ovl.bmp.png
kikan_left_alp_ovl.bmp,C:\Development\Git\Afevis-MGS2-Bugfix-Compilation\Texture Fixes\ps2 textures\HAS ALPHA\bp_remade\no_mip_fixes\ui\kikan_left_alp_ovl.bmp.png
kikan_right_alp_ovl.bmp,C:\Development\Git\Afevis-MGS2-Bugfix-Compilation\Texture Fixes\ps2 textures\HAS ALPHA\bp_remade\no_mip_fixes\ui\kikan_right_alp_ovl.bmp.png
kirari_alp_ovl.bmp,C:\Development\Git\Afevis-MGS2-Bugfix-Compilation\Texture Fixes\ps2 textures\HAS ALPHA\same sha1\kirari_alp_ovl.bmp.png
kitabup1.bmp,C:\Development\Git\Afevis-MGS2-Bugfix-Compilation\Texture Fixes\ps2 textures\OPAQUE\bp_remade\kitabup1.bmp.png
kitabup2.bmp,C:\Development\Git\Afevis-MGS2-Bugfix-Compilation\Texture Fixes\ps2 textures\OPAQUE\bp_remade\kitabup2.bmp.png
kitabup2b.bmp,C:\Development\Git\Afevis-MGS2-Bugfix-Compilation\Texture Fixes\ps2 textures\OPAQUE\bp_remade\kitabup2b.bmp.png
kitdaif.bmp_f955769afe56243c99ca706b761e63b1,C:\Development\Git\Afevis-MGS2-Bugfix-Compilation\Texture Fixes\ps2 textures\OPAQUE\bp_remade\kitdaif.bmp_f955769afe56243c99ca706b761e63b1.png
kitdaif2a.bmp,C:\Development\Git\Afevis-MGS2-Bugfix-Compilation\Texture Fixes\ps2 textures\OPAQUE\bp_remade\kitdaif2a.bmp.png
kitflymoto.bmp,C:\Development\Git\Afevis-MGS2-Bugfix-Compilation\Texture Fixes\ps2 textures\OPAQUE\bp_remade\kitflymoto.bmp.png
kitflymoto_s.bmp,C:\Development\Git\Afevis-MGS2-Bugfix-Compilation\Texture Fixes\ps2 textures\OPAQUE\bp_remade\kitflymoto_s.bmp.png
kitgas_t.bmp,C:\Development\Git\Afevis-MGS2-Bugfix-Compilation\Texture Fixes\ps2 textures\OPAQUE\bp_remade\kitgas_t.bmp.png
kitkabf.bmp,C:\Development\Git\Afevis-MGS2-Bugfix-Compilation\Texture Fixes\ps2 textures\OPAQUE\bp_remade\kitkabf.bmp.png
kitnab_c.bmp,C:\Development\Git\Afevis-MGS2-Bugfix-Compilation\Texture Fixes\ps2 textures\OPAQUE\bp_remade\kitnab_c.bmp.png
kitnab_s.bmp,C:\Development\Git\Afevis-MGS2-Bugfix-Compilation\Texture Fixes\ps2 textures\OPAQUE\bp_remade\kitnab_s.bmp.png
kitnabd.bmp,C:\Development\Git\Afevis-MGS2-Bugfix-Compilation\Texture Fixes\ps2 textures\OPAQUE\bp_remade\kitnabd.bmp.png
kl_renraku_alp_ovl.bmp,C:\Development\Git\Afevis-MGS2-Bugfix-Compilation\Texture Fixes\ps2 textures\HAS ALPHA\bp_remade\no_mip_fixes\ui\kl_renraku_alp_ovl.bmp.png
kmo_low_body.bmp,C:\Development\Git\Afevis-MGS2-Bugfix-Compilation\Texture Fixes\ps2 textures\OPAQUE\same sha1\kmo_low_body.bmp.png
kmo_low_legs.bmp,C:\Development\Git\Afevis-MGS2-Bugfix-Compilation\Texture Fixes\ps2 textures\OPAQUE\same sha1\kmo_low_legs.bmp.png
kwtmst_hl_alp_ovl.bmp,C:\Development\Git\Afevis-MGS2-Bugfix-Compilation\Texture Fixes\ps2 textures\HAS ALPHA\same sha1\kwtmst_hl_alp_ovl.bmp.png
l_gaishu_alp_ovl.bmp,C:\Development\Git\Afevis-MGS2-Bugfix-Compilation\Texture Fixes\ps2 textures\HAS ALPHA\bp_remade\no_mip_fixes\ui\l_gaishu_alp_ovl.bmp.png
l_oilfence_alp_ovl.bmp,C:\Development\Git\Afevis-MGS2-Bugfix-Compilation\Texture Fixes\ps2 textures\HAS ALPHA\bp_remade\no_mip_fixes\ui\l_oilfence_alp_ovl.bmp.png
l_osui_alp_ovl.bmp,C:\Development\Git\Afevis-MGS2-Bugfix-Compilation\Texture Fixes\ps2 textures\HAS ALPHA\bp_remade\no_mip_fixes\ui\l_osui_alp_ovl.bmp.png
lez.bmp,C:\Development\Git\Afevis-MGS2-Bugfix-Compilation\Texture Fixes\ps2 textures\OPAQUE\same sha1\lez.bmp.png
lez2.bmp,C:\Development\Git\Afevis-MGS2-Bugfix-Compilation\Texture Fixes\ps2 textures\OPAQUE\same sha1\lez2.bmp.png
lg_renraku_alp_ovl.bmp,C:\Development\Git\Afevis-MGS2-Bugfix-Compilation\Texture Fixes\ps2 textures\HAS ALPHA\bp_remade\no_mip_fixes\ui\lg_renraku_alp_ovl.bmp.png
lifeboat_body_back_01.bmp,C:\Development\Git\Afevis-MGS2-Bugfix-Compilation\Texture Fixes\ps2 textures\OPAQUE\bp_remade\lifeboat_body_back_01.bmp.png
lifeboat_body_center_01.bmp,C:\Development\Git\Afevis-MGS2-Bugfix-Compilation\Texture Fixes\ps2 textures\OPAQUE\bp_remade\lifeboat_body_center_01.bmp.png
lifeboat_body_front_01.bmp,C:\Development\Git\Afevis-MGS2-Bugfix-Compilation\Texture Fixes\ps2 textures\OPAQUE\bp_remade\lifeboat_body_front_01.bmp.png
lifeboat_fin_01.bmp,C:\Development\Git\Afevis-MGS2-Bugfix-Compilation\Texture Fixes\ps2 textures\OPAQUE\bp_remade\lifeboat_fin_01.bmp.png
lifeboat_lift_09.bmp,C:\Development\Git\Afevis-MGS2-Bugfix-Compilation\Texture Fixes\ps2 textures\OPAQUE\same sha1\lifeboat_lift_09.bmp.png
lifeboat_number_01_alp_ovl.bmp,C:\Development\Git\Afevis-MGS2-Bugfix-Compilation\Texture Fixes\ps2 textures\HAS ALPHA\same sha1\lifeboat_number_01_alp_ovl.bmp.png
lifeboat_rescue_alp_ovl.bmp,C:\Development\Git\Afevis-MGS2-Bugfix-Compilation\Texture Fixes\ps2 textures\HAS ALPHA\same sha1\lifeboat_rescue_alp_ovl.bmp.png
lifeboat_window_back_01.bmp,C:\Development\Git\Afevis-MGS2-Bugfix-Compilation\Texture Fixes\ps2 textures\OPAQUE\bp_remade\lifeboat_window_back_01.bmp.png
lifeboat_window_front.bmp,C:\Development\Git\Afevis-MGS2-Bugfix-Compilation\Texture Fixes\ps2 textures\OPAQUE\bp_remade\lifeboat_window_front.bmp.png
light03_msk.bmp,C:\Development\Git\Afevis-MGS2-Bugfix-Compilation\Texture Fixes\ps2 textures\HAS ALPHA\same sha1\light03_msk.bmp.png
light07_msk.bmp,C:\Development\Git\Afevis-MGS2-Bugfix-Compilation\Texture Fixes\ps2 textures\HAS ALPHA\same sha1\light07_msk.bmp.png
light08_msk.bmp,C:\Development\Git\Afevis-MGS2-Bugfix-Compilation\Texture Fixes\ps2 textures\HAS ALPHA\same sha1\light08_msk.bmp.png
light10_msk.bmp,C:\Development\Git\Afevis-MGS2-Bugfix-Compilation\Texture Fixes\ps2 textures\HAS ALPHA\same sha1\light10_msk.bmp.png
light12_msk.bmp,C:\Development\Git\Afevis-MGS2-Bugfix-Compilation\Texture Fixes\ps2 textures\OPAQUE\same sha1\light12_msk.bmp.png
light13_msk.bmp,C:\Development\Git\Afevis-MGS2-Bugfix-Compilation\Texture Fixes\ps2 textures\HAS ALPHA\same sha1\light13_msk.bmp.png
lit_kage_alp_ovl.bmp,C:\Development\Git\Afevis-MGS2-Bugfix-Compilation\Texture Fixes\ps2 textures\HAS ALPHA\same sha1\lit_kage_alp_ovl.bmp.png
lita0_add_alp.bmp,C:\Development\Git\Afevis-MGS2-Bugfix-Compilation\Texture Fixes\ps2 textures\HAS ALPHA\same sha1\lita0_add_alp.bmp.png
lita0b_add_alp.bmp,C:\Development\Git\Afevis-MGS2-Bugfix-Compilation\Texture Fixes\ps2 textures\HAS ALPHA\same sha1\lita0b_add_alp.bmp.png
lita1_add_alp.bmp,C:\Development\Git\Afevis-MGS2-Bugfix-Compilation\Texture Fixes\ps2 textures\HAS ALPHA\same sha1\lita1_add_alp.bmp.png
lita1_add_alp.bmp_4d053ed55a7b98b83c4ecba8517bdedb,C:\Development\Git\Afevis-MGS2-Bugfix-Compilation\Texture Fixes\ps2 textures\HAS ALPHA\same sha1\lita1_add_alp.bmp_4d053ed55a7b98b83c4ecba8517bdedb.png
lita2_add_alp.bmp,C:\Development\Git\Afevis-MGS2-Bugfix-Compilation\Texture Fixes\ps2 textures\HAS ALPHA\same sha1\lita2_add_alp.bmp.png
lita3_add_alp.bmp,C:\Development\Git\Afevis-MGS2-Bugfix-Compilation\Texture Fixes\ps2 textures\HAS ALPHA\same sha1\lita3_add_alp.bmp.png
lnr_amo_s1.bmp,C:\Development\Git\Afevis-MGS2-Bugfix-Compilation\Texture Fixes\ps2 textures\OPAQUE\bp_remade\lnr_amo_s1.bmp.png
lnr_body.bmp,C:\Development\Git\Afevis-MGS2-Bugfix-Compilation\Texture Fixes\ps2 textures\OPAQUE\bp_remade\lnr_body.bmp.png
lnr_body2.bmp,C:\Development\Git\Afevis-MGS2-Bugfix-Compilation\Texture Fixes\ps2 textures\OPAQUE\bp_remade\lnr_body2.bmp.png
lnr_body2_kim.bmp,C:\Development\Git\Afevis-MGS2-Bugfix-Compilation\Texture Fixes\ps2 textures\OPAQUE\bp_remade\lnr_body2_kim.bmp.png
lnr_dankon_hibi1_alp.bmp,C:\Development\Git\Afevis-MGS2-Bugfix-Compilation\Texture Fixes\ps2 textures\HAS ALPHA\same sha1\lnr_dankon_hibi1_alp.bmp.png
lnr_dankon_hibi2_alp.bmp,C:\Development\Git\Afevis-MGS2-Bugfix-Compilation\Texture Fixes\ps2 textures\HAS ALPHA\same sha1\lnr_dankon_hibi2_alp.bmp.png
lnr_dankon_hibi3_alp.bmp,C:\Development\Git\Afevis-MGS2-Bugfix-Compilation\Texture Fixes\ps2 textures\HAS ALPHA\same sha1\lnr_dankon_hibi3_alp.bmp.png
lnr_mag_kim.bmp,C:\Development\Git\Afevis-MGS2-Bugfix-Compilation\Texture Fixes\ps2 textures\OPAQUE\bp_remade\lnr_mag_kim.bmp.png
lnr_rail1.bmp,C:\Development\Git\Afevis-MGS2-Bugfix-Compilation\Texture Fixes\ps2 textures\OPAQUE\bp_remade\lnr_rail1.bmp.png
loc_door_07.bmp,C:\Development\Git\Afevis-MGS2-Bugfix-Compilation\Texture Fixes\ps2 textures\OPAQUE\bp_remade\loc_door_07.bmp.png
lockon_octa_add_alp.bmp,C:\Development\Git\Afevis-MGS2-Bugfix-Compilation\Texture Fixes\ps2 textures\HAS ALPHA\same sha1\lockon_octa_add_alp.bmp.png
logo_konami.bmp,C:\Development\Git\Afevis-MGS2-Bugfix-Compilation\Texture Fixes\ps2 textures\OPAQUE\bp_remade\no_mip_fixes\ui\logo_konami.bmp.png
lsight_msk.bmp,C:\Development\Git\Afevis-MGS2-Bugfix-Compilation\Texture Fixes\ps2 textures\OPAQUE\same sha1\lsight_msk.bmp.png
m3l_dk2_07.bmp,C:\Development\Git\Afevis-MGS2-Bugfix-Compilation\Texture Fixes\ps2 textures\OPAQUE\bp_remade\m3l_dk2_07.bmp.png
m3l_dk2_08.bmp,C:\Development\Git\Afevis-MGS2-Bugfix-Compilation\Texture Fixes\ps2 textures\OPAQUE\bp_remade\m3l_dk2_08.bmp.png
m3l_dsk_hone.bmp,C:\Development\Git\Afevis-MGS2-Bugfix-Compilation\Texture Fixes\ps2 textures\OPAQUE\same sha1\m3l_dsk_hone.bmp.png
m3l_dsk_paper.bmp,C:\Development\Git\Afevis-MGS2-Bugfix-Compilation\Texture Fixes\ps2 textures\OPAQUE\same sha1\m3l_dsk_paper.bmp.png
m3l_dsk_tana.bmp,C:\Development\Git\Afevis-MGS2-Bugfix-Compilation\Texture Fixes\ps2 textures\OPAQUE\same sha1\m3l_dsk_tana.bmp.png
m3l_gou_17.bmp,C:\Development\Git\Afevis-MGS2-Bugfix-Compilation\Texture Fixes\ps2 textures\OPAQUE\same sha1\m3l_gou_17.bmp.png
m3l_gou_bed2.bmp,C:\Development\Git\Afevis-MGS2-Bugfix-Compilation\Texture Fixes\ps2 textures\OPAQUE\bp_remade\m3l_gou_bed2.bmp.png
m3l_medi_cei1.bmp,C:\Development\Git\Afevis-MGS2-Bugfix-Compilation\Texture Fixes\ps2 textures\OPAQUE\same sha1\m3l_medi_cei1.bmp.png
m3l_medi_cei2.bmp,C:\Development\Git\Afevis-MGS2-Bugfix-Compilation\Texture Fixes\ps2 textures\OPAQUE\same sha1\m3l_medi_cei2.bmp.png
m3l_medi_cei3.bmp,C:\Development\Git\Afevis-MGS2-Bugfix-Compilation\Texture Fixes\ps2 textures\OPAQUE\same sha1\m3l_medi_cei3.bmp.png
m3l_medi_cei4.bmp,C:\Development\Git\Afevis-MGS2-Bugfix-Compilation\Texture Fixes\ps2 textures\OPAQUE\same sha1\m3l_medi_cei4.bmp.png
m3l_medi_cei7.bmp,C:\Development\Git\Afevis-MGS2-Bugfix-Compilation\Texture Fixes\ps2 textures\OPAQUE\same sha1\m3l_medi_cei7.bmp.png
m3l_medi_newlit.bmp,C:\Development\Git\Afevis-MGS2-Bugfix-Compilation\Texture Fixes\ps2 textures\OPAQUE\same sha1\m3l_medi_newlit.bmp.png
m3l_medi_wallt1.bmp,C:\Development\Git\Afevis-MGS2-Bugfix-Compilation\Texture Fixes\ps2 textures\OPAQUE\bp_remade\m3l_medi_wallt1.bmp.png
m3l_medi_wallu1.bmp,C:\Development\Git\Afevis-MGS2-Bugfix-Compilation\Texture Fixes\ps2 textures\OPAQUE\bp_remade\m3l_medi_wallu1.bmp.png
m3l_obj_tutub.bmp,C:\Development\Git\Afevis-MGS2-Bugfix-Compilation\Texture Fixes\ps2 textures\OPAQUE\same sha1\m3l_obj_tutub.bmp.png
m3l_par_under1.bmp,C:\Development\Git\Afevis-MGS2-Bugfix-Compilation\Texture Fixes\ps2 textures\OPAQUE\bp_remade\m3l_par_under1.bmp.png
m3l_par_wall4.bmp,C:\Development\Git\Afevis-MGS2-Bugfix-Compilation\Texture Fixes\ps2 textures\OPAQUE\bp_remade\m3l_par_wall4.bmp.png
m3l_ten_03.bmp,C:\Development\Git\Afevis-MGS2-Bugfix-Compilation\Texture Fixes\ps2 textures\OPAQUE\bp_remade\m3l_ten_03.bmp.png
m3r_door_slit.bmp,C:\Development\Git\Afevis-MGS2-Bugfix-Compilation\Texture Fixes\ps2 textures\OPAQUE\same sha1\m3r_door_slit.bmp.png
m4a_all_t.bmp,C:\Development\Git\Afevis-MGS2-Bugfix-Compilation\Texture Fixes\ps2 textures\OPAQUE\bp_remade\m4a_all_t.bmp.png
m4a_gl_unit.bmp,C:\Development\Git\Afevis-MGS2-Bugfix-Compilation\Texture Fixes\ps2 textures\OPAQUE\bp_remade\m4a_gl_unit.bmp.png
m4a_gl_unit_2_01.bmp,C:\Development\Git\Afevis-MGS2-Bugfix-Compilation\Texture Fixes\ps2 textures\OPAQUE\bp_remade\m4a_gl_unit_2_01.bmp.png
m4a_light.bmp,C:\Development\Git\Afevis-MGS2-Bugfix-Compilation\Texture Fixes\ps2 textures\OPAQUE\same sha1\m4a_light.bmp.png
m4a_light.bmp_5758ef839d43e13183cf3678664d0e6e,C:\Development\Git\Afevis-MGS2-Bugfix-Compilation\Texture Fixes\ps2 textures\OPAQUE\bp_remade\m4a_light.bmp_5758ef839d43e13183cf3678664d0e6e.png
m4a_nm_alp_ovl.bmp,C:\Development\Git\Afevis-MGS2-Bugfix-Compilation\Texture Fixes\ps2 textures\HAS ALPHA\bp_remade\no_mip_fixes\ui\m4a_nm_alp_ovl.bmp.png
m4a_s2.bmp,C:\Development\Git\Afevis-MGS2-Bugfix-Compilation\Texture Fixes\ps2 textures\OPAQUE\bp_remade\m4a_s2.bmp.png
m4a_sb_s1.bmp,C:\Development\Git\Afevis-MGS2-Bugfix-Compilation\Texture Fixes\ps2 textures\OPAQUE\bp_remade\m4a_sb_s1.bmp.png
m4a_scope.bmp,C:\Development\Git\Afevis-MGS2-Bugfix-Compilation\Texture Fixes\ps2 textures\OPAQUE\bp_remade\m4a_scope.bmp.png
m4grn_bul.bmp,C:\Development\Git\Afevis-MGS2-Bugfix-Compilation\Texture Fixes\ps2 textures\OPAQUE\same sha1\m4grn_bul.bmp.png
m4grn_bul_high.bmp,C:\Development\Git\Afevis-MGS2-Bugfix-Compilation\Texture Fixes\ps2 textures\OPAQUE\bp_remade\m4grn_bul_high.bmp.png
m4grn_emb.bmp,C:\Development\Git\Afevis-MGS2-Bugfix-Compilation\Texture Fixes\ps2 textures\OPAQUE\bp_remade\m4grn_emb.bmp.png
m92_all.bmp,C:\Development\Git\Afevis-MGS2-Bugfix-Compilation\Texture Fixes\ps2 textures\OPAQUE\bp_remade\m92_all.bmp.png
m92_pointer.bmp,C:\Development\Git\Afevis-MGS2-Bugfix-Compilation\Texture Fixes\ps2 textures\OPAQUE\bp_remade\m92_pointer.bmp.png
m92_sb_all.bmp,C:\Development\Git\Afevis-MGS2-Bugfix-Compilation\Texture Fixes\ps2 textures\OPAQUE\bp_remade\m92_sb_all.bmp.png
m92_sb_all.bmp_934c22e984e448da6c9f91fc36e0c08e,C:\Development\Git\Afevis-MGS2-Bugfix-Compilation\Texture Fixes\ps2 textures\OPAQUE\bp_remade\m92_sb_all.bmp_934c22e984e448da6c9f91fc36e0c08e.png
m92_snk_all.bmp,C:\Development\Git\Afevis-MGS2-Bugfix-Compilation\Texture Fixes\ps2 textures\OPAQUE\bp_remade\m92_snk_all.bmp.png
m9_alp_ovl.bmp,C:\Development\Git\Afevis-MGS2-Bugfix-Compilation\Texture Fixes\ps2 textures\HAS ALPHA\bp_remade\no_mip_fixes\ui\m9_alp_ovl.bmp.png
mag_alp_ovl.bmp,C:\Development\Git\Afevis-MGS2-Bugfix-Compilation\Texture Fixes\ps2 textures\HAS ALPHA\bp_remade\no_mip_fixes\ui\mag_alp_ovl.bmp.png
mark_05.bmp,C:\Development\Git\Afevis-MGS2-Bugfix-Compilation\Texture Fixes\ps2 textures\OPAQUE\bp_remade\mark_05.bmp.png
mark_warning_alp_ovl.bmp,C:\Development\Git\Afevis-MGS2-Bugfix-Compilation\Texture Fixes\ps2 textures\HAS ALPHA\same sha1\mark_warning_alp_ovl.bmp.png
mark_warning_alp_ovl.bmp_b02569d9d2fe228c695d6e54a1f86d70,C:\Development\Git\Afevis-MGS2-Bugfix-Compilation\Texture Fixes\ps2 textures\HAS ALPHA\same sha1\mark_warning_alp_ovl.bmp_b02569d9d2fe228c695d6e54a1f86d70.png
mark_warning_u.bmp,C:\Development\Git\Afevis-MGS2-Bugfix-Compilation\Texture Fixes\ps2 textures\OPAQUE\same sha1\mark_warning_u.bmp.png
medi_alp_ovl.bmp,C:\Development\Git\Afevis-MGS2-Bugfix-Compilation\Texture Fixes\ps2 textures\HAS ALPHA\bp_remade\no_mip_fixes\ui\medi_alp_ovl.bmp.png
mnd_alp_ovl.bmp,C:\Development\Git\Afevis-MGS2-Bugfix-Compilation\Texture Fixes\ps2 textures\HAS ALPHA\bp_remade\no_mip_fixes\ui\mnd_alp_ovl.bmp.png
mod_alp_ovl.bmp,C:\Development\Git\Afevis-MGS2-Bugfix-Compilation\Texture Fixes\ps2 textures\HAS ALPHA\bp_remade\no_mip_fixes\ui\mod_alp_ovl.bmp.png
mog_loc2.bmp,C:\Development\Git\Afevis-MGS2-Bugfix-Compilation\Texture Fixes\ps2 textures\OPAQUE\bp_remade\mog_loc2.bmp.png
mog_loc2_inner.bmp,C:\Development\Git\Afevis-MGS2-Bugfix-Compilation\Texture Fixes\ps2 textures\OPAQUE\bp_remade\mog_loc2_inner.bmp.png
mog_loc2_inner.bmp_d7f08e98a624c2d19b0451eccba4fc48,C:\Development\Git\Afevis-MGS2-Bugfix-Compilation\Texture Fixes\ps2 textures\OPAQUE\bp_remade\mog_loc2_inner.bmp_d7f08e98a624c2d19b0451eccba4fc48.png
mog_loc2_slit_alp.bmp,C:\Development\Git\Afevis-MGS2-Bugfix-Compilation\Texture Fixes\ps2 textures\HAS ALPHA\same sha1\mog_loc2_slit_alp.bmp.png
mog_loc2_top1.bmp,C:\Development\Git\Afevis-MGS2-Bugfix-Compilation\Texture Fixes\ps2 textures\OPAQUE\bp_remade\mog_loc2_top1.bmp.png
moon_w00_alp.bmp,C:\Development\Git\Afevis-MGS2-Bugfix-Compilation\Texture Fixes\ps2 textures\HAS ALPHA\same sha1\moon_w00_alp.bmp.png
mosuquito_alp_ovl.bmp,C:\Development\Git\Afevis-MGS2-Bugfix-Compilation\Texture Fixes\ps2 textures\HAS ALPHA\same sha1\mosuquito_alp_ovl.bmp.png
mrl_a_ovl_mod1120_alp_emap.bmp,C:\Development\Git\Afevis-MGS2-Bugfix-Compilation\Texture Fixes\ps2 textures\OPAQUE\same sha1\mrl_a_ovl_mod1120_alp_emap.bmp.png
mrl_b_ovl_mod1120_alp_emap.bmp,C:\Development\Git\Afevis-MGS2-Bugfix-Compilation\Texture Fixes\ps2 textures\OPAQUE\same sha1\mrl_b_ovl_mod1120_alp_emap.bmp.png
mrl_boot_t_0006.bmp,C:\Development\Git\Afevis-MGS2-Bugfix-Compilation\Texture Fixes\ps2 textures\OPAQUE\same sha1\mrl_boot_t_0006.bmp.png
mrl_boot_t_0006.bmp_59183955acc81e5068d5f691c153560c,C:\Development\Git\Afevis-MGS2-Bugfix-Compilation\Texture Fixes\ps2 textures\OPAQUE\same sha1\mrl_boot_t_0006.bmp_59183955acc81e5068d5f691c153560c.png
mrl_h_ovl_mod1120_alp_emap.bmp,C:\Development\Git\Afevis-MGS2-Bugfix-Compilation\Texture Fixes\ps2 textures\OPAQUE\same sha1\mrl_h_ovl_mod1120_alp_emap.bmp.png
mrl_waist_pack.bmp,C:\Development\Git\Afevis-MGS2-Bugfix-Compilation\Texture Fixes\ps2 textures\OPAQUE\bp_remade\mrl_waist_pack.bmp.png
museum_de_alp_ovl.bmp,C:\Development\Git\Afevis-MGS2-Bugfix-Compilation\Texture Fixes\ps2 textures\OPAQUE\bp_remade\no_mip_fixes\ui\museum_de_alp_ovl.bmp.png
museum_e_alp_ovl.bmp,C:\Development\Git\Afevis-MGS2-Bugfix-Compilation\Texture Fixes\ps2 textures\OPAQUE\bp_remade\no_mip_fixes\ui\museum_e_alp_ovl.bmp.png
museum_es_alp_ovl.bmp,C:\Development\Git\Afevis-MGS2-Bugfix-Compilation\Texture Fixes\ps2 textures\OPAQUE\bp_remade\no_mip_fixes\ui\museum_es_alp_ovl.bmp.png
museum_fr_alp_ovl.bmp,C:\Development\Git\Afevis-MGS2-Bugfix-Compilation\Texture Fixes\ps2 textures\OPAQUE\bp_remade\no_mip_fixes\ui\museum_fr_alp_ovl.bmp.png
museum_it_alp_ovl.bmp,C:\Development\Git\Afevis-MGS2-Bugfix-Compilation\Texture Fixes\ps2 textures\OPAQUE\bp_remade\no_mip_fixes\ui\museum_it_alp_ovl.bmp.png
museum_j_alp_ovl.bmp,C:\Development\Git\Afevis-MGS2-Bugfix-Compilation\Texture Fixes\ps2 textures\OPAQUE\bp_remade\no_mip_fixes\ui\museum_j_alp_ovl.bmp.png
muzzlefrash_01_alp.bmp,C:\Development\Git\Afevis-MGS2-Bugfix-Compilation\Texture Fixes\ps2 textures\HAS ALPHA\same sha1\muzzlefrash_01_alp.bmp.png
n_oil_ref_add_alp_ovl_mod1120.bmp,C:\Development\Git\Afevis-MGS2-Bugfix-Compilation\Texture Fixes\ps2 textures\OPAQUE\same sha1\n_oil_ref_add_alp_ovl_mod1120.bmp.png
n_vs06a_sdw02_alp_ovl.bmp,C:\Development\Git\Afevis-MGS2-Bugfix-Compilation\Texture Fixes\ps2 textures\HAS ALPHA\same sha1\n_vs06a_sdw02_alp_ovl.bmp.png
n_vs06a_sdw06_alp_ovl.bmp,C:\Development\Git\Afevis-MGS2-Bugfix-Compilation\Texture Fixes\ps2 textures\HAS ALPHA\same sha1\n_vs06a_sdw06_alp_ovl.bmp.png
n_vs06a_sdw08_alp_ovl.bmp,C:\Development\Git\Afevis-MGS2-Bugfix-Compilation\Texture Fixes\ps2 textures\HAS ALPHA\same sha1\n_vs06a_sdw08_alp_ovl.bmp.png
n_vs06a_sdw09_alp_ovl.bmp,C:\Development\Git\Afevis-MGS2-Bugfix-Compilation\Texture Fixes\ps2 textures\HAS ALPHA\same sha1\n_vs06a_sdw09_alp_ovl.bmp.png
n_vs06a_sdw12_alp_ovl.bmp,C:\Development\Git\Afevis-MGS2-Bugfix-Compilation\Texture Fixes\ps2 textures\HAS ALPHA\same sha1\n_vs06a_sdw12_alp_ovl.bmp.png
n_vs06a_sdw18_alp_ovl.bmp,C:\Development\Git\Afevis-MGS2-Bugfix-Compilation\Texture Fixes\ps2 textures\HAS ALPHA\same sha1\n_vs06a_sdw18_alp_ovl.bmp.png
n_vs06a_sdw19_alp_ovl.bmp,C:\Development\Git\Afevis-MGS2-Bugfix-Compilation\Texture Fixes\ps2 textures\HAS ALPHA\same sha1\n_vs06a_sdw19_alp_ovl.bmp.png
n_vs06a_sdw20_alp_ovl.bmp,C:\Development\Git\Afevis-MGS2-Bugfix-Compilation\Texture Fixes\ps2 textures\HAS ALPHA\same sha1\n_vs06a_sdw20_alp_ovl.bmp.png
n_vs06a_sdw21_alp_ovl.bmp,C:\Development\Git\Afevis-MGS2-Bugfix-Compilation\Texture Fixes\ps2 textures\HAS ALPHA\same sha1\n_vs06a_sdw21_alp_ovl.bmp.png
n_vs06a_sdw22_alp_ovl.bmp,C:\Development\Git\Afevis-MGS2-Bugfix-Compilation\Texture Fixes\ps2 textures\HAS ALPHA\same sha1\n_vs06a_sdw22_alp_ovl.bmp.png
n_vs06a_sdw23_alp_ovl.bmp,C:\Development\Git\Afevis-MGS2-Bugfix-Compilation\Texture Fixes\ps2 textures\HAS ALPHA\same sha1\n_vs06a_sdw23_alp_ovl.bmp.png
n_vs06a_sdw27_alp_ovl.bmp,C:\Development\Git\Afevis-MGS2-Bugfix-Compilation\Texture Fixes\ps2 textures\HAS ALPHA\same sha1\n_vs06a_sdw27_alp_ovl.bmp.png
n_vs06a_sdw29_alp_ovl.bmp,C:\Development\Git\Afevis-MGS2-Bugfix-Compilation\Texture Fixes\ps2 textures\HAS ALPHA\same sha1\n_vs06a_sdw29_alp_ovl.bmp.png
n_vs06a_sdw30_alp_ovl.bmp,C:\Development\Git\Afevis-MGS2-Bugfix-Compilation\Texture Fixes\ps2 textures\HAS ALPHA\same sha1\n_vs06a_sdw30_alp_ovl.bmp.png
n_vs06a_sdw34_alp_ovl.bmp,C:\Development\Git\Afevis-MGS2-Bugfix-Compilation\Texture Fixes\ps2 textures\HAS ALPHA\same sha1\n_vs06a_sdw34_alp_ovl.bmp.png
newyork_alp_ovl.bmp,C:\Development\Git\Afevis-MGS2-Bugfix-Compilation\Texture Fixes\ps2 textures\HAS ALPHA\bp_remade\no_mip_fixes\ui\newyork_alp_ovl.bmp.png
ngl_alp_ovl.bmp,C:\Development\Git\Afevis-MGS2-Bugfix-Compilation\Texture Fixes\ps2 textures\HAS ALPHA\bp_remade\no_mip_fixes\ui\ngl_alp_ovl.bmp.png
niki_alp_ovl.bmp,C:\Development\Git\Afevis-MGS2-Bugfix-Compilation\Texture Fixes\ps2 textures\HAS ALPHA\bp_remade\no_mip_fixes\ui\niki_alp_ovl.bmp.png
nkt_body1.bmp,C:\Development\Git\Afevis-MGS2-Bugfix-Compilation\Texture Fixes\ps2 textures\OPAQUE\bp_remade\nkt_body1.bmp.png
nkt_box.bmp,C:\Development\Git\Afevis-MGS2-Bugfix-Compilation\Texture Fixes\ps2 textures\OPAQUE\bp_remade\nkt_box.bmp.png
nkt_cam.bmp,C:\Development\Git\Afevis-MGS2-Bugfix-Compilation\Texture Fixes\ps2 textures\OPAQUE\bp_remade\nkt_cam.bmp.png
nkt_grips.bmp,C:\Development\Git\Afevis-MGS2-Bugfix-Compilation\Texture Fixes\ps2 textures\OPAQUE\bp_remade\nkt_grips.bmp.png
nkt_msl_body.bmp,C:\Development\Git\Afevis-MGS2-Bugfix-Compilation\Texture Fixes\ps2 textures\OPAQUE\bp_remade\nkt_msl_body.bmp.png
nkt_msl_body.bmp_783bdf47a2cd4bcfd8edb391e2c88da4,C:\Development\Git\Afevis-MGS2-Bugfix-Compilation\Texture Fixes\ps2 textures\OPAQUE\bp_remade\nkt_msl_body.bmp_783bdf47a2cd4bcfd8edb391e2c88da4.png
nkt_msl_fb.bmp,C:\Development\Git\Afevis-MGS2-Bugfix-Compilation\Texture Fixes\ps2 textures\OPAQUE\bp_remade\nkt_msl_fb.bmp.png
nkt_temp_tx.bmp,C:\Development\Git\Afevis-MGS2-Bugfix-Compilation\Texture Fixes\ps2 textures\OPAQUE\bp_remade\nkt_temp_tx.bmp.png
node_elebox.bmp,C:\Development\Git\Afevis-MGS2-Bugfix-Compilation\Texture Fixes\ps2 textures\OPAQUE\same sha1\node_elebox.bmp.png
node_elebox.bmp_b4c2568c09313c1b4aaeb57bd03443b7,C:\Development\Git\Afevis-MGS2-Bugfix-Compilation\Texture Fixes\ps2 textures\OPAQUE\same sha1\node_elebox.bmp_b4c2568c09313c1b4aaeb57bd03443b7.png
nom_b_alp_ovl.bmp,C:\Development\Git\Afevis-MGS2-Bugfix-Compilation\Texture Fixes\ps2 textures\HAS ALPHA\bp_remade\no_mip_fixes\ui\nom_b_alp_ovl.bmp.png
null_msk.bmp,C:\Development\Git\Afevis-MGS2-Bugfix-Compilation\Texture Fixes\ps2 textures\HAS ALPHA\same sha1\null_msk.bmp.png
nypo_hand.bmp,C:\Development\Git\Afevis-MGS2-Bugfix-Compilation\Texture Fixes\ps2 textures\OPAQUE\same sha1\nypo_hand.bmp.png
oce_arm5.bmp,C:\Development\Git\Afevis-MGS2-Bugfix-Compilation\Texture Fixes\ps2 textures\OPAQUE\same sha1\oce_arm5.bmp.png
oce_hand1.bmp,C:\Development\Git\Afevis-MGS2-Bugfix-Compilation\Texture Fixes\ps2 textures\OPAQUE\same sha1\oce_hand1.bmp.png
odai_a01a_ldr00.bmp,C:\Development\Git\Afevis-MGS2-Bugfix-Compilation\Texture Fixes\ps2 textures\OPAQUE\bp_remade\no_mip_fixes\ui\odai_a01a_ldr00.bmp.png
odai_a01a_ldr00a.bmp,C:\Development\Git\Afevis-MGS2-Bugfix-Compilation\Texture Fixes\ps2 textures\OPAQUE\bp_remade\no_mip_fixes\ui\odai_a01a_ldr00a.bmp.png
odai_a01a_ldr01.bmp,C:\Development\Git\Afevis-MGS2-Bugfix-Compilation\Texture Fixes\ps2 textures\OPAQUE\bp_remade\no_mip_fixes\ui\odai_a01a_ldr01.bmp.png
odai_a01a_ldr01a.bmp,C:\Development\Git\Afevis-MGS2-Bugfix-Compilation\Texture Fixes\ps2 textures\OPAQUE\bp_remade\no_mip_fixes\ui\odai_a01a_ldr01a.bmp.png
odai_a01a_ldr02.bmp,C:\Development\Git\Afevis-MGS2-Bugfix-Compilation\Texture Fixes\ps2 textures\OPAQUE\bp_remade\no_mip_fixes\ui\odai_a01a_ldr02.bmp.png
odai_a01a_ldr03.bmp,C:\Development\Git\Afevis-MGS2-Bugfix-Compilation\Texture Fixes\ps2 textures\OPAQUE\bp_remade\no_mip_fixes\ui\odai_a01a_ldr03.bmp.png
odai_a01a_ldr03a.bmp,C:\Development\Git\Afevis-MGS2-Bugfix-Compilation\Texture Fixes\ps2 textures\OPAQUE\bp_remade\no_mip_fixes\ui\odai_a01a_ldr03a.bmp.png
odai_a01a_ldr04.bmp,C:\Development\Git\Afevis-MGS2-Bugfix-Compilation\Texture Fixes\ps2 textures\OPAQUE\bp_remade\no_mip_fixes\ui\odai_a01a_ldr04.bmp.png
odai_a01a_ldr04a.bmp,C:\Development\Git\Afevis-MGS2-Bugfix-Compilation\Texture Fixes\ps2 textures\OPAQUE\bp_remade\no_mip_fixes\ui\odai_a01a_ldr04a.bmp.png
odai_a24a_ldr00.bmp,C:\Development\Git\Afevis-MGS2-Bugfix-Compilation\Texture Fixes\ps2 textures\OPAQUE\bp_remade\no_mip_fixes\ui\odai_a24a_ldr00.bmp.png
odai_a24a_ldr01.bmp,C:\Development\Git\Afevis-MGS2-Bugfix-Compilation\Texture Fixes\ps2 textures\OPAQUE\bp_remade\no_mip_fixes\ui\odai_a24a_ldr01.bmp.png
odai_a24a_ldr02.bmp,C:\Development\Git\Afevis-MGS2-Bugfix-Compilation\Texture Fixes\ps2 textures\OPAQUE\bp_remade\no_mip_fixes\ui\odai_a24a_ldr02.bmp.png
odai_a24d2_pane03.bmp,C:\Development\Git\Afevis-MGS2-Bugfix-Compilation\Texture Fixes\ps2 textures\OPAQUE\bp_remade\no_mip_fixes\ui\odai_a24d2_pane03.bmp.png
odai_a24d2_pane04.bmp,C:\Development\Git\Afevis-MGS2-Bugfix-Compilation\Texture Fixes\ps2 textures\OPAQUE\bp_remade\no_mip_fixes\ui\odai_a24d2_pane04.bmp.png
oil_00.bmp,C:\Development\Git\Afevis-MGS2-Bugfix-Compilation\Texture Fixes\ps2 textures\OPAQUE\same sha1\oil_00.bmp.png
org_arm3.bmp,C:\Development\Git\Afevis-MGS2-Bugfix-Compilation\Texture Fixes\ps2 textures\OPAQUE\bp_remade\org_arm3.bmp.png
org_arm4.bmp,C:\Development\Git\Afevis-MGS2-Bugfix-Compilation\Texture Fixes\ps2 textures\OPAQUE\bp_remade\org_arm4.bmp.png
org_arm_2.bmp,C:\Development\Git\Afevis-MGS2-Bugfix-Compilation\Texture Fixes\ps2 textures\OPAQUE\bp_remade\org_arm_2.bmp.png
org_b_ovl_mod1120_alp_emap.bmp,C:\Development\Git\Afevis-MGS2-Bugfix-Compilation\Texture Fixes\ps2 textures\OPAQUE\bp_remade\org_b_ovl_mod1120_alp_emap.bmp.png
org_belt_ovl_mod1120_alp_emap.bmp,C:\Development\Git\Afevis-MGS2-Bugfix-Compilation\Texture Fixes\ps2 textures\OPAQUE\bp_remade\org_belt_ovl_mod1120_alp_emap.bmp.png
org_boot.bmp,C:\Development\Git\Afevis-MGS2-Bugfix-Compilation\Texture Fixes\ps2 textures\OPAQUE\bp_remade\org_boot.bmp.png
org_boot_bt1.bmp,C:\Development\Git\Afevis-MGS2-Bugfix-Compilation\Texture Fixes\ps2 textures\OPAQUE\bp_remade\org_boot_bt1.bmp.png
org_chest.bmp,C:\Development\Git\Afevis-MGS2-Bugfix-Compilation\Texture Fixes\ps2 textures\OPAQUE\bp_remade\org_chest.bmp.png
org_dt00_mouin.bmp,C:\Development\Git\Afevis-MGS2-Bugfix-Compilation\Texture Fixes\ps2 textures\OPAQUE\bp_remade\org_dt00_mouin.bmp.png
org_dt02_mouin.bmp,C:\Development\Git\Afevis-MGS2-Bugfix-Compilation\Texture Fixes\ps2 textures\OPAQUE\bp_remade\org_dt02_mouin.bmp.png
org_dt04_mouin.bmp,C:\Development\Git\Afevis-MGS2-Bugfix-Compilation\Texture Fixes\ps2 textures\OPAQUE\bp_remade\org_dt04_mouin.bmp.png
org_ear.bmp,C:\Development\Git\Afevis-MGS2-Bugfix-Compilation\Texture Fixes\ps2 textures\OPAQUE\bp_remade\org_ear.bmp.png
org_eye.bmp,C:\Development\Git\Afevis-MGS2-Bugfix-Compilation\Texture Fixes\ps2 textures\OPAQUE\bp_remade\org_eye.bmp.png
org_face.bmp,C:\Development\Git\Afevis-MGS2-Bugfix-Compilation\Texture Fixes\ps2 textures\OPAQUE\bp_remade\org_face.bmp.png
org_hand_all4.bmp,C:\Development\Git\Afevis-MGS2-Bugfix-Compilation\Texture Fixes\ps2 textures\OPAQUE\bp_remade\org_hand_all4.bmp.png
org_hand_ovl_mod1120_alp_emap.bmp,C:\Development\Git\Afevis-MGS2-Bugfix-Compilation\Texture Fixes\ps2 textures\OPAQUE\bp_remade\org_hand_ovl_mod1120_alp_emap.bmp.png
org_hatfront.bmp,C:\Development\Git\Afevis-MGS2-Bugfix-Compilation\Texture Fixes\ps2 textures\OPAQUE\bp_remade\org_hatfront.bmp.png
org_hatsaide.bmp,C:\Development\Git\Afevis-MGS2-Bugfix-Compilation\Texture Fixes\ps2 textures\OPAQUE\bp_remade\org_hatsaide.bmp.png
org_hatup.bmp,C:\Development\Git\Afevis-MGS2-Bugfix-Compilation\Texture Fixes\ps2 textures\OPAQUE\bp_remade\org_hatup.bmp.png
org_hi_finger.bmp,C:\Development\Git\Afevis-MGS2-Bugfix-Compilation\Texture Fixes\ps2 textures\OPAQUE\bp_remade\org_hi_finger.bmp.png
org_hi_finger2.bmp,C:\Development\Git\Afevis-MGS2-Bugfix-Compilation\Texture Fixes\ps2 textures\OPAQUE\bp_remade\org_hi_finger2.bmp.png
org_hi_hand2.bmp,C:\Development\Git\Afevis-MGS2-Bugfix-Compilation\Texture Fixes\ps2 textures\OPAQUE\bp_remade\org_hi_hand2.bmp.png
org_hi_hands.bmp,C:\Development\Git\Afevis-MGS2-Bugfix-Compilation\Texture Fixes\ps2 textures\OPAQUE\bp_remade\org_hi_hands.bmp.png
org_leg00.bmp,C:\Development\Git\Afevis-MGS2-Bugfix-Compilation\Texture Fixes\ps2 textures\OPAQUE\bp_remade\org_leg00.bmp.png
org_mil_re_face.bmp,C:\Development\Git\Afevis-MGS2-Bugfix-Compilation\Texture Fixes\ps2 textures\OPAQUE\bp_remade\org_mil_re_face.bmp.png
org_mouin_all.bmp,C:\Development\Git\Afevis-MGS2-Bugfix-Compilation\Texture Fixes\ps2 textures\OPAQUE\bp_remade\org_mouin_all.bmp.png
org_rapelsate.bmp,C:\Development\Git\Afevis-MGS2-Bugfix-Compilation\Texture Fixes\ps2 textures\OPAQUE\bp_remade\org_rapelsate.bmp.png
org_sknc_all.bmp,C:\Development\Git\Afevis-MGS2-Bugfix-Compilation\Texture Fixes\ps2 textures\OPAQUE\bp_remade\org_sknc_all.bmp.png
org_ut01_mouin.bmp,C:\Development\Git\Afevis-MGS2-Bugfix-Compilation\Texture Fixes\ps2 textures\OPAQUE\bp_remade\org_ut01_mouin.bmp.png
org_ut02_mouin.bmp,C:\Development\Git\Afevis-MGS2-Bugfix-Compilation\Texture Fixes\ps2 textures\OPAQUE\bp_remade\org_ut02_mouin.bmp.png
org_waist.bmp,C:\Development\Git\Afevis-MGS2-Bugfix-Compilation\Texture Fixes\ps2 textures\OPAQUE\bp_remade\org_waist.bmp.png
org_year.bmp,C:\Development\Git\Afevis-MGS2-Bugfix-Compilation\Texture Fixes\ps2 textures\OPAQUE\bp_remade\org_year.bmp.png
orn_arm_dt01.bmp,C:\Development\Git\Afevis-MGS2-Bugfix-Compilation\Texture Fixes\ps2 textures\OPAQUE\bp_remade\orn_arm_dt01.bmp.png
orn_arm_dt02.bmp,C:\Development\Git\Afevis-MGS2-Bugfix-Compilation\Texture Fixes\ps2 textures\OPAQUE\bp_remade\orn_arm_dt02.bmp.png
orn_arm_dt03.bmp,C:\Development\Git\Afevis-MGS2-Bugfix-Compilation\Texture Fixes\ps2 textures\OPAQUE\bp_remade\orn_arm_dt03.bmp.png
orn_arm_dt04.bmp,C:\Development\Git\Afevis-MGS2-Bugfix-Compilation\Texture Fixes\ps2 textures\OPAQUE\bp_remade\orn_arm_dt04.bmp.png
orn_backbone_dt01.bmp,C:\Development\Git\Afevis-MGS2-Bugfix-Compilation\Texture Fixes\ps2 textures\OPAQUE\bp_remade\orn_backbone_dt01.bmp.png
orn_backbone_dt02.bmp,C:\Development\Git\Afevis-MGS2-Bugfix-Compilation\Texture Fixes\ps2 textures\OPAQUE\bp_remade\orn_backbone_dt02.bmp.png
orn_backbone_dt03.bmp,C:\Development\Git\Afevis-MGS2-Bugfix-Compilation\Texture Fixes\ps2 textures\OPAQUE\bp_remade\orn_backbone_dt03.bmp.png
orn_body_dt01.bmp,C:\Development\Git\Afevis-MGS2-Bugfix-Compilation\Texture Fixes\ps2 textures\OPAQUE\bp_remade\orn_body_dt01.bmp.png
orn_elbow_dt01.bmp,C:\Development\Git\Afevis-MGS2-Bugfix-Compilation\Texture Fixes\ps2 textures\OPAQUE\bp_remade\orn_elbow_dt01.bmp.png
orn_finger_dt00.bmp,C:\Development\Git\Afevis-MGS2-Bugfix-Compilation\Texture Fixes\ps2 textures\OPAQUE\bp_remade\orn_finger_dt00.bmp.png
orn_finger_dt01.bmp,C:\Development\Git\Afevis-MGS2-Bugfix-Compilation\Texture Fixes\ps2 textures\OPAQUE\bp_remade\orn_finger_dt01.bmp.png
orn_finger_dt02.bmp,C:\Development\Git\Afevis-MGS2-Bugfix-Compilation\Texture Fixes\ps2 textures\OPAQUE\bp_remade\orn_finger_dt02.bmp.png
orn_foot_dt00.bmp,C:\Development\Git\Afevis-MGS2-Bugfix-Compilation\Texture Fixes\ps2 textures\OPAQUE\bp_remade\orn_foot_dt00.bmp.png
orn_foot_dt01.bmp,C:\Development\Git\Afevis-MGS2-Bugfix-Compilation\Texture Fixes\ps2 textures\OPAQUE\bp_remade\orn_foot_dt01.bmp.png
orn_foot_dt02.bmp,C:\Development\Git\Afevis-MGS2-Bugfix-Compilation\Texture Fixes\ps2 textures\OPAQUE\bp_remade\orn_foot_dt02.bmp.png
orn_foot_dt03.bmp,C:\Development\Git\Afevis-MGS2-Bugfix-Compilation\Texture Fixes\ps2 textures\OPAQUE\bp_remade\orn_foot_dt03.bmp.png
orn_hand_dt00.bmp,C:\Development\Git\Afevis-MGS2-Bugfix-Compilation\Texture Fixes\ps2 textures\OPAQUE\bp_remade\orn_hand_dt00.bmp.png
orn_hand_dt01.bmp,C:\Development\Git\Afevis-MGS2-Bugfix-Compilation\Texture Fixes\ps2 textures\OPAQUE\bp_remade\orn_hand_dt01.bmp.png
orn_hand_dt02.bmp,C:\Development\Git\Afevis-MGS2-Bugfix-Compilation\Texture Fixes\ps2 textures\OPAQUE\bp_remade\orn_hand_dt02.bmp.png
orn_head_met.bmp,C:\Development\Git\Afevis-MGS2-Bugfix-Compilation\Texture Fixes\ps2 textures\OPAQUE\bp_remade\orn_head_met.bmp.png
orn_helmet_dt01.bmp,C:\Development\Git\Afevis-MGS2-Bugfix-Compilation\Texture Fixes\ps2 textures\OPAQUE\bp_remade\orn_helmet_dt01.bmp.png
orn_helmet_dt02.bmp,C:\Development\Git\Afevis-MGS2-Bugfix-Compilation\Texture Fixes\ps2 textures\OPAQUE\bp_remade\orn_helmet_dt02.bmp.png
orn_knee_dt01.bmp,C:\Development\Git\Afevis-MGS2-Bugfix-Compilation\Texture Fixes\ps2 textures\OPAQUE\bp_remade\orn_knee_dt01.bmp.png
orn_leg_dt00.bmp,C:\Development\Git\Afevis-MGS2-Bugfix-Compilation\Texture Fixes\ps2 textures\OPAQUE\bp_remade\orn_leg_dt00.bmp.png
orn_leg_dt01.bmp,C:\Development\Git\Afevis-MGS2-Bugfix-Compilation\Texture Fixes\ps2 textures\OPAQUE\bp_remade\orn_leg_dt01.bmp.png
orn_leg_dt02.bmp,C:\Development\Git\Afevis-MGS2-Bugfix-Compilation\Texture Fixes\ps2 textures\OPAQUE\bp_remade\orn_leg_dt02.bmp.png
orn_leg_dt03.bmp,C:\Development\Git\Afevis-MGS2-Bugfix-Compilation\Texture Fixes\ps2 textures\OPAQUE\bp_remade\orn_leg_dt03.bmp.png
orn_leg_dt04.bmp,C:\Development\Git\Afevis-MGS2-Bugfix-Compilation\Texture Fixes\ps2 textures\OPAQUE\bp_remade\orn_leg_dt04.bmp.png
orn_neck_dt01.bmp,C:\Development\Git\Afevis-MGS2-Bugfix-Compilation\Texture Fixes\ps2 textures\OPAQUE\bp_remade\orn_neck_dt01.bmp.png
orn_should_dt01.bmp,C:\Development\Git\Afevis-MGS2-Bugfix-Compilation\Texture Fixes\ps2 textures\OPAQUE\bp_remade\orn_should_dt01.bmp.png
orn_should_dt02.bmp,C:\Development\Git\Afevis-MGS2-Bugfix-Compilation\Texture Fixes\ps2 textures\OPAQUE\bp_remade\orn_should_dt02.bmp.png
orn_spec_ovl_mod1120_alp_emap.bmp,C:\Development\Git\Afevis-MGS2-Bugfix-Compilation\Texture Fixes\ps2 textures\OPAQUE\same sha1\orn_spec_ovl_mod1120_alp_emap.bmp.png
orp_arm_moji.bmp,C:\Development\Git\Afevis-MGS2-Bugfix-Compilation\Texture Fixes\ps2 textures\OPAQUE\bp_remade\orp_arm_moji.bmp.png
orp_band.bmp,C:\Development\Git\Afevis-MGS2-Bugfix-Compilation\Texture Fixes\ps2 textures\OPAQUE\bp_remade\orp_band.bmp.png
orp_band2.bmp,C:\Development\Git\Afevis-MGS2-Bugfix-Compilation\Texture Fixes\ps2 textures\OPAQUE\bp_remade\orp_band2.bmp.png
orp_band3.bmp,C:\Development\Git\Afevis-MGS2-Bugfix-Compilation\Texture Fixes\ps2 textures\OPAQUE\bp_remade\orp_band3.bmp.png
orp_boot11.bmp,C:\Development\Git\Afevis-MGS2-Bugfix-Compilation\Texture Fixes\ps2 textures\OPAQUE\bp_remade\orp_boot11.bmp.png
orp_boot11.bmp_41f82e6a30bb7b02db79623a7af71771,C:\Development\Git\Afevis-MGS2-Bugfix-Compilation\Texture Fixes\ps2 textures\OPAQUE\bp_remade\orp_boot11.bmp_41f82e6a30bb7b02db79623a7af71771.png
orp_boot_bot00.bmp,C:\Development\Git\Afevis-MGS2-Bugfix-Compilation\Texture Fixes\ps2 textures\OPAQUE\bp_remade\orp_boot_bot00.bmp.png
orp_chest_j_meisai_re.bmp,C:\Development\Git\Afevis-MGS2-Bugfix-Compilation\Texture Fixes\ps2 textures\OPAQUE\bp_remade\orp_chest_j_meisai_re.bmp.png
orp_chest_j_meisai_re.bmp_957a88ed297ab2639c6e89e823337953,C:\Development\Git\Afevis-MGS2-Bugfix-Compilation\Texture Fixes\ps2 textures\OPAQUE\bp_remade\orp_chest_j_meisai_re.bmp_957a88ed297ab2639c6e89e823337953.png
orp_chest_s_re.bmp,C:\Development\Git\Afevis-MGS2-Bugfix-Compilation\Texture Fixes\ps2 textures\OPAQUE\bp_remade\orp_chest_s_re.bmp.png
orp_chest_s_re.bmp_b6cbd75d2c45b5510f58574f6b202217,C:\Development\Git\Afevis-MGS2-Bugfix-Compilation\Texture Fixes\ps2 textures\OPAQUE\bp_remade\orp_chest_s_re.bmp_b6cbd75d2c45b5510f58574f6b202217.png
orp_e_ovl_mod1120_alp_emap.bmp,C:\Development\Git\Afevis-MGS2-Bugfix-Compilation\Texture Fixes\ps2 textures\OPAQUE\same sha1\orp_e_ovl_mod1120_alp_emap.bmp.png
orp_eri2_meisai_re.bmp,C:\Development\Git\Afevis-MGS2-Bugfix-Compilation\Texture Fixes\ps2 textures\OPAQUE\bp_remade\orp_eri2_meisai_re.bmp.png
orp_eri2_meisai_re.bmp_bc88fb1e44ae3c046de504850142dc06,C:\Development\Git\Afevis-MGS2-Bugfix-Compilation\Texture Fixes\ps2 textures\OPAQUE\bp_remade\orp_eri2_meisai_re.bmp_bc88fb1e44ae3c046de504850142dc06.png
orp_eri_meisai_re.bmp,C:\Development\Git\Afevis-MGS2-Bugfix-Compilation\Texture Fixes\ps2 textures\OPAQUE\bp_remade\orp_eri_meisai_re.bmp.png
orp_f_ovl_mod1120_alp_emap.bmp,C:\Development\Git\Afevis-MGS2-Bugfix-Compilation\Texture Fixes\ps2 textures\OPAQUE\same sha1\orp_f_ovl_mod1120_alp_emap.bmp.png
orp_face_dd.bmp,C:\Development\Git\Afevis-MGS2-Bugfix-Compilation\Texture Fixes\ps2 textures\OPAQUE\bp_remade\orp_face_dd.bmp.png
orp_face_re.bmp,C:\Development\Git\Afevis-MGS2-Bugfix-Compilation\Texture Fixes\ps2 textures\OPAQUE\bp_remade\orp_face_re.bmp.png
orp_face_retach.bmp,C:\Development\Git\Afevis-MGS2-Bugfix-Compilation\Texture Fixes\ps2 textures\OPAQUE\bp_remade\orp_face_retach.bmp.png
orp_face_retach.bmp_0e6325221940c6ed91356bbf364e91c4,C:\Development\Git\Afevis-MGS2-Bugfix-Compilation\Texture Fixes\ps2 textures\OPAQUE\bp_remade\orp_face_retach.bmp_0e6325221940c6ed91356bbf364e91c4.png
orp_face_retach.bmp_52c9c67e50e94dbb4dab8c0eb4360a13,C:\Development\Git\Afevis-MGS2-Bugfix-Compilation\Texture Fixes\ps2 textures\OPAQUE\bp_remade\orp_face_retach.bmp_52c9c67e50e94dbb4dab8c0eb4360a13.png
orp_hand_sam.bmp,C:\Development\Git\Afevis-MGS2-Bugfix-Compilation\Texture Fixes\ps2 textures\OPAQUE\bp_remade\orp_hand_sam.bmp.png
orp_hand_top.bmp,C:\Development\Git\Afevis-MGS2-Bugfix-Compilation\Texture Fixes\ps2 textures\OPAQUE\bp_remade\orp_hand_top.bmp.png
orp_hf00_st.bmp,C:\Development\Git\Afevis-MGS2-Bugfix-Compilation\Texture Fixes\ps2 textures\OPAQUE\bp_remade\orp_hf00_st.bmp.png
orp_hf01_st.bmp,C:\Development\Git\Afevis-MGS2-Bugfix-Compilation\Texture Fixes\ps2 textures\OPAQUE\bp_remade\orp_hf01_st.bmp.png
orp_hf02_st.bmp,C:\Development\Git\Afevis-MGS2-Bugfix-Compilation\Texture Fixes\ps2 textures\OPAQUE\bp_remade\orp_hf02_st.bmp.png
orp_hi_eye.bmp,C:\Development\Git\Afevis-MGS2-Bugfix-Compilation\Texture Fixes\ps2 textures\OPAQUE\bp_remade\orp_hi_eye.bmp.png
orp_hi_finger.bmp,C:\Development\Git\Afevis-MGS2-Bugfix-Compilation\Texture Fixes\ps2 textures\OPAQUE\bp_remade\orp_hi_finger.bmp.png
orp_hi_finger_red.bmp,C:\Development\Git\Afevis-MGS2-Bugfix-Compilation\Texture Fixes\ps2 textures\OPAQUE\bp_remade\orp_hi_finger_red.bmp.png
orp_kata_meisai_re.bmp,C:\Development\Git\Afevis-MGS2-Bugfix-Compilation\Texture Fixes\ps2 textures\OPAQUE\bp_remade\orp_kata_meisai_re.bmp.png
orp_larm_j_meisai_re.bmp,C:\Development\Git\Afevis-MGS2-Bugfix-Compilation\Texture Fixes\ps2 textures\OPAQUE\bp_remade\orp_larm_j_meisai_re.bmp.png
orp_pamtsu2_meisai_re.bmp,C:\Development\Git\Afevis-MGS2-Bugfix-Compilation\Texture Fixes\ps2 textures\OPAQUE\bp_remade\orp_pamtsu2_meisai_re.bmp.png
orp_pamtsu_meisai_re.bmp,C:\Development\Git\Afevis-MGS2-Bugfix-Compilation\Texture Fixes\ps2 textures\OPAQUE\bp_remade\orp_pamtsu_meisai_re.bmp.png
orp_rarm_j_meisai_re.bmp,C:\Development\Git\Afevis-MGS2-Bugfix-Compilation\Texture Fixes\ps2 textures\OPAQUE\bp_remade\orp_rarm_j_meisai_re.bmp.png
orp_waist.bmp,C:\Development\Git\Afevis-MGS2-Bugfix-Compilation\Texture Fixes\ps2 textures\OPAQUE\bp_remade\orp_waist.bmp.png
otc_e_ovl_mod1120_alp_emap.bmp,C:\Development\Git\Afevis-MGS2-Bugfix-Compilation\Texture Fixes\ps2 textures\OPAQUE\same sha1\otc_e_ovl_mod1120_alp_emap.bmp.png
otc_f_ovl_mod1120_alp_emap.bmp,C:\Development\Git\Afevis-MGS2-Bugfix-Compilation\Texture Fixes\ps2 textures\HAS ALPHA\same sha1\otc_f_ovl_mod1120_alp_emap.bmp.png
otc_glass_f.bmp,C:\Development\Git\Afevis-MGS2-Bugfix-Compilation\Texture Fixes\ps2 textures\OPAQUE\same sha1\otc_glass_f.bmp.png
otc_glasses.bmp,C:\Development\Git\Afevis-MGS2-Bugfix-Compilation\Texture Fixes\ps2 textures\OPAQUE\same sha1\otc_glasses.bmp.png
otc_glasses.bmp_1a0b4094b97dbed06231a0fc02e3b0a0,C:\Development\Git\Afevis-MGS2-Bugfix-Compilation\Texture Fixes\ps2 textures\OPAQUE\same sha1\otc_glasses.bmp_1a0b4094b97dbed06231a0fc02e3b0a0.png
otc_hi_finger.bmp,C:\Development\Git\Afevis-MGS2-Bugfix-Compilation\Texture Fixes\ps2 textures\OPAQUE\same sha1\otc_hi_finger.bmp.png
otc_mouin.bmp,C:\Development\Git\Afevis-MGS2-Bugfix-Compilation\Texture Fixes\ps2 textures\OPAQUE\same sha1\otc_mouin.bmp.png
otc_tang.bmp,C:\Development\Git\Afevis-MGS2-Bugfix-Compilation\Texture Fixes\ps2 textures\OPAQUE\same sha1\otc_tang.bmp.png
otc_teeth_d4.bmp,C:\Development\Git\Afevis-MGS2-Bugfix-Compilation\Texture Fixes\ps2 textures\OPAQUE\same sha1\otc_teeth_d4.bmp.png
otc_tr_ovl_mod1120_alp_emap.bmp,C:\Development\Git\Afevis-MGS2-Bugfix-Compilation\Texture Fixes\ps2 textures\OPAQUE\same sha1\otc_tr_ovl_mod1120_alp_emap.bmp.png
p90_amo.bmp,C:\Development\Git\Afevis-MGS2-Bugfix-Compilation\Texture Fixes\ps2 textures\OPAQUE\bp_remade\p90_amo.bmp.png
p90_amo_natsu.bmp,C:\Development\Git\Afevis-MGS2-Bugfix-Compilation\Texture Fixes\ps2 textures\OPAQUE\bp_remade\p90_amo_natsu.bmp.png
p90_main_natsu.bmp,C:\Development\Git\Afevis-MGS2-Bugfix-Compilation\Texture Fixes\ps2 textures\OPAQUE\bp_remade\p90_main_natsu.bmp.png
p_br_seacolor_01_alp_ovl.bmp,C:\Development\Git\Afevis-MGS2-Bugfix-Compilation\Texture Fixes\ps2 textures\HAS ALPHA\same sha1\p_br_seacolor_01_alp_ovl.bmp.png
par_cage03.bmp,C:\Development\Git\Afevis-MGS2-Bugfix-Compilation\Texture Fixes\ps2 textures\OPAQUE\same sha1\par_cage03.bmp.png
par_cage04.bmp,C:\Development\Git\Afevis-MGS2-Bugfix-Compilation\Texture Fixes\ps2 textures\OPAQUE\same sha1\par_cage04.bmp.png
par_cage05.bmp,C:\Development\Git\Afevis-MGS2-Bugfix-Compilation\Texture Fixes\ps2 textures\OPAQUE\same sha1\par_cage05.bmp.png
par_cage06.bmp,C:\Development\Git\Afevis-MGS2-Bugfix-Compilation\Texture Fixes\ps2 textures\OPAQUE\same sha1\par_cage06.bmp.png
pdray_arm_t1_small.bmp,C:\Development\Git\Afevis-MGS2-Bugfix-Compilation\Texture Fixes\ps2 textures\OPAQUE\same sha1\pdray_arm_t1_small.bmp.png
pdray_arm_u1.bmp,C:\Development\Git\Afevis-MGS2-Bugfix-Compilation\Texture Fixes\ps2 textures\OPAQUE\same sha1\pdray_arm_u1.bmp.png
pdray_arm_u1s.bmp,C:\Development\Git\Afevis-MGS2-Bugfix-Compilation\Texture Fixes\ps2 textures\OPAQUE\same sha1\pdray_arm_u1s.bmp.png
pdray_armpit_meca2.bmp,C:\Development\Git\Afevis-MGS2-Bugfix-Compilation\Texture Fixes\ps2 textures\OPAQUE\same sha1\pdray_armpit_meca2.bmp.png
pdray_armpit_u1.bmp,C:\Development\Git\Afevis-MGS2-Bugfix-Compilation\Texture Fixes\ps2 textures\OPAQUE\same sha1\pdray_armpit_u1.bmp.png
pdray_cheek_f1.bmp,C:\Development\Git\Afevis-MGS2-Bugfix-Compilation\Texture Fixes\ps2 textures\OPAQUE\same sha1\pdray_cheek_f1.bmp.png
pdray_chin2_u.bmp,C:\Development\Git\Afevis-MGS2-Bugfix-Compilation\Texture Fixes\ps2 textures\OPAQUE\same sha1\pdray_chin2_u.bmp.png
pdray_chin_t1.bmp,C:\Development\Git\Afevis-MGS2-Bugfix-Compilation\Texture Fixes\ps2 textures\OPAQUE\same sha1\pdray_chin_t1.bmp.png
pdray_cnpy_ovl_mod1120_emap.bmp,C:\Development\Git\Afevis-MGS2-Bugfix-Compilation\Texture Fixes\ps2 textures\OPAQUE\same sha1\pdray_cnpy_ovl_mod1120_emap.bmp.png
pdray_color_dmm.bmp,C:\Development\Git\Afevis-MGS2-Bugfix-Compilation\Texture Fixes\ps2 textures\OPAQUE\same sha1\pdray_color_dmm.bmp.png
pdray_eye_hl_alp.bmp,C:\Development\Git\Afevis-MGS2-Bugfix-Compilation\Texture Fixes\ps2 textures\HAS ALPHA\same sha1\pdray_eye_hl_alp.bmp.png
pdray_eye_noise_alp.bmp,C:\Development\Git\Afevis-MGS2-Bugfix-Compilation\Texture Fixes\ps2 textures\HAS ALPHA\same sha1\pdray_eye_noise_alp.bmp.png
pdray_mouth_temptex.bmp,C:\Development\Git\Afevis-MGS2-Bugfix-Compilation\Texture Fixes\ps2 textures\OPAQUE\same sha1\pdray_mouth_temptex.bmp.png
pdray_muzzle_iner.bmp,C:\Development\Git\Afevis-MGS2-Bugfix-Compilation\Texture Fixes\ps2 textures\OPAQUE\same sha1\pdray_muzzle_iner.bmp.png
pdray_neck_circle.bmp,C:\Development\Git\Afevis-MGS2-Bugfix-Compilation\Texture Fixes\ps2 textures\OPAQUE\same sha1\pdray_neck_circle.bmp.png
pdray_shoulder_f1.bmp,C:\Development\Git\Afevis-MGS2-Bugfix-Compilation\Texture Fixes\ps2 textures\OPAQUE\same sha1\pdray_shoulder_f1.bmp.png
pdray_shoulder_f1.bmp_35970c0e9af0c566985d4da199363917,C:\Development\Git\Afevis-MGS2-Bugfix-Compilation\Texture Fixes\ps2 textures\OPAQUE\same sha1\pdray_shoulder_f1.bmp_35970c0e9af0c566985d4da199363917.png
pdray_temptex1.bmp,C:\Development\Git\Afevis-MGS2-Bugfix-Compilation\Texture Fixes\ps2 textures\OPAQUE\same sha1\pdray_temptex1.bmp.png
pench_head01.bmp,C:\Development\Git\Afevis-MGS2-Bugfix-Compilation\Texture Fixes\ps2 textures\OPAQUE\same sha1\pench_head01.bmp.png
pench_head02.bmp,C:\Development\Git\Afevis-MGS2-Bugfix-Compilation\Texture Fixes\ps2 textures\OPAQUE\same sha1\pench_head02.bmp.png
pench_head03.bmp,C:\Development\Git\Afevis-MGS2-Bugfix-Compilation\Texture Fixes\ps2 textures\OPAQUE\same sha1\pench_head03.bmp.png
pgn_wingd_ovl_alp.bmp,C:\Development\Git\Afevis-MGS2-Bugfix-Compilation\Texture Fixes\ps2 textures\HAS ALPHA\same sha1\pgn_wingd_ovl_alp.bmp.png
pgn_wingu_ovl_alp.bmp,C:\Development\Git\Afevis-MGS2-Bugfix-Compilation\Texture Fixes\ps2 textures\HAS ALPHA\same sha1\pgn_wingu_ovl_alp.bmp.png
pipe_02.bmp,C:\Development\Git\Afevis-MGS2-Bugfix-Compilation\Texture Fixes\ps2 textures\OPAQUE\same sha1\pipe_02.bmp.png
pipe_02.bmp_223d98d47c57be709493717a21130d6f,C:\Development\Git\Afevis-MGS2-Bugfix-Compilation\Texture Fixes\ps2 textures\OPAQUE\same sha1\pipe_02.bmp_223d98d47c57be709493717a21130d6f.png
pipe_03.bmp,C:\Development\Git\Afevis-MGS2-Bugfix-Compilation\Texture Fixes\ps2 textures\OPAQUE\same sha1\pipe_03.bmp.png
pipe_hold_02.bmp,C:\Development\Git\Afevis-MGS2-Bugfix-Compilation\Texture Fixes\ps2 textures\OPAQUE\same sha1\pipe_hold_02.bmp.png
pipe_hold_02.bmp_f1eff27293918fb6c5d6ad183a56a21a,C:\Development\Git\Afevis-MGS2-Bugfix-Compilation\Texture Fixes\ps2 textures\OPAQUE\same sha1\pipe_hold_02.bmp_f1eff27293918fb6c5d6ad183a56a21a.png
pipe_hold_03.bmp,C:\Development\Git\Afevis-MGS2-Bugfix-Compilation\Texture Fixes\ps2 textures\OPAQUE\same sha1\pipe_hold_03.bmp.png
pit_arm.bmp,C:\Development\Git\Afevis-MGS2-Bugfix-Compilation\Texture Fixes\ps2 textures\OPAQUE\bp_remade\pit_arm.bmp.png
pit_arm004.bmp,C:\Development\Git\Afevis-MGS2-Bugfix-Compilation\Texture Fixes\ps2 textures\OPAQUE\bp_remade\pit_arm004.bmp.png
pit_arm_big_mark_l.bmp,C:\Development\Git\Afevis-MGS2-Bugfix-Compilation\Texture Fixes\ps2 textures\OPAQUE\bp_remade\pit_arm_big_mark_l.bmp.png
pit_arm_big_mark_r.bmp,C:\Development\Git\Afevis-MGS2-Bugfix-Compilation\Texture Fixes\ps2 textures\OPAQUE\bp_remade\pit_arm_big_mark_r.bmp.png
pit_arm_markl.bmp,C:\Development\Git\Afevis-MGS2-Bugfix-Compilation\Texture Fixes\ps2 textures\OPAQUE\bp_remade\pit_arm_markl.bmp.png
pit_arm_markr.bmp,C:\Development\Git\Afevis-MGS2-Bugfix-Compilation\Texture Fixes\ps2 textures\OPAQUE\bp_remade\pit_arm_markr.bmp.png
pit_boms_big.bmp,C:\Development\Git\Afevis-MGS2-Bugfix-Compilation\Texture Fixes\ps2 textures\OPAQUE\bp_remade\pit_boms_big.bmp.png
pit_eye.bmp,C:\Development\Git\Afevis-MGS2-Bugfix-Compilation\Texture Fixes\ps2 textures\OPAQUE\bp_remade\pit_eye.bmp.png
pit_eye_d.bmp,C:\Development\Git\Afevis-MGS2-Bugfix-Compilation\Texture Fixes\ps2 textures\OPAQUE\bp_remade\pit_eye_d.bmp.png
pit_face_ovl_alp_emap_mod1120.bmp,C:\Development\Git\Afevis-MGS2-Bugfix-Compilation\Texture Fixes\ps2 textures\OPAQUE\same sha1\pit_face_ovl_alp_emap_mod1120.bmp.png
pit_face_ovl_alp_emap_mod1120.bmp_dbec3efa27e6d1b17c555db5e581bceb,C:\Development\Git\Afevis-MGS2-Bugfix-Compilation\Texture Fixes\ps2 textures\OPAQUE\same sha1\pit_face_ovl_alp_emap_mod1120.bmp_dbec3efa27e6d1b17c555db5e581bceb.png
pit_food_c.bmp,C:\Development\Git\Afevis-MGS2-Bugfix-Compilation\Texture Fixes\ps2 textures\OPAQUE\bp_remade\pit_food_c.bmp.png
pit_food_c.bmp_34cbc68775c7cff51c1749b7d1398731,C:\Development\Git\Afevis-MGS2-Bugfix-Compilation\Texture Fixes\ps2 textures\OPAQUE\bp_remade\pit_food_c.bmp_34cbc68775c7cff51c1749b7d1398731.png
pit_food_s.bmp,C:\Development\Git\Afevis-MGS2-Bugfix-Compilation\Texture Fixes\ps2 textures\OPAQUE\bp_remade\pit_food_s.bmp.png
pit_food_s.bmp_c5532a65e21a91fcf9dcfee4619c7e9a,C:\Development\Git\Afevis-MGS2-Bugfix-Compilation\Texture Fixes\ps2 textures\OPAQUE\bp_remade\pit_food_s.bmp_c5532a65e21a91fcf9dcfee4619c7e9a.png
pit_jaket2_ovl_alp_emap_mod1120.bmp,C:\Development\Git\Afevis-MGS2-Bugfix-Compilation\Texture Fixes\ps2 textures\OPAQUE\same sha1\pit_jaket2_ovl_alp_emap_mod1120.bmp.png
pit_jaket2_ovl_alp_emap_mod1120.bmp_48f8785725b7c608d1452433646e3b71,C:\Development\Git\Afevis-MGS2-Bugfix-Compilation\Texture Fixes\ps2 textures\OPAQUE\same sha1\pit_jaket2_ovl_alp_emap_mod1120.bmp_48f8785725b7c608d1452433646e3b71.png
pit_legl.bmp,C:\Development\Git\Afevis-MGS2-Bugfix-Compilation\Texture Fixes\ps2 textures\OPAQUE\bp_remade\pit_legl.bmp.png
pit_legl_re00.bmp,C:\Development\Git\Afevis-MGS2-Bugfix-Compilation\Texture Fixes\ps2 textures\OPAQUE\bp_remade\pit_legl_re00.bmp.png
pit_neccktie.bmp,C:\Development\Git\Afevis-MGS2-Bugfix-Compilation\Texture Fixes\ps2 textures\OPAQUE\bp_remade\pit_neccktie.bmp.png
pit_nypd_big.bmp,C:\Development\Git\Afevis-MGS2-Bugfix-Compilation\Texture Fixes\ps2 textures\OPAQUE\bp_remade\pit_nypd_big.bmp.png
pit_shatu00.bmp,C:\Development\Git\Afevis-MGS2-Bugfix-Compilation\Texture Fixes\ps2 textures\OPAQUE\bp_remade\pit_shatu00.bmp.png
pit_shatu001.bmp,C:\Development\Git\Afevis-MGS2-Bugfix-Compilation\Texture Fixes\ps2 textures\OPAQUE\bp_remade\pit_shatu001.bmp.png
pit_shatu01.bmp,C:\Development\Git\Afevis-MGS2-Bugfix-Compilation\Texture Fixes\ps2 textures\OPAQUE\bp_remade\pit_shatu01.bmp.png
pit_shatu_dd.bmp,C:\Development\Git\Afevis-MGS2-Bugfix-Compilation\Texture Fixes\ps2 textures\OPAQUE\bp_remade\pit_shatu_dd.bmp.png
pit_shoese.bmp,C:\Development\Git\Afevis-MGS2-Bugfix-Compilation\Texture Fixes\ps2 textures\OPAQUE\bp_remade\pit_shoese.bmp.png
pit_shoese_000.bmp,C:\Development\Git\Afevis-MGS2-Bugfix-Compilation\Texture Fixes\ps2 textures\OPAQUE\bp_remade\pit_shoese_000.bmp.png
pit_shoese_under.bmp,C:\Development\Git\Afevis-MGS2-Bugfix-Compilation\Texture Fixes\ps2 textures\OPAQUE\bp_remade\pit_shoese_under.bmp.png
pit_shue_ovl_alp_emap_mod1120.bmp,C:\Development\Git\Afevis-MGS2-Bugfix-Compilation\Texture Fixes\ps2 textures\OPAQUE\same sha1\pit_shue_ovl_alp_emap_mod1120.bmp.png
pit_steki00.bmp,C:\Development\Git\Afevis-MGS2-Bugfix-Compilation\Texture Fixes\ps2 textures\OPAQUE\bp_remade\pit_steki00.bmp.png
pit_steki01.bmp,C:\Development\Git\Afevis-MGS2-Bugfix-Compilation\Texture Fixes\ps2 textures\OPAQUE\bp_remade\pit_steki01.bmp.png
pit_steki_ovl_alp_emap_mod1120.bmp,C:\Development\Git\Afevis-MGS2-Bugfix-Compilation\Texture Fixes\ps2 textures\OPAQUE\same sha1\pit_steki_ovl_alp_emap_mod1120.bmp.png
plant_bomb2_alp_ovl.bmp,C:\Development\Git\Afevis-MGS2-Bugfix-Compilation\Texture Fixes\ps2 textures\OPAQUE\bp_remade\plant_bomb2_alp_ovl.bmp.png
plant_uturikommi_01_alp_ovl.bmp,C:\Development\Git\Afevis-MGS2-Bugfix-Compilation\Texture Fixes\ps2 textures\HAS ALPHA\same sha1\plant_uturikommi_01_alp_ovl.bmp.png
plant_uturikommi_02_alp_ovl.bmp,C:\Development\Git\Afevis-MGS2-Bugfix-Compilation\Texture Fixes\ps2 textures\HAS ALPHA\same sha1\plant_uturikommi_02_alp_ovl.bmp.png
plasma_msk.bmp,C:\Development\Git\Afevis-MGS2-Bugfix-Compilation\Texture Fixes\ps2 textures\HAS ALPHA\same sha1\plasma_msk.bmp.png
plt_cont_f.bmp,C:\Development\Git\Afevis-MGS2-Bugfix-Compilation\Texture Fixes\ps2 textures\OPAQUE\same sha1\plt_cont_f.bmp.png
police_pos.bmp,C:\Development\Git\Afevis-MGS2-Bugfix-Compilation\Texture Fixes\ps2 textures\OPAQUE\bp_remade\police_pos.bmp.png
pos_abe_01.bmp,C:\Development\Git\Afevis-MGS2-Bugfix-Compilation\Texture Fixes\ps2 textures\OPAQUE\bp_remade\pos_abe_01.bmp.png
pos_ishida_02.bmp,C:\Development\Git\Afevis-MGS2-Bugfix-Compilation\Texture Fixes\ps2 textures\OPAQUE\bp_remade\pos_ishida_02.bmp.png
pos_ishida_03.bmp,C:\Development\Git\Afevis-MGS2-Bugfix-Compilation\Texture Fixes\ps2 textures\OPAQUE\bp_remade\pos_ishida_03.bmp.png
pos_kazuki_01.bmp,C:\Development\Git\Afevis-MGS2-Bugfix-Compilation\Texture Fixes\ps2 textures\OPAQUE\bp_remade\pos_kazuki_01.bmp.png
pos_kazuki_02.bmp,C:\Development\Git\Afevis-MGS2-Bugfix-Compilation\Texture Fixes\ps2 textures\OPAQUE\bp_remade\pos_kazuki_02.bmp.png
pos_nakagawa_02.bmp,C:\Development\Git\Afevis-MGS2-Bugfix-Compilation\Texture Fixes\ps2 textures\OPAQUE\bp_remade\pos_nakagawa_02.bmp.png
pos_nakagawa_03.bmp,C:\Development\Git\Afevis-MGS2-Bugfix-Compilation\Texture Fixes\ps2 textures\OPAQUE\bp_remade\pos_nakagawa_03.bmp.png
pos_yasuda_03.bmp,C:\Development\Git\Afevis-MGS2-Bugfix-Compilation\Texture Fixes\ps2 textures\OPAQUE\bp_remade\pos_yasuda_03.bmp.png
postcard01.bmp,C:\Development\Git\Afevis-MGS2-Bugfix-Compilation\Texture Fixes\ps2 textures\OPAQUE\bp_remade\postcard01.bmp.png
potato_00.bmp,C:\Development\Git\Afevis-MGS2-Bugfix-Compilation\Texture Fixes\ps2 textures\OPAQUE\same sha1\potato_00.bmp.png
potato_01.bmp,C:\Development\Git\Afevis-MGS2-Bugfix-Compilation\Texture Fixes\ps2 textures\OPAQUE\same sha1\potato_01.bmp.png
potato_02.bmp,C:\Development\Git\Afevis-MGS2-Bugfix-Compilation\Texture Fixes\ps2 textures\OPAQUE\same sha1\potato_02.bmp.png
powder01_alp.bmp,C:\Development\Git\Afevis-MGS2-Bugfix-Compilation\Texture Fixes\ps2 textures\HAS ALPHA\same sha1\powder01_alp.bmp.png
powder02_alp.bmp,C:\Development\Git\Afevis-MGS2-Bugfix-Compilation\Texture Fixes\ps2 textures\HAS ALPHA\same sha1\powder02_alp.bmp.png
powder03_alp.bmp,C:\Development\Git\Afevis-MGS2-Bugfix-Compilation\Texture Fixes\ps2 textures\HAS ALPHA\same sha1\powder03_alp.bmp.png
powder04_alp.bmp,C:\Development\Git\Afevis-MGS2-Bugfix-Compilation\Texture Fixes\ps2 textures\HAS ALPHA\same sha1\powder04_alp.bmp.png
powfog03_add.bmp,C:\Development\Git\Afevis-MGS2-Bugfix-Compilation\Texture Fixes\ps2 textures\OPAQUE\same sha1\powfog03_add.bmp.png
psg2_alp_ovl.bmp,C:\Development\Git\Afevis-MGS2-Bugfix-Compilation\Texture Fixes\ps2 textures\HAS ALPHA\bp_remade\no_mip_fixes\ui\psg2_alp_ovl.bmp.png
psg_alp_ovl.bmp,C:\Development\Git\Afevis-MGS2-Bugfix-Compilation\Texture Fixes\ps2 textures\HAS ALPHA\bp_remade\no_mip_fixes\ui\psg_alp_ovl.bmp.png
psg_r_natsu.bmp,C:\Development\Git\Afevis-MGS2-Bugfix-Compilation\Texture Fixes\ps2 textures\OPAQUE\same sha1\psg_r_natsu.bmp.png
ptr_eye_ovl_mod1120_alp_emap.bmp,C:\Development\Git\Afevis-MGS2-Bugfix-Compilation\Texture Fixes\ps2 textures\OPAQUE\same sha1\ptr_eye_ovl_mod1120_alp_emap.bmp.png
ptr_face03.bmp,C:\Development\Git\Afevis-MGS2-Bugfix-Compilation\Texture Fixes\ps2 textures\OPAQUE\bp_remade\ptr_face03.bmp.png
ptr_face03.bmp_b289bdfbbb58e30a73b2a6a2b3ba988b,C:\Development\Git\Afevis-MGS2-Bugfix-Compilation\Texture Fixes\ps2 textures\OPAQUE\bp_remade\ptr_face03.bmp_b289bdfbbb58e30a73b2a6a2b3ba988b.png
ptr_face_dead.bmp,C:\Development\Git\Afevis-MGS2-Bugfix-Compilation\Texture Fixes\ps2 textures\OPAQUE\bp_remade\ptr_face_dead.bmp.png
ptr_hand.bmp,C:\Development\Git\Afevis-MGS2-Bugfix-Compilation\Texture Fixes\ps2 textures\OPAQUE\bp_remade\ptr_hand.bmp.png
ptr_hand_re.bmp,C:\Development\Git\Afevis-MGS2-Bugfix-Compilation\Texture Fixes\ps2 textures\OPAQUE\bp_remade\ptr_hand_re.bmp.png
ptr_hi_finger.bmp,C:\Development\Git\Afevis-MGS2-Bugfix-Compilation\Texture Fixes\ps2 textures\OPAQUE\bp_remade\ptr_hi_finger.bmp.png
ptr_hi_finger_red.bmp,C:\Development\Git\Afevis-MGS2-Bugfix-Compilation\Texture Fixes\ps2 textures\OPAQUE\bp_remade\ptr_hi_finger_red.bmp.png
ptr_hi_hand000.bmp,C:\Development\Git\Afevis-MGS2-Bugfix-Compilation\Texture Fixes\ps2 textures\OPAQUE\bp_remade\ptr_hi_hand000.bmp.png
ptr_hi_hand01.bmp,C:\Development\Git\Afevis-MGS2-Bugfix-Compilation\Texture Fixes\ps2 textures\OPAQUE\bp_remade\ptr_hi_hand01.bmp.png
ptr_jaket_nypd.bmp,C:\Development\Git\Afevis-MGS2-Bugfix-Compilation\Texture Fixes\ps2 textures\OPAQUE\bp_remade\ptr_jaket_nypd.bmp.png
ptr_jaket_nypd_dead.bmp,C:\Development\Git\Afevis-MGS2-Bugfix-Compilation\Texture Fixes\ps2 textures\OPAQUE\bp_remade\ptr_jaket_nypd_dead.bmp.png
ptr_jaket_nypd_new.bmp,C:\Development\Git\Afevis-MGS2-Bugfix-Compilation\Texture Fixes\ps2 textures\OPAQUE\bp_remade\ptr_jaket_nypd_new.bmp.png
ptr_tooth_d1.bmp,C:\Development\Git\Afevis-MGS2-Bugfix-Compilation\Texture Fixes\ps2 textures\OPAQUE\bp_remade\ptr_tooth_d1.bmp.png
ptr_tooth_d2.bmp,C:\Development\Git\Afevis-MGS2-Bugfix-Compilation\Texture Fixes\ps2 textures\OPAQUE\bp_remade\ptr_tooth_d2.bmp.png
ptr_tooth_d3.bmp,C:\Development\Git\Afevis-MGS2-Bugfix-Compilation\Texture Fixes\ps2 textures\OPAQUE\bp_remade\ptr_tooth_d3.bmp.png
ptr_tooth_d4.bmp,C:\Development\Git\Afevis-MGS2-Bugfix-Compilation\Texture Fixes\ps2 textures\OPAQUE\bp_remade\ptr_tooth_d4.bmp.png
ptr_tooth_u1.bmp,C:\Development\Git\Afevis-MGS2-Bugfix-Compilation\Texture Fixes\ps2 textures\OPAQUE\bp_remade\ptr_tooth_u1.bmp.png
ptr_tooth_u2.bmp,C:\Development\Git\Afevis-MGS2-Bugfix-Compilation\Texture Fixes\ps2 textures\OPAQUE\bp_remade\ptr_tooth_u2.bmp.png
ptr_tooth_u3.bmp,C:\Development\Git\Afevis-MGS2-Bugfix-Compilation\Texture Fixes\ps2 textures\OPAQUE\bp_remade\ptr_tooth_u3.bmp.png
ptr_tooth_u4.bmp,C:\Development\Git\Afevis-MGS2-Bugfix-Compilation\Texture Fixes\ps2 textures\OPAQUE\bp_remade\ptr_tooth_u4.bmp.png
pump.bmp,C:\Development\Git\Afevis-MGS2-Bugfix-Compilation\Texture Fixes\ps2 textures\OPAQUE\bp_remade\pump.bmp.png
pump01_alp.bmp,C:\Development\Git\Afevis-MGS2-Bugfix-Compilation\Texture Fixes\ps2 textures\HAS ALPHA\same sha1\pump01_alp.bmp.png
pump02_alp.bmp,C:\Development\Git\Afevis-MGS2-Bugfix-Compilation\Texture Fixes\ps2 textures\HAS ALPHA\same sha1\pump02_alp.bmp.png
pumpin.bmp_d158ec1bae8868a7fb57a3d368a5647f,C:\Development\Git\Afevis-MGS2-Bugfix-Compilation\Texture Fixes\ps2 textures\OPAQUE\bp_remade\pumpin.bmp_d158ec1bae8868a7fb57a3d368a5647f.png
pumppowder_msk.bmp,C:\Development\Git\Afevis-MGS2-Bugfix-Compilation\Texture Fixes\ps2 textures\HAS ALPHA\same sha1\pumppowder_msk.bmp.png
q_mark.bmp,C:\Development\Git\Afevis-MGS2-Bugfix-Compilation\Texture Fixes\ps2 textures\OPAQUE\same sha1\q_mark.bmp.png
q_mark_msk.bmp,C:\Development\Git\Afevis-MGS2-Bugfix-Compilation\Texture Fixes\ps2 textures\HAS ALPHA\same sha1\q_mark_msk.bmp.png
qw_mark.bmp,C:\Development\Git\Afevis-MGS2-Bugfix-Compilation\Texture Fixes\ps2 textures\OPAQUE\same sha1\qw_mark.bmp.png
rad_musen1.bmp,C:\Development\Git\Afevis-MGS2-Bugfix-Compilation\Texture Fixes\ps2 textures\OPAQUE\bp_remade\rad_musen1.bmp.png
rad_musen3.bmp,C:\Development\Git\Afevis-MGS2-Bugfix-Compilation\Texture Fixes\ps2 textures\OPAQUE\bp_remade\rad_musen3.bmp.png
rad_musen4.bmp,C:\Development\Git\Afevis-MGS2-Bugfix-Compilation\Texture Fixes\ps2 textures\OPAQUE\bp_remade\rad_musen4.bmp.png
rah_hi_finger.bmp,C:\Development\Git\Afevis-MGS2-Bugfix-Compilation\Texture Fixes\ps2 textures\OPAQUE\same sha1\rah_hi_finger.bmp.png
rah_nin_hi_finger.bmp,C:\Development\Git\Afevis-MGS2-Bugfix-Compilation\Texture Fixes\ps2 textures\OPAQUE\same sha1\rah_nin_hi_finger.bmp.png
rai_all_ibox.bmp,C:\Development\Git\Afevis-MGS2-Bugfix-Compilation\Texture Fixes\ps2 textures\OPAQUE\bp_remade\rai_all_ibox.bmp.png
rai_ba_ovl_mod1120_alp_emap.bmp,C:\Development\Git\Afevis-MGS2-Bugfix-Compilation\Texture Fixes\ps2 textures\OPAQUE\same sha1\rai_ba_ovl_mod1120_alp_emap.bmp.png
rai_da_ovl_mod1120_alp_emap.bmp,C:\Development\Git\Afevis-MGS2-Bugfix-Compilation\Texture Fixes\ps2 textures\OPAQUE\same sha1\rai_da_ovl_mod1120_alp_emap.bmp.png
rai_diver_eyeline.bmp,C:\Development\Git\Afevis-MGS2-Bugfix-Compilation\Texture Fixes\ps2 textures\OPAQUE\same sha1\rai_diver_eyeline.bmp.png
rai_diver_mask.bmp,C:\Development\Git\Afevis-MGS2-Bugfix-Compilation\Texture Fixes\ps2 textures\OPAQUE\same sha1\rai_diver_mask.bmp.png
rai_diver_tube_in.bmp,C:\Development\Git\Afevis-MGS2-Bugfix-Compilation\Texture Fixes\ps2 textures\OPAQUE\same sha1\rai_diver_tube_in.bmp.png
rai_diver_tube_red.bmp,C:\Development\Git\Afevis-MGS2-Bugfix-Compilation\Texture Fixes\ps2 textures\OPAQUE\same sha1\rai_diver_tube_red.bmp.png
rai_dtg_plate.bmp,C:\Development\Git\Afevis-MGS2-Bugfix-Compilation\Texture Fixes\ps2 textures\OPAQUE\same sha1\rai_dtg_plate.bmp.png
rai_eye_hlf_ovl.bmp,C:\Development\Git\Afevis-MGS2-Bugfix-Compilation\Texture Fixes\ps2 textures\HAS ALPHA\same sha1\rai_eye_hlf_ovl.bmp.png
rai_fe_ovl_mod1120_alp_emap.bmp,C:\Development\Git\Afevis-MGS2-Bugfix-Compilation\Texture Fixes\ps2 textures\OPAQUE\same sha1\rai_fe_ovl_mod1120_alp_emap.bmp.png
rai_fin_foot.bmp,C:\Development\Git\Afevis-MGS2-Bugfix-Compilation\Texture Fixes\ps2 textures\OPAQUE\same sha1\rai_fin_foot.bmp.png
rai_fx_ovl_mod1120_alp_emap.bmp,C:\Development\Git\Afevis-MGS2-Bugfix-Compilation\Texture Fixes\ps2 textures\OPAQUE\same sha1\rai_fx_ovl_mod1120_alp_emap.bmp.png
rai_g2_ovl_mod1120_alp_emap.bmp,C:\Development\Git\Afevis-MGS2-Bugfix-Compilation\Texture Fixes\ps2 textures\OPAQUE\same sha1\rai_g2_ovl_mod1120_alp_emap.bmp.png
rai_glass_flame.bmp,C:\Development\Git\Afevis-MGS2-Bugfix-Compilation\Texture Fixes\ps2 textures\OPAQUE\same sha1\rai_glass_flame.bmp.png
rai_gun_back.bmp,C:\Development\Git\Afevis-MGS2-Bugfix-Compilation\Texture Fixes\ps2 textures\OPAQUE\bp_remade\rai_gun_back.bmp.png
rai_gun_fro.bmp,C:\Development\Git\Afevis-MGS2-Bugfix-Compilation\Texture Fixes\ps2 textures\OPAQUE\bp_remade\rai_gun_fro.bmp.png
rai_gun_side.bmp,C:\Development\Git\Afevis-MGS2-Bugfix-Compilation\Texture Fixes\ps2 textures\OPAQUE\bp_remade\rai_gun_side.bmp.png
rai_gun_side2.bmp,C:\Development\Git\Afevis-MGS2-Bugfix-Compilation\Texture Fixes\ps2 textures\OPAQUE\bp_remade\rai_gun_side2.bmp.png
rai_gun_top.bmp,C:\Development\Git\Afevis-MGS2-Bugfix-Compilation\Texture Fixes\ps2 textures\OPAQUE\bp_remade\rai_gun_top.bmp.png
rai_hair_b_base.bmp,C:\Development\Git\Afevis-MGS2-Bugfix-Compilation\Texture Fixes\ps2 textures\OPAQUE\same sha1\rai_hair_b_base.bmp.png
rai_hair_b_edge2_ovl_alp.bmp,C:\Development\Git\Afevis-MGS2-Bugfix-Compilation\Texture Fixes\ps2 textures\HAS ALPHA\same sha1\rai_hair_b_edge2_ovl_alp.bmp.png
rai_hair_b_edge_ovl_alp.bmp,C:\Development\Git\Afevis-MGS2-Bugfix-Compilation\Texture Fixes\ps2 textures\HAS ALPHA\same sha1\rai_hair_b_edge_ovl_alp.bmp.png
rai_hair_b_front_ovl_alp.bmp,C:\Development\Git\Afevis-MGS2-Bugfix-Compilation\Texture Fixes\ps2 textures\HAS ALPHA\same sha1\rai_hair_b_front_ovl_alp.bmp.png
rai_hair_b_fside_ovl_alp.bmp,C:\Development\Git\Afevis-MGS2-Bugfix-Compilation\Texture Fixes\ps2 textures\HAS ALPHA\same sha1\rai_hair_b_fside_ovl_alp.bmp.png
rai_hair_b_sbotom_ovl_alp.bmp,C:\Development\Git\Afevis-MGS2-Bugfix-Compilation\Texture Fixes\ps2 textures\HAS ALPHA\same sha1\rai_hair_b_sbotom_ovl_alp.bmp.png
rai_hair_bk_base.bmp,C:\Development\Git\Afevis-MGS2-Bugfix-Compilation\Texture Fixes\ps2 textures\OPAQUE\same sha1\rai_hair_bk_base.bmp.png
rai_hair_bk_edge2_ovl_alp.bmp,C:\Development\Git\Afevis-MGS2-Bugfix-Compilation\Texture Fixes\ps2 textures\HAS ALPHA\same sha1\rai_hair_bk_edge2_ovl_alp.bmp.png
rai_hair_bk_edge_ovl_alp.bmp,C:\Development\Git\Afevis-MGS2-Bugfix-Compilation\Texture Fixes\ps2 textures\HAS ALPHA\same sha1\rai_hair_bk_edge_ovl_alp.bmp.png
rai_hair_bk_front_ovl_alp.bmp,C:\Development\Git\Afevis-MGS2-Bugfix-Compilation\Texture Fixes\ps2 textures\HAS ALPHA\same sha1\rai_hair_bk_front_ovl_alp.bmp.png
rai_hair_bk_fside_ovl_alp.bmp,C:\Development\Git\Afevis-MGS2-Bugfix-Compilation\Texture Fixes\ps2 textures\HAS ALPHA\same sha1\rai_hair_bk_fside_ovl_alp.bmp.png
rai_hair_bk_sbotom_ovl_alp.bmp,C:\Development\Git\Afevis-MGS2-Bugfix-Compilation\Texture Fixes\ps2 textures\HAS ALPHA\same sha1\rai_hair_bk_sbotom_ovl_alp.bmp.png
rai_hair_d_base.bmp,C:\Development\Git\Afevis-MGS2-Bugfix-Compilation\Texture Fixes\ps2 textures\OPAQUE\same sha1\rai_hair_d_base.bmp.png
rai_hair_d_edge2_ovl_alp.bmp,C:\Development\Git\Afevis-MGS2-Bugfix-Compilation\Texture Fixes\ps2 textures\HAS ALPHA\same sha1\rai_hair_d_edge2_ovl_alp.bmp.png
rai_hair_d_edge_ovl_alp.bmp,C:\Development\Git\Afevis-MGS2-Bugfix-Compilation\Texture Fixes\ps2 textures\HAS ALPHA\same sha1\rai_hair_d_edge_ovl_alp.bmp.png
rai_hair_d_front_ovl_alp.bmp,C:\Development\Git\Afevis-MGS2-Bugfix-Compilation\Texture Fixes\ps2 textures\HAS ALPHA\same sha1\rai_hair_d_front_ovl_alp.bmp.png
rai_hair_d_fside_ovl_alp.bmp,C:\Development\Git\Afevis-MGS2-Bugfix-Compilation\Texture Fixes\ps2 textures\HAS ALPHA\same sha1\rai_hair_d_fside_ovl_alp.bmp.png
rai_hair_d_sbotom_ovl_alp.bmp,C:\Development\Git\Afevis-MGS2-Bugfix-Compilation\Texture Fixes\ps2 textures\HAS ALPHA\same sha1\rai_hair_d_sbotom_ovl_alp.bmp.png
rai_hair_r_base.bmp,C:\Development\Git\Afevis-MGS2-Bugfix-Compilation\Texture Fixes\ps2 textures\OPAQUE\same sha1\rai_hair_r_base.bmp.png
rai_hair_r_edge2_ovl_alp.bmp,C:\Development\Git\Afevis-MGS2-Bugfix-Compilation\Texture Fixes\ps2 textures\HAS ALPHA\same sha1\rai_hair_r_edge2_ovl_alp.bmp.png
rai_hair_r_edge_ovl_alp.bmp,C:\Development\Git\Afevis-MGS2-Bugfix-Compilation\Texture Fixes\ps2 textures\HAS ALPHA\same sha1\rai_hair_r_edge_ovl_alp.bmp.png
rai_hair_r_front_ovl_alp.bmp,C:\Development\Git\Afevis-MGS2-Bugfix-Compilation\Texture Fixes\ps2 textures\HAS ALPHA\same sha1\rai_hair_r_front_ovl_alp.bmp.png
rai_hair_r_fside_ovl_alp.bmp,C:\Development\Git\Afevis-MGS2-Bugfix-Compilation\Texture Fixes\ps2 textures\HAS ALPHA\same sha1\rai_hair_r_fside_ovl_alp.bmp.png
rai_hair_r_sbotom_ovl_alp.bmp,C:\Development\Git\Afevis-MGS2-Bugfix-Compilation\Texture Fixes\ps2 textures\HAS ALPHA\same sha1\rai_hair_r_sbotom_ovl_alp.bmp.png
rai_hr_ovl_mod1120_alp_emap.bmp,C:\Development\Git\Afevis-MGS2-Bugfix-Compilation\Texture Fixes\ps2 textures\OPAQUE\same sha1\rai_hr_ovl_mod1120_alp_emap.bmp.png
rai_mag.bmp,C:\Development\Git\Afevis-MGS2-Bugfix-Compilation\Texture Fixes\ps2 textures\OPAQUE\same sha1\rai_mag.bmp.png
rai_mask_a.bmp,C:\Development\Git\Afevis-MGS2-Bugfix-Compilation\Texture Fixes\ps2 textures\OPAQUE\same sha1\rai_mask_a.bmp.png
rai_mask_c.bmp,C:\Development\Git\Afevis-MGS2-Bugfix-Compilation\Texture Fixes\ps2 textures\OPAQUE\same sha1\rai_mask_c.bmp.png
rai_mask_d.bmp,C:\Development\Git\Afevis-MGS2-Bugfix-Compilation\Texture Fixes\ps2 textures\OPAQUE\same sha1\rai_mask_d.bmp.png
rai_mask_e.bmp,C:\Development\Git\Afevis-MGS2-Bugfix-Compilation\Texture Fixes\ps2 textures\OPAQUE\same sha1\rai_mask_e.bmp.png
rai_na_ovl_mod1102_alp_emap.bmp,C:\Development\Git\Afevis-MGS2-Bugfix-Compilation\Texture Fixes\ps2 textures\OPAQUE\same sha1\rai_na_ovl_mod1102_alp_emap.bmp.png
rai_naked_foot1.bmp,C:\Development\Git\Afevis-MGS2-Bugfix-Compilation\Texture Fixes\ps2 textures\OPAQUE\same sha1\rai_naked_foot1.bmp.png
rai_naked_foot2.bmp,C:\Development\Git\Afevis-MGS2-Bugfix-Compilation\Texture Fixes\ps2 textures\OPAQUE\same sha1\rai_naked_foot2.bmp.png
rai_r_ovl_mod1120_alp_emap.bmp,C:\Development\Git\Afevis-MGS2-Bugfix-Compilation\Texture Fixes\ps2 textures\OPAQUE\same sha1\rai_r_ovl_mod1120_alp_emap.bmp.png
raiden_gogle_sev_alp.bmp,C:\Development\Git\Afevis-MGS2-Bugfix-Compilation\Texture Fixes\ps2 textures\HAS ALPHA\same sha1\raiden_gogle_sev_alp.bmp.png
rar_nori.bmp,C:\Development\Git\Afevis-MGS2-Bugfix-Compilation\Texture Fixes\ps2 textures\OPAQUE\same sha1\rar_nori.bmp.png
rar_tuyu.bmp,C:\Development\Git\Afevis-MGS2-Bugfix-Compilation\Texture Fixes\ps2 textures\OPAQUE\same sha1\rar_tuyu.bmp.png
rar_wari.bmp,C:\Development\Git\Afevis-MGS2-Bugfix-Compilation\Texture Fixes\ps2 textures\OPAQUE\same sha1\rar_wari.bmp.png
ration_alp_ovl.bmp,C:\Development\Git\Afevis-MGS2-Bugfix-Compilation\Texture Fixes\ps2 textures\HAS ALPHA\bp_remade\no_mip_fixes\ui\ration_alp_ovl.bmp.png
ray_arm_u1.bmp,C:\Development\Git\Afevis-MGS2-Bugfix-Compilation\Texture Fixes\ps2 textures\OPAQUE\bp_remade\ray_arm_u1.bmp.png
ray_arm_u1s.bmp,C:\Development\Git\Afevis-MGS2-Bugfix-Compilation\Texture Fixes\ps2 textures\OPAQUE\bp_remade\ray_arm_u1s.bmp.png
ray_arm_u_finall.bmp,C:\Development\Git\Afevis-MGS2-Bugfix-Compilation\Texture Fixes\ps2 textures\OPAQUE\bp_remade\ray_arm_u_finall.bmp.png
ray_armpit_meca2.bmp,C:\Development\Git\Afevis-MGS2-Bugfix-Compilation\Texture Fixes\ps2 textures\OPAQUE\bp_remade\ray_armpit_meca2.bmp.png
ray_armpit_meca2_new.bmp,C:\Development\Git\Afevis-MGS2-Bugfix-Compilation\Texture Fixes\ps2 textures\OPAQUE\bp_remade\ray_armpit_meca2_new.bmp.png
ray_armpit_t1.bmp,C:\Development\Git\Afevis-MGS2-Bugfix-Compilation\Texture Fixes\ps2 textures\OPAQUE\bp_remade\ray_armpit_t1.bmp.png
ray_armpit_u1.bmp,C:\Development\Git\Afevis-MGS2-Bugfix-Compilation\Texture Fixes\ps2 textures\OPAQUE\bp_remade\ray_armpit_u1.bmp.png
ray_backpack_t1.bmp,C:\Development\Git\Afevis-MGS2-Bugfix-Compilation\Texture Fixes\ps2 textures\OPAQUE\bp_remade\ray_backpack_t1.bmp.png
ray_bm_01.bmp,C:\Development\Git\Afevis-MGS2-Bugfix-Compilation\Texture Fixes\ps2 textures\OPAQUE\bp_remade\ray_bm_01.bmp.png
ray_body_s1.bmp,C:\Development\Git\Afevis-MGS2-Bugfix-Compilation\Texture Fixes\ps2 textures\OPAQUE\bp_remade\ray_body_s1.bmp.png
ray_canopy.bmp,C:\Development\Git\Afevis-MGS2-Bugfix-Compilation\Texture Fixes\ps2 textures\OPAQUE\bp_remade\ray_canopy.bmp.png
ray_canopy.bmp_69536e0cc16b5504c7afe3237c9f388a,C:\Development\Git\Afevis-MGS2-Bugfix-Compilation\Texture Fixes\ps2 textures\OPAQUE\bp_remade\ray_canopy.bmp_69536e0cc16b5504c7afe3237c9f388a.png
ray_canopy_edge.bmp,C:\Development\Git\Afevis-MGS2-Bugfix-Compilation\Texture Fixes\ps2 textures\OPAQUE\bp_remade\ray_canopy_edge.bmp.png
ray_canopy_ovl_mod1120_emap.bmp,C:\Development\Git\Afevis-MGS2-Bugfix-Compilation\Texture Fixes\ps2 textures\OPAQUE\bp_remade\ray_canopy_ovl_mod1120_emap.bmp.png
ray_cheek_f1.bmp,C:\Development\Git\Afevis-MGS2-Bugfix-Compilation\Texture Fixes\ps2 textures\OPAQUE\same sha1\ray_cheek_f1.bmp.png
ray_chest_f1.bmp,C:\Development\Git\Afevis-MGS2-Bugfix-Compilation\Texture Fixes\ps2 textures\OPAQUE\bp_remade\ray_chest_f1.bmp.png
ray_chin_t1.bmp,C:\Development\Git\Afevis-MGS2-Bugfix-Compilation\Texture Fixes\ps2 textures\OPAQUE\bp_remade\ray_chin_t1.bmp.png
ray_col1.bmp,C:\Development\Git\Afevis-MGS2-Bugfix-Compilation\Texture Fixes\ps2 textures\OPAQUE\same sha1\ray_col1.bmp.png
ray_debug_alp.bmp,C:\Development\Git\Afevis-MGS2-Bugfix-Compilation\Texture Fixes\ps2 textures\HAS ALPHA\same sha1\ray_debug_alp.bmp.png
ray_eye.bmp,C:\Development\Git\Afevis-MGS2-Bugfix-Compilation\Texture Fixes\ps2 textures\OPAQUE\bp_remade\ray_eye.bmp.png
ray_eye_blur_alp.bmp,C:\Development\Git\Afevis-MGS2-Bugfix-Compilation\Texture Fixes\ps2 textures\HAS ALPHA\same sha1\ray_eye_blur_alp.bmp.png
ray_eye_blur_alp.bmp_517d03bda499e745cec9fdeb2a4a1f63,C:\Development\Git\Afevis-MGS2-Bugfix-Compilation\Texture Fixes\ps2 textures\HAS ALPHA\same sha1\ray_eye_blur_alp.bmp_517d03bda499e745cec9fdeb2a4a1f63.png
ray_eye_pera.bmp,C:\Development\Git\Afevis-MGS2-Bugfix-Compilation\Texture Fixes\ps2 textures\OPAQUE\bp_remade\ray_eye_pera.bmp.png
ray_face_b1.bmp,C:\Development\Git\Afevis-MGS2-Bugfix-Compilation\Texture Fixes\ps2 textures\OPAQUE\bp_remade\ray_face_b1.bmp.png
ray_face_s1.bmp,C:\Development\Git\Afevis-MGS2-Bugfix-Compilation\Texture Fixes\ps2 textures\OPAQUE\bp_remade\ray_face_s1.bmp.png
ray_face_s2.bmp,C:\Development\Git\Afevis-MGS2-Bugfix-Compilation\Texture Fixes\ps2 textures\OPAQUE\bp_remade\ray_face_s2.bmp.png
ray_face_t1.bmp,C:\Development\Git\Afevis-MGS2-Bugfix-Compilation\Texture Fixes\ps2 textures\OPAQUE\bp_remade\ray_face_t1.bmp.png
ray_forearm_t1.bmp,C:\Development\Git\Afevis-MGS2-Bugfix-Compilation\Texture Fixes\ps2 textures\OPAQUE\bp_remade\ray_forearm_t1.bmp.png
ray_hand_u1.bmp,C:\Development\Git\Afevis-MGS2-Bugfix-Compilation\Texture Fixes\ps2 textures\OPAQUE\bp_remade\ray_hand_u1.bmp.png
ray_hip_f1.bmp,C:\Development\Git\Afevis-MGS2-Bugfix-Compilation\Texture Fixes\ps2 textures\OPAQUE\bp_remade\ray_hip_f1.bmp.png
ray_leg1_s1.bmp,C:\Development\Git\Afevis-MGS2-Bugfix-Compilation\Texture Fixes\ps2 textures\OPAQUE\bp_remade\ray_leg1_s1.bmp.png
ray_leg2_s1.bmp,C:\Development\Git\Afevis-MGS2-Bugfix-Compilation\Texture Fixes\ps2 textures\OPAQUE\bp_remade\ray_leg2_s1.bmp.png
ray_lip_out.bmp,C:\Development\Git\Afevis-MGS2-Bugfix-Compilation\Texture Fixes\ps2 textures\OPAQUE\bp_remade\ray_lip_out.bmp.png
ray_mouth_temptex.bmp,C:\Development\Git\Afevis-MGS2-Bugfix-Compilation\Texture Fixes\ps2 textures\OPAQUE\bp_remade\ray_mouth_temptex.bmp.png
ray_muzzle.bmp,C:\Development\Git\Afevis-MGS2-Bugfix-Compilation\Texture Fixes\ps2 textures\OPAQUE\bp_remade\ray_muzzle.bmp.png
ray_muzzle_iner.bmp,C:\Development\Git\Afevis-MGS2-Bugfix-Compilation\Texture Fixes\ps2 textures\OPAQUE\bp_remade\ray_muzzle_iner.bmp.png
ray_neck_circle.bmp,C:\Development\Git\Afevis-MGS2-Bugfix-Compilation\Texture Fixes\ps2 textures\OPAQUE\bp_remade\ray_neck_circle.bmp.png
ray_shoulder_circle.bmp,C:\Development\Git\Afevis-MGS2-Bugfix-Compilation\Texture Fixes\ps2 textures\OPAQUE\bp_remade\ray_shoulder_circle.bmp.png
ray_shoulder_f1.bmp,C:\Development\Git\Afevis-MGS2-Bugfix-Compilation\Texture Fixes\ps2 textures\OPAQUE\bp_remade\ray_shoulder_f1.bmp.png
ray_tail_s1x.bmp,C:\Development\Git\Afevis-MGS2-Bugfix-Compilation\Texture Fixes\ps2 textures\OPAQUE\bp_remade\ray_tail_s1x.bmp.png
ray_tail_s2.bmp,C:\Development\Git\Afevis-MGS2-Bugfix-Compilation\Texture Fixes\ps2 textures\OPAQUE\bp_remade\ray_tail_s2.bmp.png
ray_temptex1.bmp,C:\Development\Git\Afevis-MGS2-Bugfix-Compilation\Texture Fixes\ps2 textures\OPAQUE\bp_remade\ray_temptex1.bmp.png
ray_thigh_b1.bmp,C:\Development\Git\Afevis-MGS2-Bugfix-Compilation\Texture Fixes\ps2 textures\OPAQUE\bp_remade\ray_thigh_b1.bmp.png
ray_thigh_circle.bmp,C:\Development\Git\Afevis-MGS2-Bugfix-Compilation\Texture Fixes\ps2 textures\OPAQUE\bp_remade\ray_thigh_circle.bmp.png
ray_thigh_t1.bmp,C:\Development\Git\Afevis-MGS2-Bugfix-Compilation\Texture Fixes\ps2 textures\OPAQUE\bp_remade\ray_thigh_t1.bmp.png
ray_thigh_u1.bmp,C:\Development\Git\Afevis-MGS2-Bugfix-Compilation\Texture Fixes\ps2 textures\OPAQUE\bp_remade\ray_thigh_u1.bmp.png
ray_tooth.bmp,C:\Development\Git\Afevis-MGS2-Bugfix-Compilation\Texture Fixes\ps2 textures\OPAQUE\bp_remade\ray_tooth.bmp.png
ray_waist_b1x.bmp,C:\Development\Git\Afevis-MGS2-Bugfix-Compilation\Texture Fixes\ps2 textures\OPAQUE\bp_remade\ray_waist_b1x.bmp.png
ray_waist_s1.bmp,C:\Development\Git\Afevis-MGS2-Bugfix-Compilation\Texture Fixes\ps2 textures\OPAQUE\bp_remade\ray_waist_s1.bmp.png
raycp_ceil_lt_alp_decal_ovl.bmp,C:\Development\Git\Afevis-MGS2-Bugfix-Compilation\Texture Fixes\ps2 textures\HAS ALPHA\same sha1\raycp_ceil_lt_alp_decal_ovl.bmp.png
raycp_circle1_alp.bmp,C:\Development\Git\Afevis-MGS2-Bugfix-Compilation\Texture Fixes\ps2 textures\HAS ALPHA\same sha1\raycp_circle1_alp.bmp.png
raycp_circle2_alp.bmp,C:\Development\Git\Afevis-MGS2-Bugfix-Compilation\Texture Fixes\ps2 textures\HAS ALPHA\same sha1\raycp_circle2_alp.bmp.png
raycp_circle3_alp.bmp,C:\Development\Git\Afevis-MGS2-Bugfix-Compilation\Texture Fixes\ps2 textures\HAS ALPHA\same sha1\raycp_circle3_alp.bmp.png
raycp_eyebox_cyl_enter.bmp,C:\Development\Git\Afevis-MGS2-Bugfix-Compilation\Texture Fixes\ps2 textures\OPAQUE\same sha1\raycp_eyebox_cyl_enter.bmp.png
raycp_grey.bmp,C:\Development\Git\Afevis-MGS2-Bugfix-Compilation\Texture Fixes\ps2 textures\OPAQUE\same sha1\raycp_grey.bmp.png
raycp_grip.bmp,C:\Development\Git\Afevis-MGS2-Bugfix-Compilation\Texture Fixes\ps2 textures\OPAQUE\same sha1\raycp_grip.bmp.png
raycp_hanyoutex_alp.bmp,C:\Development\Git\Afevis-MGS2-Bugfix-Compilation\Texture Fixes\ps2 textures\HAS ALPHA\same sha1\raycp_hanyoutex_alp.bmp.png
raycp_hd_glass.bmp,C:\Development\Git\Afevis-MGS2-Bugfix-Compilation\Texture Fixes\ps2 textures\OPAQUE\same sha1\raycp_hd_glass.bmp.png
raycp_holograph1_alp.bmp,C:\Development\Git\Afevis-MGS2-Bugfix-Compilation\Texture Fixes\ps2 textures\HAS ALPHA\same sha1\raycp_holograph1_alp.bmp.png
raycp_liner_alp.bmp,C:\Development\Git\Afevis-MGS2-Bugfix-Compilation\Texture Fixes\ps2 textures\OPAQUE\same sha1\raycp_liner_alp.bmp.png
raycp_rearview_alp.bmp,C:\Development\Git\Afevis-MGS2-Bugfix-Compilation\Texture Fixes\ps2 textures\HAS ALPHA\same sha1\raycp_rearview_alp.bmp.png
raycp_scaler_l_alp.bmp,C:\Development\Git\Afevis-MGS2-Bugfix-Compilation\Texture Fixes\ps2 textures\HAS ALPHA\same sha1\raycp_scaler_l_alp.bmp.png
raycp_scaler_r_alp.bmp,C:\Development\Git\Afevis-MGS2-Bugfix-Compilation\Texture Fixes\ps2 textures\HAS ALPHA\same sha1\raycp_scaler_r_alp.bmp.png
raycp_seat_f1.bmp,C:\Development\Git\Afevis-MGS2-Bugfix-Compilation\Texture Fixes\ps2 textures\OPAQUE\same sha1\raycp_seat_f1.bmp.png
raycp_text1_alp.bmp,C:\Development\Git\Afevis-MGS2-Bugfix-Compilation\Texture Fixes\ps2 textures\HAS ALPHA\same sha1\raycp_text1_alp.bmp.png
raycp_touchp_stay_t1.bmp,C:\Development\Git\Afevis-MGS2-Bugfix-Compilation\Texture Fixes\ps2 textures\OPAQUE\same sha1\raycp_touchp_stay_t1.bmp.png
raycp_wall_danmen.bmp,C:\Development\Git\Afevis-MGS2-Bugfix-Compilation\Texture Fixes\ps2 textures\OPAQUE\same sha1\raycp_wall_danmen.bmp.png
rcm_l.bmp,C:\Development\Git\Afevis-MGS2-Bugfix-Compilation\Texture Fixes\ps2 textures\OPAQUE\same sha1\rcm_l.bmp.png
rcm_l_alp.bmp,C:\Development\Git\Afevis-MGS2-Bugfix-Compilation\Texture Fixes\ps2 textures\HAS ALPHA\same sha1\rcm_l_alp.bmp.png
rcm_l_msk.bmp,C:\Development\Git\Afevis-MGS2-Bugfix-Compilation\Texture Fixes\ps2 textures\HAS ALPHA\same sha1\rcm_l_msk.bmp.png
rdas1.bmp,C:\Development\Git\Afevis-MGS2-Bugfix-Compilation\Texture Fixes\ps2 textures\OPAQUE\same sha1\rdas1.bmp.png
rdas1u.bmp,C:\Development\Git\Afevis-MGS2-Bugfix-Compilation\Texture Fixes\ps2 textures\OPAQUE\same sha1\rdas1u.bmp.png
rdat2.bmp,C:\Development\Git\Afevis-MGS2-Bugfix-Compilation\Texture Fixes\ps2 textures\OPAQUE\same sha1\rdat2.bmp.png
refre_alp_ovl.bmp,C:\Development\Git\Afevis-MGS2-Bugfix-Compilation\Texture Fixes\ps2 textures\HAS ALPHA\bp_remade\no_mip_fixes\ui\refre_alp_ovl.bmp.png
refre_left_alp_ovl.bmp,C:\Development\Git\Afevis-MGS2-Bugfix-Compilation\Texture Fixes\ps2 textures\HAS ALPHA\bp_remade\no_mip_fixes\ui\refre_left_alp_ovl.bmp.png
refre_right_alp_ovl.bmp,C:\Development\Git\Afevis-MGS2-Bugfix-Compilation\Texture Fixes\ps2 textures\HAS ALPHA\bp_remade\no_mip_fixes\ui\refre_right_alp_ovl.bmp.png
rev_blk.bmp,C:\Development\Git\Afevis-MGS2-Bugfix-Compilation\Texture Fixes\ps2 textures\OPAQUE\same sha1\rev_blk.bmp.png
rev_boot_01dt.bmp,C:\Development\Git\Afevis-MGS2-Bugfix-Compilation\Texture Fixes\ps2 textures\OPAQUE\same sha1\rev_boot_01dt.bmp.png
rev_boot_03dt.bmp,C:\Development\Git\Afevis-MGS2-Bugfix-Compilation\Texture Fixes\ps2 textures\OPAQUE\same sha1\rev_boot_03dt.bmp.png
rev_boot_ss.bmp,C:\Development\Git\Afevis-MGS2-Bugfix-Compilation\Texture Fixes\ps2 textures\OPAQUE\same sha1\rev_boot_ss.bmp.png
rev_bullet_02dt.bmp,C:\Development\Git\Afevis-MGS2-Bugfix-Compilation\Texture Fixes\ps2 textures\OPAQUE\same sha1\rev_bullet_02dt.bmp.png
rev_coat_shoulder01dt.bmp,C:\Development\Git\Afevis-MGS2-Bugfix-Compilation\Texture Fixes\ps2 textures\OPAQUE\same sha1\rev_coat_shoulder01dt.bmp.png
rev_hair2.bmp,C:\Development\Git\Afevis-MGS2-Bugfix-Compilation\Texture Fixes\ps2 textures\OPAQUE\same sha1\rev_hair2.bmp.png
rev_hand1.bmp,C:\Development\Git\Afevis-MGS2-Bugfix-Compilation\Texture Fixes\ps2 textures\OPAQUE\same sha1\rev_hand1.bmp.png
rev_hand2.bmp,C:\Development\Git\Afevis-MGS2-Bugfix-Compilation\Texture Fixes\ps2 textures\OPAQUE\same sha1\rev_hand2.bmp.png
rev_hi_finger.bmp,C:\Development\Git\Afevis-MGS2-Bugfix-Compilation\Texture Fixes\ps2 textures\OPAQUE\same sha1\rev_hi_finger.bmp.png
rev_holster_01dt.bmp,C:\Development\Git\Afevis-MGS2-Bugfix-Compilation\Texture Fixes\ps2 textures\OPAQUE\same sha1\rev_holster_01dt.bmp.png
rev_kanagu.bmp,C:\Development\Git\Afevis-MGS2-Bugfix-Compilation\Texture Fixes\ps2 textures\OPAQUE\same sha1\rev_kanagu.bmp.png
rev_liq_hair_ovr_ovl_alp.bmp,C:\Development\Git\Afevis-MGS2-Bugfix-Compilation\Texture Fixes\ps2 textures\HAS ALPHA\same sha1\rev_liq_hair_ovr_ovl_alp.bmp.png
rev_liq_hi_finger.bmp,C:\Development\Git\Afevis-MGS2-Bugfix-Compilation\Texture Fixes\ps2 textures\OPAQUE\same sha1\rev_liq_hi_finger.bmp.png
rev_p_ovl_mod1120_alp_emap.bmp,C:\Development\Git\Afevis-MGS2-Bugfix-Compilation\Texture Fixes\ps2 textures\OPAQUE\same sha1\rev_p_ovl_mod1120_alp_emap.bmp.png
rev_saapack.bmp,C:\Development\Git\Afevis-MGS2-Bugfix-Compilation\Texture Fixes\ps2 textures\OPAQUE\same sha1\rev_saapack.bmp.png
rev_spur1_ovl_alp.bmp,C:\Development\Git\Afevis-MGS2-Bugfix-Compilation\Texture Fixes\ps2 textures\HAS ALPHA\same sha1\rev_spur1_ovl_alp.bmp.png
rev_spur_01dt_ovl_alp.bmp_74d812bdb6558269c32b7e9217a7b2f7,C:\Development\Git\Afevis-MGS2-Bugfix-Compilation\Texture Fixes\ps2 textures\HAS ALPHA\same sha1\rev_spur_01dt_ovl_alp.bmp_74d812bdb6558269c32b7e9217a7b2f7.png
rev_tama_top.bmp,C:\Development\Git\Afevis-MGS2-Bugfix-Compilation\Texture Fixes\ps2 textures\OPAQUE\same sha1\rev_tama_top.bmp.png
rgb_alp_ovl.bmp,C:\Development\Git\Afevis-MGS2-Bugfix-Compilation\Texture Fixes\ps2 textures\HAS ALPHA\bp_remade\no_mip_fixes\ui\rgb_alp_ovl.bmp.png
rgb_amo.bmp,C:\Development\Git\Afevis-MGS2-Bugfix-Compilation\Texture Fixes\ps2 textures\OPAQUE\bp_remade\rgb_amo.bmp.png
rgb_amo_cartridge2.bmp,C:\Development\Git\Afevis-MGS2-Bugfix-Compilation\Texture Fixes\ps2 textures\OPAQUE\bp_remade\rgb_amo_cartridge2.bmp.png
rgb_sb_body.bmp,C:\Development\Git\Afevis-MGS2-Bugfix-Compilation\Texture Fixes\ps2 textures\OPAQUE\bp_remade\rgb_sb_body.bmp.png
rgb_sb_body.bmp_2f0d86d85ea774f8976cc6b4aac67670,C:\Development\Git\Afevis-MGS2-Bugfix-Compilation\Texture Fixes\ps2 textures\OPAQUE\bp_remade\rgb_sb_body.bmp_2f0d86d85ea774f8976cc6b4aac67670.png
rgb_sb_muzzle.bmp,C:\Development\Git\Afevis-MGS2-Bugfix-Compilation\Texture Fixes\ps2 textures\OPAQUE\bp_remade\rgb_sb_muzzle.bmp.png
rgb_sb_muzzle.bmp_cd50a1055e9aaf1f63580648e71f4e0e,C:\Development\Git\Afevis-MGS2-Bugfix-Compilation\Texture Fixes\ps2 textures\OPAQUE\bp_remade\rgb_sb_muzzle.bmp_cd50a1055e9aaf1f63580648e71f4e0e.png
rhw_roter_t1.bmp,C:\Development\Git\Afevis-MGS2-Bugfix-Compilation\Texture Fixes\ps2 textures\OPAQUE\same sha1\rhw_roter_t1.bmp.png
ric_hair03_alp_ovl.bmp,C:\Development\Git\Afevis-MGS2-Bugfix-Compilation\Texture Fixes\ps2 textures\HAS ALPHA\same sha1\ric_hair03_alp_ovl.bmp.png
ripple02_alp.bmp,C:\Development\Git\Afevis-MGS2-Bugfix-Compilation\Texture Fixes\ps2 textures\HAS ALPHA\same sha1\ripple02_alp.bmp.png
roof_test2.bmp,C:\Development\Git\Afevis-MGS2-Bugfix-Compilation\Texture Fixes\ps2 textures\OPAQUE\same sha1\roof_test2.bmp.png
ros_arm2mc.bmp,C:\Development\Git\Afevis-MGS2-Bugfix-Compilation\Texture Fixes\ps2 textures\OPAQUE\bp_remade\ros_arm2mc.bmp.png
ros_armmc.bmp,C:\Development\Git\Afevis-MGS2-Bugfix-Compilation\Texture Fixes\ps2 textures\OPAQUE\bp_remade\ros_armmc.bmp.png
ros_bodymc.bmp,C:\Development\Git\Afevis-MGS2-Bugfix-Compilation\Texture Fixes\ps2 textures\OPAQUE\bp_remade\ros_bodymc.bmp.png
ros_clip.bmp,C:\Development\Git\Afevis-MGS2-Bugfix-Compilation\Texture Fixes\ps2 textures\OPAQUE\bp_remade\ros_clip.bmp.png
ros_emc_ovl_mod1120_alp_emap.bmp,C:\Development\Git\Afevis-MGS2-Bugfix-Compilation\Texture Fixes\ps2 textures\OPAQUE\bp_remade\ros_emc_ovl_mod1120_alp_emap.bmp.png
ros_fmc_ovl_mod1120_alp_emap.bmp,C:\Development\Git\Afevis-MGS2-Bugfix-Compilation\Texture Fixes\ps2 textures\OPAQUE\bp_remade\ros_fmc_ovl_mod1120_alp_emap.bmp.png
ros_hair_p2mc.bmp,C:\Development\Git\Afevis-MGS2-Bugfix-Compilation\Texture Fixes\ps2 textures\OPAQUE\bp_remade\ros_hair_p2mc.bmp.png
ros_hair_p4mc.bmp,C:\Development\Git\Afevis-MGS2-Bugfix-Compilation\Texture Fixes\ps2 textures\OPAQUE\bp_remade\ros_hair_p4mc.bmp.png
ros_handmc.bmp,C:\Development\Git\Afevis-MGS2-Bugfix-Compilation\Texture Fixes\ps2 textures\OPAQUE\bp_remade\ros_handmc.bmp.png
ros_hi_eyemc.bmp,C:\Development\Git\Afevis-MGS2-Bugfix-Compilation\Texture Fixes\ps2 textures\OPAQUE\bp_remade\ros_hi_eyemc.bmp.png
ros_hi_eyermc.bmp,C:\Development\Git\Afevis-MGS2-Bugfix-Compilation\Texture Fixes\ps2 textures\OPAQUE\bp_remade\ros_hi_eyermc.bmp.png
ros_hi_face_rmc.bmp,C:\Development\Git\Afevis-MGS2-Bugfix-Compilation\Texture Fixes\ps2 textures\OPAQUE\bp_remade\ros_hi_face_rmc.bmp.png
ros_hi_facemc.bmp,C:\Development\Git\Afevis-MGS2-Bugfix-Compilation\Texture Fixes\ps2 textures\OPAQUE\bp_remade\ros_hi_facemc.bmp.png
ros_hi_tang01dt.bmp,C:\Development\Git\Afevis-MGS2-Bugfix-Compilation\Texture Fixes\ps2 textures\OPAQUE\bp_remade\ros_hi_tang01dt.bmp.png
ros_hi_teeth_d.bmp,C:\Development\Git\Afevis-MGS2-Bugfix-Compilation\Texture Fixes\ps2 textures\OPAQUE\bp_remade\ros_hi_teeth_d.bmp.png
ros_hi_teeth_u.bmp,C:\Development\Git\Afevis-MGS2-Bugfix-Compilation\Texture Fixes\ps2 textures\OPAQUE\bp_remade\ros_hi_teeth_u.bmp.png
ros_hmc_ovl_mod1120_alp_emap.bmp,C:\Development\Git\Afevis-MGS2-Bugfix-Compilation\Texture Fixes\ps2 textures\OPAQUE\bp_remade\ros_hmc_ovl_mod1120_alp_emap.bmp.png
ros_id.bmp,C:\Development\Git\Afevis-MGS2-Bugfix-Compilation\Texture Fixes\ps2 textures\OPAQUE\bp_remade\ros_id.bmp.png
ros_pants.bmp,C:\Development\Git\Afevis-MGS2-Bugfix-Compilation\Texture Fixes\ps2 textures\OPAQUE\bp_remade\ros_pants.bmp.png
ros_shirts2mc.bmp,C:\Development\Git\Afevis-MGS2-Bugfix-Compilation\Texture Fixes\ps2 textures\OPAQUE\bp_remade\ros_shirts2mc.bmp.png
ros_shirtsmc.bmp,C:\Development\Git\Afevis-MGS2-Bugfix-Compilation\Texture Fixes\ps2 textures\OPAQUE\bp_remade\ros_shirtsmc.bmp.png
ros_shoes.bmp,C:\Development\Git\Afevis-MGS2-Bugfix-Compilation\Texture Fixes\ps2 textures\OPAQUE\bp_remade\ros_shoes.bmp.png
rowashoy.bmp,C:\Development\Git\Afevis-MGS2-Bugfix-Compilation\Texture Fixes\ps2 textures\OPAQUE\same sha1\rowashoy.bmp.png
s_cap03.bmp,C:\Development\Git\Afevis-MGS2-Bugfix-Compilation\Texture Fixes\ps2 textures\OPAQUE\same sha1\s_cap03.bmp.png
s_oil_ref_add_alp_ovl_mod1120.bmp,C:\Development\Git\Afevis-MGS2-Bugfix-Compilation\Texture Fixes\ps2 textures\OPAQUE\same sha1\s_oil_ref_add_alp_ovl_mod1120.bmp.png
s_oil_sea_alp_ovl_mod0022.bmp,C:\Development\Git\Afevis-MGS2-Bugfix-Compilation\Texture Fixes\ps2 textures\HAS ALPHA\same sha1\s_oil_sea_alp_ovl_mod0022.bmp.png
saa_01dt.bmp,C:\Development\Git\Afevis-MGS2-Bugfix-Compilation\Texture Fixes\ps2 textures\OPAQUE\same sha1\saa_01dt.bmp.png
saa_all.bmp,C:\Development\Git\Afevis-MGS2-Bugfix-Compilation\Texture Fixes\ps2 textures\OPAQUE\same sha1\saa_all.bmp.png
saa_all_kimu.bmp,C:\Development\Git\Afevis-MGS2-Bugfix-Compilation\Texture Fixes\ps2 textures\OPAQUE\bp_remade\saa_all_kimu.bmp.png
sam_alp_ovl.bmp,C:\Development\Git\Afevis-MGS2-Bugfix-Compilation\Texture Fixes\ps2 textures\HAS ALPHA\bp_remade\no_mip_fixes\ui\sam_alp_ovl.bmp.png
sbm_back_01.bmp,C:\Development\Git\Afevis-MGS2-Bugfix-Compilation\Texture Fixes\ps2 textures\OPAQUE\bp_remade\sbm_back_01.bmp.png
sbm_body_01.bmp,C:\Development\Git\Afevis-MGS2-Bugfix-Compilation\Texture Fixes\ps2 textures\OPAQUE\bp_remade\sbm_body_01.bmp.png
sbm_camera_01.bmp,C:\Development\Git\Afevis-MGS2-Bugfix-Compilation\Texture Fixes\ps2 textures\OPAQUE\bp_remade\sbm_camera_01.bmp.png
sbm_camera_renz_01.bmp,C:\Development\Git\Afevis-MGS2-Bugfix-Compilation\Texture Fixes\ps2 textures\OPAQUE\same sha1\sbm_camera_renz_01.bmp.png
sbm_head_02.bmp,C:\Development\Git\Afevis-MGS2-Bugfix-Compilation\Texture Fixes\ps2 textures\OPAQUE\bp_remade\sbm_head_02.bmp.png
sbm_kinoko_top.bmp,C:\Development\Git\Afevis-MGS2-Bugfix-Compilation\Texture Fixes\ps2 textures\OPAQUE\same sha1\sbm_kinoko_top.bmp.png
sbm_number_01_alp_ovl.bmp,C:\Development\Git\Afevis-MGS2-Bugfix-Compilation\Texture Fixes\ps2 textures\HAS ALPHA\same sha1\sbm_number_01_alp_ovl.bmp.png
sbm_pera_cover_01.bmp,C:\Development\Git\Afevis-MGS2-Bugfix-Compilation\Texture Fixes\ps2 textures\OPAQUE\bp_remade\sbm_pera_cover_01.bmp.png
sbm_stick_01.bmp,C:\Development\Git\Afevis-MGS2-Bugfix-Compilation\Texture Fixes\ps2 textures\OPAQUE\bp_remade\sbm_stick_01.bmp.png
sbm_tank_01.bmp,C:\Development\Git\Afevis-MGS2-Bugfix-Compilation\Texture Fixes\ps2 textures\OPAQUE\bp_remade\sbm_tank_01.bmp.png
sbm_tenjou_01.bmp,C:\Development\Git\Afevis-MGS2-Bugfix-Compilation\Texture Fixes\ps2 textures\OPAQUE\same sha1\sbm_tenjou_01.bmp.png
sbm_top_01.bmp,C:\Development\Git\Afevis-MGS2-Bugfix-Compilation\Texture Fixes\ps2 textures\OPAQUE\same sha1\sbm_top_01.bmp.png
sbm_wing_01.bmp,C:\Development\Git\Afevis-MGS2-Bugfix-Compilation\Texture Fixes\ps2 textures\OPAQUE\bp_remade\sbm_wing_01.bmp.png
scm2_alp_ovl.bmp,C:\Development\Git\Afevis-MGS2-Bugfix-Compilation\Texture Fixes\ps2 textures\HAS ALPHA\bp_remade\no_mip_fixes\ui\scm2_alp_ovl.bmp.png
scm_alp_ovl.bmp,C:\Development\Git\Afevis-MGS2-Bugfix-Compilation\Texture Fixes\ps2 textures\HAS ALPHA\bp_remade\no_mip_fixes\ui\scm_alp_ovl.bmp.png
scm_sb_hammer.bmp,C:\Development\Git\Afevis-MGS2-Bugfix-Compilation\Texture Fixes\ps2 textures\OPAQUE\bp_remade\scm_sb_hammer.bmp.png
scm_sb_s.bmp,C:\Development\Git\Afevis-MGS2-Bugfix-Compilation\Texture Fixes\ps2 textures\OPAQUE\bp_remade\scm_sb_s.bmp.png
scm_sb_sp.bmp,C:\Development\Git\Afevis-MGS2-Bugfix-Compilation\Texture Fixes\ps2 textures\OPAQUE\bp_remade\scm_sb_sp.bmp.png
scm_sp2_alp_ovl.bmp,C:\Development\Git\Afevis-MGS2-Bugfix-Compilation\Texture Fixes\ps2 textures\HAS ALPHA\bp_remade\no_mip_fixes\ui\scm_sp2_alp_ovl.bmp.png
sco_boots.bmp,C:\Development\Git\Afevis-MGS2-Bugfix-Compilation\Texture Fixes\ps2 textures\OPAQUE\same sha1\sco_boots.bmp.png
sco_boots.bmp_9abb99c14789bfd99879b434af4f2e1b,C:\Development\Git\Afevis-MGS2-Bugfix-Compilation\Texture Fixes\ps2 textures\OPAQUE\same sha1\sco_boots.bmp_9abb99c14789bfd99879b434af4f2e1b.png
scope_alp_ovl.bmp,C:\Development\Git\Afevis-MGS2-Bugfix-Compilation\Texture Fixes\ps2 textures\HAS ALPHA\bp_remade\no_mip_fixes\ui\scope_alp_ovl.bmp.png
scope_bar.bmp,C:\Development\Git\Afevis-MGS2-Bugfix-Compilation\Texture Fixes\ps2 textures\OPAQUE\same sha1\scope_bar.bmp.png
scope_bar02.bmp,C:\Development\Git\Afevis-MGS2-Bugfix-Compilation\Texture Fixes\ps2 textures\OPAQUE\same sha1\scope_bar02.bmp.png
sdw_alp_ovl_wall.bmp,C:\Development\Git\Afevis-MGS2-Bugfix-Compilation\Texture Fixes\ps2 textures\HAS ALPHA\same sha1\sdw_alp_ovl_wall.bmp.png
sdw_alp_ovl_wall_01.bmp,C:\Development\Git\Afevis-MGS2-Bugfix-Compilation\Texture Fixes\ps2 textures\HAS ALPHA\same sha1\sdw_alp_ovl_wall_01.bmp.png
sel_arm_l.bmp,C:\Development\Git\Afevis-MGS2-Bugfix-Compilation\Texture Fixes\ps2 textures\OPAQUE\bp_remade\sel_arm_l.bmp.png
sel_arm_lblood.bmp,C:\Development\Git\Afevis-MGS2-Bugfix-Compilation\Texture Fixes\ps2 textures\OPAQUE\bp_remade\sel_arm_lblood.bmp.png
sel_arm_r.bmp,C:\Development\Git\Afevis-MGS2-Bugfix-Compilation\Texture Fixes\ps2 textures\OPAQUE\bp_remade\sel_arm_r.bmp.png
sel_arm_rblood.bmp,C:\Development\Git\Afevis-MGS2-Bugfix-Compilation\Texture Fixes\ps2 textures\OPAQUE\bp_remade\sel_arm_rblood.bmp.png
sel_arm_rblood2.bmp,C:\Development\Git\Afevis-MGS2-Bugfix-Compilation\Texture Fixes\ps2 textures\OPAQUE\bp_remade\sel_arm_rblood2.bmp.png
sel_bag1blood.bmp,C:\Development\Git\Afevis-MGS2-Bugfix-Compilation\Texture Fixes\ps2 textures\OPAQUE\bp_remade\sel_bag1blood.bmp.png
sel_bag2.bmp,C:\Development\Git\Afevis-MGS2-Bugfix-Compilation\Texture Fixes\ps2 textures\OPAQUE\bp_remade\sel_bag2.bmp.png
sel_bag2blood.bmp,C:\Development\Git\Afevis-MGS2-Bugfix-Compilation\Texture Fixes\ps2 textures\OPAQUE\bp_remade\sel_bag2blood.bmp.png
sel_bag3.bmp,C:\Development\Git\Afevis-MGS2-Bugfix-Compilation\Texture Fixes\ps2 textures\OPAQUE\bp_remade\sel_bag3.bmp.png
sel_bag3blood.bmp,C:\Development\Git\Afevis-MGS2-Bugfix-Compilation\Texture Fixes\ps2 textures\OPAQUE\bp_remade\sel_bag3blood.bmp.png
sel_bag4blood.bmp,C:\Development\Git\Afevis-MGS2-Bugfix-Compilation\Texture Fixes\ps2 textures\OPAQUE\bp_remade\sel_bag4blood.bmp.png
sel_belt.bmp,C:\Development\Git\Afevis-MGS2-Bugfix-Compilation\Texture Fixes\ps2 textures\OPAQUE\bp_remade\sel_belt.bmp.png
sel_body.bmp,C:\Development\Git\Afevis-MGS2-Bugfix-Compilation\Texture Fixes\ps2 textures\OPAQUE\bp_remade\sel_body.bmp.png
sel_bodyblood.bmp,C:\Development\Git\Afevis-MGS2-Bugfix-Compilation\Texture Fixes\ps2 textures\OPAQUE\bp_remade\sel_bodyblood.bmp.png
sel_bodyblood2.bmp,C:\Development\Git\Afevis-MGS2-Bugfix-Compilation\Texture Fixes\ps2 textures\OPAQUE\bp_remade\sel_bodyblood2.bmp.png
sel_bodyblood3.bmp,C:\Development\Git\Afevis-MGS2-Bugfix-Compilation\Texture Fixes\ps2 textures\OPAQUE\bp_remade\sel_bodyblood3.bmp.png
sel_boots.bmp,C:\Development\Git\Afevis-MGS2-Bugfix-Compilation\Texture Fixes\ps2 textures\OPAQUE\bp_remade\sel_boots.bmp.png
sel_eye_a0.bmp,C:\Development\Git\Afevis-MGS2-Bugfix-Compilation\Texture Fixes\ps2 textures\OPAQUE\bp_remade\sel_eye_a0.bmp.png
sel_eye_a1.bmp,C:\Development\Git\Afevis-MGS2-Bugfix-Compilation\Texture Fixes\ps2 textures\OPAQUE\bp_remade\sel_eye_a1.bmp.png
sel_eye_b0.bmp,C:\Development\Git\Afevis-MGS2-Bugfix-Compilation\Texture Fixes\ps2 textures\OPAQUE\bp_remade\sel_eye_b0.bmp.png
sel_eye_b1.bmp,C:\Development\Git\Afevis-MGS2-Bugfix-Compilation\Texture Fixes\ps2 textures\OPAQUE\bp_remade\sel_eye_b1.bmp.png
sel_eye_b1_blood.bmp,C:\Development\Git\Afevis-MGS2-Bugfix-Compilation\Texture Fixes\ps2 textures\OPAQUE\bp_remade\sel_eye_b1_blood.bmp.png
sel_eye_c0.bmp,C:\Development\Git\Afevis-MGS2-Bugfix-Compilation\Texture Fixes\ps2 textures\OPAQUE\bp_remade\sel_eye_c0.bmp.png
sel_eye_c1.bmp,C:\Development\Git\Afevis-MGS2-Bugfix-Compilation\Texture Fixes\ps2 textures\OPAQUE\bp_remade\sel_eye_c1.bmp.png
sel_eye_d0.bmp,C:\Development\Git\Afevis-MGS2-Bugfix-Compilation\Texture Fixes\ps2 textures\OPAQUE\bp_remade\sel_eye_d0.bmp.png
sel_eye_d1.bmp,C:\Development\Git\Afevis-MGS2-Bugfix-Compilation\Texture Fixes\ps2 textures\OPAQUE\bp_remade\sel_eye_d1.bmp.png
sel_eye_e0.bmp,C:\Development\Git\Afevis-MGS2-Bugfix-Compilation\Texture Fixes\ps2 textures\OPAQUE\bp_remade\sel_eye_e0.bmp.png
sel_eye_e1.bmp,C:\Development\Git\Afevis-MGS2-Bugfix-Compilation\Texture Fixes\ps2 textures\OPAQUE\bp_remade\sel_eye_e1.bmp.png
sel_eyebig_blood.bmp,C:\Development\Git\Afevis-MGS2-Bugfix-Compilation\Texture Fixes\ps2 textures\OPAQUE\bp_remade\sel_eyebig_blood.bmp.png
sel_eyebig_surp.bmp,C:\Development\Git\Afevis-MGS2-Bugfix-Compilation\Texture Fixes\ps2 textures\OPAQUE\bp_remade\sel_eyebig_surp.bmp.png
sel_eyelittle0.bmp,C:\Development\Git\Afevis-MGS2-Bugfix-Compilation\Texture Fixes\ps2 textures\OPAQUE\bp_remade\sel_eyelittle0.bmp.png
sel_eyelittle1.bmp,C:\Development\Git\Afevis-MGS2-Bugfix-Compilation\Texture Fixes\ps2 textures\OPAQUE\bp_remade\sel_eyelittle1.bmp.png
sel_folder.bmp,C:\Development\Git\Afevis-MGS2-Bugfix-Compilation\Texture Fixes\ps2 textures\OPAQUE\bp_remade\sel_folder.bmp.png
sel_hand.bmp,C:\Development\Git\Afevis-MGS2-Bugfix-Compilation\Texture Fixes\ps2 textures\OPAQUE\bp_remade\sel_hand.bmp.png
sel_leg.bmp,C:\Development\Git\Afevis-MGS2-Bugfix-Compilation\Texture Fixes\ps2 textures\OPAQUE\bp_remade\sel_leg.bmp.png
sel_legblood2.bmp,C:\Development\Git\Afevis-MGS2-Bugfix-Compilation\Texture Fixes\ps2 textures\OPAQUE\bp_remade\sel_legblood2.bmp.png
sel_mask.bmp,C:\Development\Git\Afevis-MGS2-Bugfix-Compilation\Texture Fixes\ps2 textures\OPAQUE\bp_remade\sel_mask.bmp.png
sel_mask_blood2.bmp,C:\Development\Git\Afevis-MGS2-Bugfix-Compilation\Texture Fixes\ps2 textures\OPAQUE\bp_remade\sel_mask_blood2.bmp.png
sel_mask_blood3.bmp,C:\Development\Git\Afevis-MGS2-Bugfix-Compilation\Texture Fixes\ps2 textures\OPAQUE\bp_remade\sel_mask_blood3.bmp.png
sel_sling3.bmp,C:\Development\Git\Afevis-MGS2-Bugfix-Compilation\Texture Fixes\ps2 textures\OPAQUE\bp_remade\sel_sling3.bmp.png
sen2.bmp,C:\Development\Git\Afevis-MGS2-Bugfix-Compilation\Texture Fixes\ps2 textures\OPAQUE\bp_remade\sen2.bmp.png
senbi_kanpan_alp_ovl.bmp,C:\Development\Git\Afevis-MGS2-Bugfix-Compilation\Texture Fixes\ps2 textures\HAS ALPHA\bp_remade\no_mip_fixes\ui\senbi_kanpan_alp_ovl.bmp.png
senbi_kanpan_left_alp_ovl.bmp,C:\Development\Git\Afevis-MGS2-Bugfix-Compilation\Texture Fixes\ps2 textures\HAS ALPHA\bp_remade\no_mip_fixes\ui\senbi_kanpan_left_alp_ovl.bmp.png
senbi_kanpan_right_alp_ovl.bmp,C:\Development\Git\Afevis-MGS2-Bugfix-Compilation\Texture Fixes\ps2 textures\HAS ALPHA\bp_remade\no_mip_fixes\ui\senbi_kanpan_right_alp_ovl.bmp.png
sensou_01_alp_ovl.bmp,C:\Development\Git\Afevis-MGS2-Bugfix-Compilation\Texture Fixes\ps2 textures\HAS ALPHA\bp_remade\no_mip_fixes\ui\sensou_01_alp_ovl.bmp.png
sensou_02_alp_ovl.bmp,C:\Development\Git\Afevis-MGS2-Bugfix-Compilation\Texture Fixes\ps2 textures\HAS ALPHA\bp_remade\no_mip_fixes\ui\sensou_02_alp_ovl.bmp.png
sensou_03_alp_ovl.bmp,C:\Development\Git\Afevis-MGS2-Bugfix-Compilation\Texture Fixes\ps2 textures\HAS ALPHA\bp_remade\no_mip_fixes\ui\sensou_03_alp_ovl.bmp.png
sga_hope_s1.bmp,C:\Development\Git\Afevis-MGS2-Bugfix-Compilation\Texture Fixes\ps2 textures\OPAQUE\same sha1\sga_hope_s1.bmp.png
sga_hope_s1_alp.bmp,C:\Development\Git\Afevis-MGS2-Bugfix-Compilation\Texture Fixes\ps2 textures\HAS ALPHA\same sha1\sga_hope_s1_alp.bmp.png
sga_hope_t1.bmp,C:\Development\Git\Afevis-MGS2-Bugfix-Compilation\Texture Fixes\ps2 textures\OPAQUE\same sha1\sga_hope_t1.bmp.png
shadow_alp.bmp,C:\Development\Git\Afevis-MGS2-Bugfix-Compilation\Texture Fixes\ps2 textures\HAS ALPHA\same sha1\shadow_alp.bmp.png
shadow_rev_alp.bmp,C:\Development\Git\Afevis-MGS2-Bugfix-Compilation\Texture Fixes\ps2 textures\HAS ALPHA\same sha1\shadow_rev_alp.bmp.png
shdw.bmp,C:\Development\Git\Afevis-MGS2-Bugfix-Compilation\Texture Fixes\ps2 textures\HAS ALPHA\same sha1\shdw.bmp.png
shl_bul1_add.bmp,C:\Development\Git\Afevis-MGS2-Bugfix-Compilation\Texture Fixes\ps2 textures\OPAQUE\same sha1\shl_bul1_add.bmp.png
shl_bul2_add.bmp,C:\Development\Git\Afevis-MGS2-Bugfix-Compilation\Texture Fixes\ps2 textures\OPAQUE\same sha1\shl_bul2_add.bmp.png
shl_bul3_add.bmp,C:\Development\Git\Afevis-MGS2-Bugfix-Compilation\Texture Fixes\ps2 textures\OPAQUE\same sha1\shl_bul3_add.bmp.png
shl_bul4_add.bmp,C:\Development\Git\Afevis-MGS2-Bugfix-Compilation\Texture Fixes\ps2 textures\OPAQUE\same sha1\shl_bul4_add.bmp.png
shl_bul5_add.bmp,C:\Development\Git\Afevis-MGS2-Bugfix-Compilation\Texture Fixes\ps2 textures\OPAQUE\same sha1\shl_bul5_add.bmp.png
shl_bul6_add.bmp,C:\Development\Git\Afevis-MGS2-Bugfix-Compilation\Texture Fixes\ps2 textures\OPAQUE\same sha1\shl_bul6_add.bmp.png
shl_lit1_b.bmp,C:\Development\Git\Afevis-MGS2-Bugfix-Compilation\Texture Fixes\ps2 textures\OPAQUE\same sha1\shl_lit1_b.bmp.png
shl_lit_wire.bmp,C:\Development\Git\Afevis-MGS2-Bugfix-Compilation\Texture Fixes\ps2 textures\OPAQUE\same sha1\shl_lit_wire.bmp.png
shl_s_alp.bmp,C:\Development\Git\Afevis-MGS2-Bugfix-Compilation\Texture Fixes\ps2 textures\HAS ALPHA\same sha1\shl_s_alp.bmp.png
shuukanshi_01.bmp,C:\Development\Git\Afevis-MGS2-Bugfix-Compilation\Texture Fixes\ps2 textures\OPAQUE\bp_remade\shuukanshi_01.bmp.png
shv_alp_ovl.bmp,C:\Development\Git\Afevis-MGS2-Bugfix-Compilation\Texture Fixes\ps2 textures\HAS ALPHA\bp_remade\no_mip_fixes\ui\shv_alp_ovl.bmp.png
skk_02.bmp,C:\Development\Git\Afevis-MGS2-Bugfix-Compilation\Texture Fixes\ps2 textures\OPAQUE\same sha1\skk_02.bmp.png
skk_02.bmp_34cbc447933333d116d7bac586fa0b43,C:\Development\Git\Afevis-MGS2-Bugfix-Compilation\Texture Fixes\ps2 textures\OPAQUE\same sha1\skk_02.bmp_34cbc447933333d116d7bac586fa0b43.png
skk_02.bmp_434448523018e3bcd90f271906275d50,C:\Development\Git\Afevis-MGS2-Bugfix-Compilation\Texture Fixes\ps2 textures\OPAQUE\same sha1\skk_02.bmp_434448523018e3bcd90f271906275d50.png
skk_03a.bmp,C:\Development\Git\Afevis-MGS2-Bugfix-Compilation\Texture Fixes\ps2 textures\OPAQUE\same sha1\skk_03a.bmp.png
skk_04a.bmp,C:\Development\Git\Afevis-MGS2-Bugfix-Compilation\Texture Fixes\ps2 textures\OPAQUE\same sha1\skk_04a.bmp.png
sky_1_alp.bmp,C:\Development\Git\Afevis-MGS2-Bugfix-Compilation\Texture Fixes\ps2 textures\HAS ALPHA\same sha1\sky_1_alp.bmp.png
sky_alp_add.bmp,C:\Development\Git\Afevis-MGS2-Bugfix-Compilation\Texture Fixes\ps2 textures\HAS ALPHA\same sha1\sky_alp_add.bmp.png
sky_n3_alp.bmp,C:\Development\Git\Afevis-MGS2-Bugfix-Compilation\Texture Fixes\ps2 textures\HAS ALPHA\same sha1\sky_n3_alp.bmp.png
sky_sun_d_alp.bmp,C:\Development\Git\Afevis-MGS2-Bugfix-Compilation\Texture Fixes\ps2 textures\HAS ALPHA\same sha1\sky_sun_d_alp.bmp.png
sky_sun_e_alp.bmp,C:\Development\Git\Afevis-MGS2-Bugfix-Compilation\Texture Fixes\ps2 textures\HAS ALPHA\same sha1\sky_sun_e_alp.bmp.png
smallbox_01.bmp,C:\Development\Git\Afevis-MGS2-Bugfix-Compilation\Texture Fixes\ps2 textures\OPAQUE\same sha1\smallbox_01.bmp.png
smoke_alp_ovl.bmp,C:\Development\Git\Afevis-MGS2-Bugfix-Compilation\Texture Fixes\ps2 textures\HAS ALPHA\bp_remade\no_mip_fixes\ui\smoke_alp_ovl.bmp.png
smoke_lp1_alp.bmp,C:\Development\Git\Afevis-MGS2-Bugfix-Compilation\Texture Fixes\ps2 textures\HAS ALPHA\same sha1\smoke_lp1_alp.bmp.png
smoke_lp2_alp.bmp,C:\Development\Git\Afevis-MGS2-Bugfix-Compilation\Texture Fixes\ps2 textures\HAS ALPHA\same sha1\smoke_lp2_alp.bmp.png
smoke_lp3_alp.bmp,C:\Development\Git\Afevis-MGS2-Bugfix-Compilation\Texture Fixes\ps2 textures\HAS ALPHA\same sha1\smoke_lp3_alp.bmp.png
smoke_lp4_alp.bmp,C:\Development\Git\Afevis-MGS2-Bugfix-Compilation\Texture Fixes\ps2 textures\HAS ALPHA\same sha1\smoke_lp4_alp.bmp.png
smoke_msk.bmp,C:\Development\Git\Afevis-MGS2-Bugfix-Compilation\Texture Fixes\ps2 textures\HAS ALPHA\same sha1\smoke_msk.bmp.png
sna2h_mouin.bmp,C:\Development\Git\Afevis-MGS2-Bugfix-Compilation\Texture Fixes\ps2 textures\OPAQUE\same sha1\sna2h_mouin.bmp.png
sna_arm1.bmp,C:\Development\Git\Afevis-MGS2-Bugfix-Compilation\Texture Fixes\ps2 textures\OPAQUE\same sha1\sna_arm1.bmp.png
sna_arm_ss.bmp,C:\Development\Git\Afevis-MGS2-Bugfix-Compilation\Texture Fixes\ps2 textures\OPAQUE\bp_remade\sna_arm_ss.bmp.png
sna_b_ovl_mod1120_alp_emap.bmp,C:\Development\Git\Afevis-MGS2-Bugfix-Compilation\Texture Fixes\ps2 textures\OPAQUE\same sha1\sna_b_ovl_mod1120_alp_emap.bmp.png
sna_belt_leg.bmp,C:\Development\Git\Afevis-MGS2-Bugfix-Compilation\Texture Fixes\ps2 textures\OPAQUE\bp_remade\sna_belt_leg.bmp.png
sna_body_ss01dt.bmp,C:\Development\Git\Afevis-MGS2-Bugfix-Compilation\Texture Fixes\ps2 textures\OPAQUE\bp_remade\sna_body_ss01dt.bmp.png
sna_c_ovl_mod1120_alp_emap.bmp,C:\Development\Git\Afevis-MGS2-Bugfix-Compilation\Texture Fixes\ps2 textures\OPAQUE\same sha1\sna_c_ovl_mod1120_alp_emap.bmp.png
sna_coat_kage_ovl_alp.bmp,C:\Development\Git\Afevis-MGS2-Bugfix-Compilation\Texture Fixes\ps2 textures\HAS ALPHA\same sha1\sna_coat_kage_ovl_alp.bmp.png
sna_collar1.bmp,C:\Development\Git\Afevis-MGS2-Bugfix-Compilation\Texture Fixes\ps2 textures\OPAQUE\same sha1\sna_collar1.bmp.png
sna_e_ovl_mod1120_alp_emap.bmp,C:\Development\Git\Afevis-MGS2-Bugfix-Compilation\Texture Fixes\ps2 textures\OPAQUE\same sha1\sna_e_ovl_mod1120_alp_emap.bmp.png
sna_ear2.bmp,C:\Development\Git\Afevis-MGS2-Bugfix-Compilation\Texture Fixes\ps2 textures\OPAQUE\same sha1\sna_ear2.bmp.png
sna_f_ovl_mod1120_alp_emap.bmp,C:\Development\Git\Afevis-MGS2-Bugfix-Compilation\Texture Fixes\ps2 textures\OPAQUE\same sha1\sna_f_ovl_mod1120_alp_emap.bmp.png
sna_g2_ovl_mod1120_alp_emap.bmp,C:\Development\Git\Afevis-MGS2-Bugfix-Compilation\Texture Fixes\ps2 textures\OPAQUE\same sha1\sna_g2_ovl_mod1120_alp_emap.bmp.png
sna_g4_ovl_mod1120_alp_emap.bmp,C:\Development\Git\Afevis-MGS2-Bugfix-Compilation\Texture Fixes\ps2 textures\OPAQUE\same sha1\sna_g4_ovl_mod1120_alp_emap.bmp.png
sna_glass_flame2.bmp,C:\Development\Git\Afevis-MGS2-Bugfix-Compilation\Texture Fixes\ps2 textures\OPAQUE\same sha1\sna_glass_flame2.bmp.png
sna_hair2_alp_ovl.bmp,C:\Development\Git\Afevis-MGS2-Bugfix-Compilation\Texture Fixes\ps2 textures\HAS ALPHA\same sha1\sna_hair2_alp_ovl.bmp.png
sna_hair3.bmp,C:\Development\Git\Afevis-MGS2-Bugfix-Compilation\Texture Fixes\ps2 textures\OPAQUE\bp_remade\sna_hair3.bmp.png
sna_hand1dt.bmp,C:\Development\Git\Afevis-MGS2-Bugfix-Compilation\Texture Fixes\ps2 textures\OPAQUE\bp_remade\sna_hand1dt.bmp.png
sna_hand2.bmp,C:\Development\Git\Afevis-MGS2-Bugfix-Compilation\Texture Fixes\ps2 textures\OPAQUE\bp_remade\sna_hand2.bmp.png
sna_hi_bdn01dt.bmp,C:\Development\Git\Afevis-MGS2-Bugfix-Compilation\Texture Fixes\ps2 textures\OPAQUE\bp_remade\sna_hi_bdn01dt.bmp.png
sna_hi_eye01dt.bmp,C:\Development\Git\Afevis-MGS2-Bugfix-Compilation\Texture Fixes\ps2 textures\OPAQUE\bp_remade\sna_hi_eye01dt.bmp.png
sna_hi_face01dt.bmp,C:\Development\Git\Afevis-MGS2-Bugfix-Compilation\Texture Fixes\ps2 textures\OPAQUE\bp_remade\sna_hi_face01dt.bmp.png
sna_hi_finger.bmp,C:\Development\Git\Afevis-MGS2-Bugfix-Compilation\Texture Fixes\ps2 textures\OPAQUE\same sha1\sna_hi_finger.bmp.png
sna_hi_meziri.bmp,C:\Development\Git\Afevis-MGS2-Bugfix-Compilation\Texture Fixes\ps2 textures\OPAQUE\same sha1\sna_hi_meziri.bmp.png
sna_hi_tang01dt.bmp,C:\Development\Git\Afevis-MGS2-Bugfix-Compilation\Texture Fixes\ps2 textures\OPAQUE\same sha1\sna_hi_tang01dt.bmp.png
sna_hi_teeth_d1.bmp,C:\Development\Git\Afevis-MGS2-Bugfix-Compilation\Texture Fixes\ps2 textures\OPAQUE\same sha1\sna_hi_teeth_d1.bmp.png
sna_hi_teeth_d3.bmp,C:\Development\Git\Afevis-MGS2-Bugfix-Compilation\Texture Fixes\ps2 textures\OPAQUE\same sha1\sna_hi_teeth_d3.bmp.png
sna_leg2.bmp,C:\Development\Git\Afevis-MGS2-Bugfix-Compilation\Texture Fixes\ps2 textures\OPAQUE\same sha1\sna_leg2.bmp.png
sna_leg_r01dt.bmp,C:\Development\Git\Afevis-MGS2-Bugfix-Compilation\Texture Fixes\ps2 textures\OPAQUE\bp_remade\sna_leg_r01dt.bmp.png
sna_leg_ss.bmp,C:\Development\Git\Afevis-MGS2-Bugfix-Compilation\Texture Fixes\ps2 textures\OPAQUE\bp_remade\sna_leg_ss.bmp.png
sna_m9_glip.bmp,C:\Development\Git\Afevis-MGS2-Bugfix-Compilation\Texture Fixes\ps2 textures\OPAQUE\bp_remade\sna_m9_glip.bmp.png
sna_os_ovl_mod1120_alp_emap.bmp,C:\Development\Git\Afevis-MGS2-Bugfix-Compilation\Texture Fixes\ps2 textures\OPAQUE\same sha1\sna_os_ovl_mod1120_alp_emap.bmp.png
sna_p1dt.bmp,C:\Development\Git\Afevis-MGS2-Bugfix-Compilation\Texture Fixes\ps2 textures\OPAQUE\bp_remade\sna_p1dt.bmp.png
sna_rope_grid.bmp,C:\Development\Git\Afevis-MGS2-Bugfix-Compilation\Texture Fixes\ps2 textures\OPAQUE\same sha1\sna_rope_grid.bmp.png
sna_shadow.bmp,C:\Development\Git\Afevis-MGS2-Bugfix-Compilation\Texture Fixes\ps2 textures\OPAQUE\same sha1\sna_shadow.bmp.png
sna_shoul01dt.bmp,C:\Development\Git\Afevis-MGS2-Bugfix-Compilation\Texture Fixes\ps2 textures\OPAQUE\bp_remade\sna_shoul01dt.bmp.png
sna_toe01dt.bmp,C:\Development\Git\Afevis-MGS2-Bugfix-Compilation\Texture Fixes\ps2 textures\OPAQUE\bp_remade\sna_toe01dt.bmp.png
sna_txd_hi_hand1.bmp,C:\Development\Git\Afevis-MGS2-Bugfix-Compilation\Texture Fixes\ps2 textures\OPAQUE\same sha1\sna_txd_hi_hand1.bmp.png
sna_txd_hi_hand2.bmp,C:\Development\Git\Afevis-MGS2-Bugfix-Compilation\Texture Fixes\ps2 textures\OPAQUE\same sha1\sna_txd_hi_hand2.bmp.png
sna_txd_nuno_ovl_alp_mod1120_emap.bmp,C:\Development\Git\Afevis-MGS2-Bugfix-Compilation\Texture Fixes\ps2 textures\OPAQUE\same sha1\sna_txd_nuno_ovl_alp_mod1120_emap.bmp.png
sna_txd_ovl_mod1120_alp_emap.bmp,C:\Development\Git\Afevis-MGS2-Bugfix-Compilation\Texture Fixes\ps2 textures\OPAQUE\same sha1\sna_txd_ovl_mod1120_alp_emap.bmp.png
snake_tales_ltitlea_alp_ovl.bmp,C:\Development\Git\Afevis-MGS2-Bugfix-Compilation\Texture Fixes\ps2 textures\HAS ALPHA\bp_remade\no_mip_fixes\ui\snake_tales_ltitlea_alp_ovl.bmp.png
snake_tales_ltitleb_alp_ovl.bmp,C:\Development\Git\Afevis-MGS2-Bugfix-Compilation\Texture Fixes\ps2 textures\HAS ALPHA\bp_remade\no_mip_fixes\ui\snake_tales_ltitleb_alp_ovl.bmp.png
snake_tales_ltitlec_alp_ovl.bmp,C:\Development\Git\Afevis-MGS2-Bugfix-Compilation\Texture Fixes\ps2 textures\HAS ALPHA\bp_remade\no_mip_fixes\ui\snake_tales_ltitlec_alp_ovl.bmp.png
snake_tales_ltitled_alp_ovl.bmp,C:\Development\Git\Afevis-MGS2-Bugfix-Compilation\Texture Fixes\ps2 textures\HAS ALPHA\bp_remade\no_mip_fixes\ui\snake_tales_ltitled_alp_ovl.bmp.png
snake_tales_ltitlee_alp_ovl.bmp,C:\Development\Git\Afevis-MGS2-Bugfix-Compilation\Texture Fixes\ps2 textures\HAS ALPHA\bp_remade\no_mip_fixes\ui\snake_tales_ltitlee_alp_ovl.bmp.png
so_bean_sh.bmp,C:\Development\Git\Afevis-MGS2-Bugfix-Compilation\Texture Fixes\ps2 textures\OPAQUE\bp_remade\so_bean_sh.bmp.png
so_hako_f.bmp,C:\Development\Git\Afevis-MGS2-Bugfix-Compilation\Texture Fixes\ps2 textures\OPAQUE\bp_remade\so_hako_f.bmp.png
so_hako_ki_f_u.bmp,C:\Development\Git\Afevis-MGS2-Bugfix-Compilation\Texture Fixes\ps2 textures\OPAQUE\bp_remade\so_hako_ki_f_u.bmp.png
so_hako_s.bmp,C:\Development\Git\Afevis-MGS2-Bugfix-Compilation\Texture Fixes\ps2 textures\OPAQUE\bp_remade\so_hako_s.bmp.png
so_hako_t.bmp,C:\Development\Git\Afevis-MGS2-Bugfix-Compilation\Texture Fixes\ps2 textures\OPAQUE\bp_remade\so_hako_t.bmp.png
so_hakokt.bmp,C:\Development\Git\Afevis-MGS2-Bugfix-Compilation\Texture Fixes\ps2 textures\OPAQUE\bp_remade\so_hakokt.bmp.png
so_rfpi3.bmp,C:\Development\Git\Afevis-MGS2-Bugfix-Compilation\Texture Fixes\ps2 textures\OPAQUE\same sha1\so_rfpi3.bmp.png
so_rfpi3b.bmp,C:\Development\Git\Afevis-MGS2-Bugfix-Compilation\Texture Fixes\ps2 textures\OPAQUE\same sha1\so_rfpi3b.bmp.png
so_rhin.bmp,C:\Development\Git\Afevis-MGS2-Bugfix-Compilation\Texture Fixes\ps2 textures\OPAQUE\same sha1\so_rhin.bmp.png
so_rlish_alp_ovl.bmp,C:\Development\Git\Afevis-MGS2-Bugfix-Compilation\Texture Fixes\ps2 textures\HAS ALPHA\same sha1\so_rlish_alp_ovl.bmp.png
so_rpbnt.bmp,C:\Development\Git\Afevis-MGS2-Bugfix-Compilation\Texture Fixes\ps2 textures\OPAQUE\same sha1\so_rpbnt.bmp.png
so_rtn2.bmp,C:\Development\Git\Afevis-MGS2-Bugfix-Compilation\Texture Fixes\ps2 textures\OPAQUE\same sha1\so_rtn2.bmp.png
so_ta_t2.bmp,C:\Development\Git\Afevis-MGS2-Bugfix-Compilation\Texture Fixes\ps2 textures\OPAQUE\bp_remade\so_ta_t2.bmp.png
so_wa1.bmp,C:\Development\Git\Afevis-MGS2-Bugfix-Compilation\Texture Fixes\ps2 textures\OPAQUE\bp_remade\so_wa1.bmp.png
so_wa2.bmp,C:\Development\Git\Afevis-MGS2-Bugfix-Compilation\Texture Fixes\ps2 textures\OPAQUE\bp_remade\so_wa2.bmp.png
so_wa2ne2.bmp,C:\Development\Git\Afevis-MGS2-Bugfix-Compilation\Texture Fixes\ps2 textures\OPAQUE\bp_remade\so_wa2ne2.bmp.png
so_wi_waku_f.bmp,C:\Development\Git\Afevis-MGS2-Bugfix-Compilation\Texture Fixes\ps2 textures\OPAQUE\same sha1\so_wi_waku_f.bmp.png
so_wi_waku_f.bmp_2a4da7ecf84ff2feb3de4ff20c66c0c4,C:\Development\Git\Afevis-MGS2-Bugfix-Compilation\Texture Fixes\ps2 textures\OPAQUE\bp_remade\so_wi_waku_f.bmp_2a4da7ecf84ff2feb3de4ff20c66c0c4.png
so_wi_waku_s.bmp,C:\Development\Git\Afevis-MGS2-Bugfix-Compilation\Texture Fixes\ps2 textures\OPAQUE\same sha1\so_wi_waku_s.bmp.png
sohakopfr.bmp,C:\Development\Git\Afevis-MGS2-Bugfix-Compilation\Texture Fixes\ps2 textures\OPAQUE\bp_remade\sohakopfr.bmp.png
sohakopsideup.bmp,C:\Development\Git\Afevis-MGS2-Bugfix-Compilation\Texture Fixes\ps2 textures\OPAQUE\bp_remade\sohakopsideup.bmp.png
sol_ami.bmp,C:\Development\Git\Afevis-MGS2-Bugfix-Compilation\Texture Fixes\ps2 textures\OPAQUE\same sha1\sol_ami.bmp.png
sol_body_color.bmp,C:\Development\Git\Afevis-MGS2-Bugfix-Compilation\Texture Fixes\ps2 textures\OPAQUE\same sha1\sol_body_color.bmp.png
sol_f2_ovl_mod1120_alp_emap.bmp,C:\Development\Git\Afevis-MGS2-Bugfix-Compilation\Texture Fixes\ps2 textures\OPAQUE\same sha1\sol_f2_ovl_mod1120_alp_emap.bmp.png
sol_gantai_dt.bmp,C:\Development\Git\Afevis-MGS2-Bugfix-Compilation\Texture Fixes\ps2 textures\OPAQUE\same sha1\sol_gantai_dt.bmp.png
sol_hi_face02_tmp.bmp,C:\Development\Git\Afevis-MGS2-Bugfix-Compilation\Texture Fixes\ps2 textures\OPAQUE\bp_remade\sol_hi_face02_tmp.bmp.png
sol_hi_face_dt01.bmp,C:\Development\Git\Afevis-MGS2-Bugfix-Compilation\Texture Fixes\ps2 textures\OPAQUE\bp_remade\sol_hi_face_dt01.bmp.png
sol_hi_face_dt02.bmp,C:\Development\Git\Afevis-MGS2-Bugfix-Compilation\Texture Fixes\ps2 textures\OPAQUE\bp_remade\sol_hi_face_dt02.bmp.png
sol_hri_arm01.bmp,C:\Development\Git\Afevis-MGS2-Bugfix-Compilation\Texture Fixes\ps2 textures\OPAQUE\bp_remade\sol_hri_arm01.bmp.png
sol_hri_belt01.bmp,C:\Development\Git\Afevis-MGS2-Bugfix-Compilation\Texture Fixes\ps2 textures\OPAQUE\bp_remade\sol_hri_belt01.bmp.png
sol_hri_body01.bmp,C:\Development\Git\Afevis-MGS2-Bugfix-Compilation\Texture Fixes\ps2 textures\OPAQUE\bp_remade\sol_hri_body01.bmp.png
sol_hri_body02.bmp,C:\Development\Git\Afevis-MGS2-Bugfix-Compilation\Texture Fixes\ps2 textures\OPAQUE\bp_remade\sol_hri_body02.bmp.png
sol_hri_face01.bmp,C:\Development\Git\Afevis-MGS2-Bugfix-Compilation\Texture Fixes\ps2 textures\OPAQUE\bp_remade\sol_hri_face01.bmp.png
sol_hri_hair01.bmp,C:\Development\Git\Afevis-MGS2-Bugfix-Compilation\Texture Fixes\ps2 textures\OPAQUE\bp_remade\sol_hri_hair01.bmp.png
sol_hri_leg01.bmp,C:\Development\Git\Afevis-MGS2-Bugfix-Compilation\Texture Fixes\ps2 textures\OPAQUE\bp_remade\sol_hri_leg01.bmp.png
sol_hri_muscle01.bmp,C:\Development\Git\Afevis-MGS2-Bugfix-Compilation\Texture Fixes\ps2 textures\OPAQUE\bp_remade\sol_hri_muscle01.bmp.png
sol_hri_neck01.bmp,C:\Development\Git\Afevis-MGS2-Bugfix-Compilation\Texture Fixes\ps2 textures\OPAQUE\bp_remade\sol_hri_neck01.bmp.png
sol_hri_shoulder01.bmp,C:\Development\Git\Afevis-MGS2-Bugfix-Compilation\Texture Fixes\ps2 textures\OPAQUE\bp_remade\sol_hri_shoulder01.bmp.png
sol_leg_2_n.bmp,C:\Development\Git\Afevis-MGS2-Bugfix-Compilation\Texture Fixes\ps2 textures\OPAQUE\bp_remade\sol_leg_2_n.bmp.png
sol_leg_dt02.bmp,C:\Development\Git\Afevis-MGS2-Bugfix-Compilation\Texture Fixes\ps2 textures\OPAQUE\bp_remade\sol_leg_dt02.bmp.png
sol_leg_dt03.bmp,C:\Development\Git\Afevis-MGS2-Bugfix-Compilation\Texture Fixes\ps2 textures\OPAQUE\bp_remade\sol_leg_dt03.bmp.png
sol_leg_dt04.bmp,C:\Development\Git\Afevis-MGS2-Bugfix-Compilation\Texture Fixes\ps2 textures\OPAQUE\bp_remade\sol_leg_dt04.bmp.png
sol_leg_dt05.bmp,C:\Development\Git\Afevis-MGS2-Bugfix-Compilation\Texture Fixes\ps2 textures\OPAQUE\bp_remade\sol_leg_dt05.bmp.png
sol_leg_n_1.bmp,C:\Development\Git\Afevis-MGS2-Bugfix-Compilation\Texture Fixes\ps2 textures\OPAQUE\bp_remade\sol_leg_n_1.bmp.png
sol_leg_pad_n.bmp,C:\Development\Git\Afevis-MGS2-Bugfix-Compilation\Texture Fixes\ps2 textures\OPAQUE\bp_remade\sol_leg_pad_n.bmp.png
sol_leg_sune_n.bmp,C:\Development\Git\Afevis-MGS2-Bugfix-Compilation\Texture Fixes\ps2 textures\OPAQUE\bp_remade\sol_leg_sune_n.bmp.png
sol_neck_i_dt.bmp,C:\Development\Git\Afevis-MGS2-Bugfix-Compilation\Texture Fixes\ps2 textures\OPAQUE\bp_remade\sol_neck_i_dt.bmp.png
sol_ovl_mod1120_alp_emap.bmp,C:\Development\Git\Afevis-MGS2-Bugfix-Compilation\Texture Fixes\ps2 textures\OPAQUE\bp_remade\sol_ovl_mod1120_alp_emap.bmp.png
sol_sa_bone_dt.bmp,C:\Development\Git\Afevis-MGS2-Bugfix-Compilation\Texture Fixes\ps2 textures\OPAQUE\bp_remade\sol_sa_bone_dt.bmp.png
sol_sa_chest_dt.bmp,C:\Development\Git\Afevis-MGS2-Bugfix-Compilation\Texture Fixes\ps2 textures\OPAQUE\bp_remade\sol_sa_chest_dt.bmp.png
sol_sa_claw_dt.bmp,C:\Development\Git\Afevis-MGS2-Bugfix-Compilation\Texture Fixes\ps2 textures\OPAQUE\bp_remade\sol_sa_claw_dt.bmp.png
sol_sa_ovl_mod1120_alp_emap.bmp,C:\Development\Git\Afevis-MGS2-Bugfix-Compilation\Texture Fixes\ps2 textures\OPAQUE\bp_remade\sol_sa_ovl_mod1120_alp_emap.bmp.png
sol_sa_top_dt01.bmp,C:\Development\Git\Afevis-MGS2-Bugfix-Compilation\Texture Fixes\ps2 textures\OPAQUE\bp_remade\sol_sa_top_dt01.bmp.png
sol_sa_tube_dt01.bmp,C:\Development\Git\Afevis-MGS2-Bugfix-Compilation\Texture Fixes\ps2 textures\OPAQUE\bp_remade\sol_sa_tube_dt01.bmp.png
sol_sa_tube_dt02.bmp,C:\Development\Git\Afevis-MGS2-Bugfix-Compilation\Texture Fixes\ps2 textures\OPAQUE\bp_remade\sol_sa_tube_dt02.bmp.png
sol_sarm_chest.bmp,C:\Development\Git\Afevis-MGS2-Bugfix-Compilation\Texture Fixes\ps2 textures\OPAQUE\bp_remade\sol_sarm_chest.bmp.png
sol_sarm_top.bmp,C:\Development\Git\Afevis-MGS2-Bugfix-Compilation\Texture Fixes\ps2 textures\OPAQUE\bp_remade\sol_sarm_top.bmp.png
sol_sarm_tube1.bmp,C:\Development\Git\Afevis-MGS2-Bugfix-Compilation\Texture Fixes\ps2 textures\OPAQUE\bp_remade\sol_sarm_tube1.bmp.png
sol_sarm_tube2.bmp,C:\Development\Git\Afevis-MGS2-Bugfix-Compilation\Texture Fixes\ps2 textures\OPAQUE\bp_remade\sol_sarm_tube2.bmp.png
sol_sarm_tube3.bmp,C:\Development\Git\Afevis-MGS2-Bugfix-Compilation\Texture Fixes\ps2 textures\OPAQUE\bp_remade\sol_sarm_tube3.bmp.png
sol_sarm_tube4.bmp,C:\Development\Git\Afevis-MGS2-Bugfix-Compilation\Texture Fixes\ps2 textures\OPAQUE\bp_remade\sol_sarm_tube4.bmp.png
sol_sarm_tume.bmp,C:\Development\Git\Afevis-MGS2-Bugfix-Compilation\Texture Fixes\ps2 textures\OPAQUE\bp_remade\sol_sarm_tume.bmp.png
sol_shoes1_n.bmp,C:\Development\Git\Afevis-MGS2-Bugfix-Compilation\Texture Fixes\ps2 textures\OPAQUE\bp_remade\sol_shoes1_n.bmp.png
sol_shoes2_n.bmp,C:\Development\Git\Afevis-MGS2-Bugfix-Compilation\Texture Fixes\ps2 textures\OPAQUE\bp_remade\sol_shoes2_n.bmp.png
sol_shoulder_dt.bmp,C:\Development\Git\Afevis-MGS2-Bugfix-Compilation\Texture Fixes\ps2 textures\OPAQUE\bp_remade\sol_shoulder_dt.bmp.png
sol_shoulder_n_1.bmp,C:\Development\Git\Afevis-MGS2-Bugfix-Compilation\Texture Fixes\ps2 textures\OPAQUE\bp_remade\sol_shoulder_n_1.bmp.png
sol_usa.bmp,C:\Development\Git\Afevis-MGS2-Bugfix-Compilation\Texture Fixes\ps2 textures\OPAQUE\bp_remade\sol_usa.bmp.png
sonic02_alp.bmp,C:\Development\Git\Afevis-MGS2-Bugfix-Compilation\Texture Fixes\ps2 textures\HAS ALPHA\same sha1\sonic02_alp.bmp.png
sopelem_body_01.bmp,C:\Development\Git\Afevis-MGS2-Bugfix-Compilation\Texture Fixes\ps2 textures\OPAQUE\bp_remade\sopelem_body_01.bmp.png
sopelem_body_02.bmp,C:\Development\Git\Afevis-MGS2-Bugfix-Compilation\Texture Fixes\ps2 textures\OPAQUE\same sha1\sopelem_body_02.bmp.png
sopelem_body_03.bmp,C:\Development\Git\Afevis-MGS2-Bugfix-Compilation\Texture Fixes\ps2 textures\OPAQUE\same sha1\sopelem_body_03.bmp.png
sopelem_cap_top_01.bmp,C:\Development\Git\Afevis-MGS2-Bugfix-Compilation\Texture Fixes\ps2 textures\OPAQUE\same sha1\sopelem_cap_top_01.bmp.png
sopelem_himo_01.bmp,C:\Development\Git\Afevis-MGS2-Bugfix-Compilation\Texture Fixes\ps2 textures\OPAQUE\same sha1\sopelem_himo_01.bmp.png
sopelem_renz_01.bmp,C:\Development\Git\Afevis-MGS2-Bugfix-Compilation\Texture Fixes\ps2 textures\OPAQUE\bp_remade\sopelem_renz_01.bmp.png
sor_pbt.bmp,C:\Development\Git\Afevis-MGS2-Bugfix-Compilation\Texture Fixes\ps2 textures\OPAQUE\same sha1\sor_pbt.bmp.png
sorfpibaha.bmp,C:\Development\Git\Afevis-MGS2-Bugfix-Compilation\Texture Fixes\ps2 textures\OPAQUE\same sha1\sorfpibaha.bmp.png
sotableg3.bmp,C:\Development\Git\Afevis-MGS2-Bugfix-Compilation\Texture Fixes\ps2 textures\OPAQUE\same sha1\sotableg3.bmp.png
soyunaka.bmp,C:\Development\Git\Afevis-MGS2-Bugfix-Compilation\Texture Fixes\ps2 textures\OPAQUE\bp_remade\soyunaka.bmp.png
soyunatate.bmp,C:\Development\Git\Afevis-MGS2-Bugfix-Compilation\Texture Fixes\ps2 textures\OPAQUE\bp_remade\soyunatate.bmp.png
soyunatateh.bmp,C:\Development\Git\Afevis-MGS2-Bugfix-Compilation\Texture Fixes\ps2 textures\OPAQUE\bp_remade\soyunatateh.bmp.png
soyutop2.bmp,C:\Development\Git\Afevis-MGS2-Bugfix-Compilation\Texture Fixes\ps2 textures\OPAQUE\bp_remade\soyutop2.bmp.png
soyutop2h.bmp,C:\Development\Git\Afevis-MGS2-Bugfix-Compilation\Texture Fixes\ps2 textures\OPAQUE\bp_remade\soyutop2h.bmp.png
soyutop2hw.bmp,C:\Development\Git\Afevis-MGS2-Bugfix-Compilation\Texture Fixes\ps2 textures\OPAQUE\bp_remade\soyutop2hw.bmp.png
soyutoph.bmp,C:\Development\Git\Afevis-MGS2-Bugfix-Compilation\Texture Fixes\ps2 textures\OPAQUE\bp_remade\soyutoph.bmp.png
sp01a_sdw02_alp_ovl.bmp,C:\Development\Git\Afevis-MGS2-Bugfix-Compilation\Texture Fixes\ps2 textures\HAS ALPHA\same sha1\sp01a_sdw02_alp_ovl.bmp.png
sp01a_sdw02c_alp_ovl.bmp,C:\Development\Git\Afevis-MGS2-Bugfix-Compilation\Texture Fixes\ps2 textures\HAS ALPHA\same sha1\sp01a_sdw02c_alp_ovl.bmp.png
sp01a_sdw02d_alp_ovl.bmp,C:\Development\Git\Afevis-MGS2-Bugfix-Compilation\Texture Fixes\ps2 textures\HAS ALPHA\same sha1\sp01a_sdw02d_alp_ovl.bmp.png
sp01a_sdw03a_alp_ovl.bmp,C:\Development\Git\Afevis-MGS2-Bugfix-Compilation\Texture Fixes\ps2 textures\HAS ALPHA\same sha1\sp01a_sdw03a_alp_ovl.bmp.png
sp01a_sdw03c_alp_ovl.bmp,C:\Development\Git\Afevis-MGS2-Bugfix-Compilation\Texture Fixes\ps2 textures\HAS ALPHA\same sha1\sp01a_sdw03c_alp_ovl.bmp.png
sp01a_sdw03e_alp_ovl.bmp,C:\Development\Git\Afevis-MGS2-Bugfix-Compilation\Texture Fixes\ps2 textures\HAS ALPHA\same sha1\sp01a_sdw03e_alp_ovl.bmp.png
sp01a_sdw03f_alp_ovl.bmp,C:\Development\Git\Afevis-MGS2-Bugfix-Compilation\Texture Fixes\ps2 textures\HAS ALPHA\same sha1\sp01a_sdw03f_alp_ovl.bmp.png
sp01a_sdw03g_alp_ovl.bmp,C:\Development\Git\Afevis-MGS2-Bugfix-Compilation\Texture Fixes\ps2 textures\HAS ALPHA\same sha1\sp01a_sdw03g_alp_ovl.bmp.png
sp01a_sdw03h_alp_ovl.bmp,C:\Development\Git\Afevis-MGS2-Bugfix-Compilation\Texture Fixes\ps2 textures\HAS ALPHA\same sha1\sp01a_sdw03h_alp_ovl.bmp.png
sp01a_sdw03i_alp_ovl.bmp,C:\Development\Git\Afevis-MGS2-Bugfix-Compilation\Texture Fixes\ps2 textures\HAS ALPHA\same sha1\sp01a_sdw03i_alp_ovl.bmp.png
sp01a_sdw03j_alp_ovl.bmp,C:\Development\Git\Afevis-MGS2-Bugfix-Compilation\Texture Fixes\ps2 textures\HAS ALPHA\same sha1\sp01a_sdw03j_alp_ovl.bmp.png
sp01a_sdw04e_alp_ovl.bmp,C:\Development\Git\Afevis-MGS2-Bugfix-Compilation\Texture Fixes\ps2 textures\HAS ALPHA\same sha1\sp01a_sdw04e_alp_ovl.bmp.png
sp01a_sdw05_alp_ovl.bmp,C:\Development\Git\Afevis-MGS2-Bugfix-Compilation\Texture Fixes\ps2 textures\HAS ALPHA\same sha1\sp01a_sdw05_alp_ovl.bmp.png
sp01a_sdw05a_alp_ovl.bmp,C:\Development\Git\Afevis-MGS2-Bugfix-Compilation\Texture Fixes\ps2 textures\HAS ALPHA\same sha1\sp01a_sdw05a_alp_ovl.bmp.png
sp02a_shw02_alp_ovl.bmp,C:\Development\Git\Afevis-MGS2-Bugfix-Compilation\Texture Fixes\ps2 textures\HAS ALPHA\same sha1\sp02a_shw02_alp_ovl.bmp.png
sp03a4_shd03_alp_ovl.bmp,C:\Development\Git\Afevis-MGS2-Bugfix-Compilation\Texture Fixes\ps2 textures\HAS ALPHA\same sha1\sp03a4_shd03_alp_ovl.bmp.png
sp03a4_shd1_alp_ovl.bmp,C:\Development\Git\Afevis-MGS2-Bugfix-Compilation\Texture Fixes\ps2 textures\HAS ALPHA\same sha1\sp03a4_shd1_alp_ovl.bmp.png
sp03a_sdw00_alp_ovl.bmp,C:\Development\Git\Afevis-MGS2-Bugfix-Compilation\Texture Fixes\ps2 textures\HAS ALPHA\same sha1\sp03a_sdw00_alp_ovl.bmp.png
sp03a_wall_sdw00_alp_ovl.bmp,C:\Development\Git\Afevis-MGS2-Bugfix-Compilation\Texture Fixes\ps2 textures\HAS ALPHA\same sha1\sp03a_wall_sdw00_alp_ovl.bmp.png
sp06a_sdw00_alp_ovl.bmp,C:\Development\Git\Afevis-MGS2-Bugfix-Compilation\Texture Fixes\ps2 textures\HAS ALPHA\same sha1\sp06a_sdw00_alp_ovl.bmp.png
sp06a_shw08_alp_ovl.bmp,C:\Development\Git\Afevis-MGS2-Bugfix-Compilation\Texture Fixes\ps2 textures\HAS ALPHA\same sha1\sp06a_shw08_alp_ovl.bmp.png
sp06a_shw14_alp_ovl.bmp,C:\Development\Git\Afevis-MGS2-Bugfix-Compilation\Texture Fixes\ps2 textures\HAS ALPHA\same sha1\sp06a_shw14_alp_ovl.bmp.png
sp06a_shw17_alp_ovl.bmp,C:\Development\Git\Afevis-MGS2-Bugfix-Compilation\Texture Fixes\ps2 textures\HAS ALPHA\same sha1\sp06a_shw17_alp_ovl.bmp.png
sp06a_shw18_alp_ovl.bmp,C:\Development\Git\Afevis-MGS2-Bugfix-Compilation\Texture Fixes\ps2 textures\HAS ALPHA\same sha1\sp06a_shw18_alp_ovl.bmp.png
sp06a_shw20_alp_ovl.bmp,C:\Development\Git\Afevis-MGS2-Bugfix-Compilation\Texture Fixes\ps2 textures\HAS ALPHA\same sha1\sp06a_shw20_alp_ovl.bmp.png
sp06a_shw21_alp_ovl.bmp,C:\Development\Git\Afevis-MGS2-Bugfix-Compilation\Texture Fixes\ps2 textures\HAS ALPHA\same sha1\sp06a_shw21_alp_ovl.bmp.png
sp06a_shw23_alp_ovl.bmp,C:\Development\Git\Afevis-MGS2-Bugfix-Compilation\Texture Fixes\ps2 textures\HAS ALPHA\same sha1\sp06a_shw23_alp_ovl.bmp.png
sp06a_shw9_alp_ovl.bmp,C:\Development\Git\Afevis-MGS2-Bugfix-Compilation\Texture Fixes\ps2 textures\HAS ALPHA\same sha1\sp06a_shw9_alp_ovl.bmp.png
sp07a_shw00_alp_ovl.bmp,C:\Development\Git\Afevis-MGS2-Bugfix-Compilation\Texture Fixes\ps2 textures\HAS ALPHA\same sha1\sp07a_shw00_alp_ovl.bmp.png
sp07a_shw03_alp_ovl.bmp,C:\Development\Git\Afevis-MGS2-Bugfix-Compilation\Texture Fixes\ps2 textures\HAS ALPHA\same sha1\sp07a_shw03_alp_ovl.bmp.png
sp07a_shw08_alp_ovl.bmp,C:\Development\Git\Afevis-MGS2-Bugfix-Compilation\Texture Fixes\ps2 textures\HAS ALPHA\same sha1\sp07a_shw08_alp_ovl.bmp.png
sp07a_shw13_alp_ovl.bmp,C:\Development\Git\Afevis-MGS2-Bugfix-Compilation\Texture Fixes\ps2 textures\HAS ALPHA\same sha1\sp07a_shw13_alp_ovl.bmp.png
sp07a_shw21_alp_ovl.bmp,C:\Development\Git\Afevis-MGS2-Bugfix-Compilation\Texture Fixes\ps2 textures\HAS ALPHA\same sha1\sp07a_shw21_alp_ovl.bmp.png
sp07a_shw22_alp_ovl.bmp,C:\Development\Git\Afevis-MGS2-Bugfix-Compilation\Texture Fixes\ps2 textures\HAS ALPHA\same sha1\sp07a_shw22_alp_ovl.bmp.png
sp07a_shw23_alp_ovl.bmp,C:\Development\Git\Afevis-MGS2-Bugfix-Compilation\Texture Fixes\ps2 textures\HAS ALPHA\same sha1\sp07a_shw23_alp_ovl.bmp.png
sp07a_shw24_alp_ovl.bmp,C:\Development\Git\Afevis-MGS2-Bugfix-Compilation\Texture Fixes\ps2 textures\HAS ALPHA\same sha1\sp07a_shw24_alp_ovl.bmp.png
sp07a_shw25_alp_ovl.bmp,C:\Development\Git\Afevis-MGS2-Bugfix-Compilation\Texture Fixes\ps2 textures\HAS ALPHA\same sha1\sp07a_shw25_alp_ovl.bmp.png
sp07a_shw26_alp_ovl.bmp,C:\Development\Git\Afevis-MGS2-Bugfix-Compilation\Texture Fixes\ps2 textures\HAS ALPHA\same sha1\sp07a_shw26_alp_ovl.bmp.png
sp07a_wall_shw00_alp_ovl.bmp,C:\Development\Git\Afevis-MGS2-Bugfix-Compilation\Texture Fixes\ps2 textures\HAS ALPHA\same sha1\sp07a_wall_shw00_alp_ovl.bmp.png
sp21a_sdw00j_alp_ovl.bmp,C:\Development\Git\Afevis-MGS2-Bugfix-Compilation\Texture Fixes\ps2 textures\HAS ALPHA\same sha1\sp21a_sdw00j_alp_ovl.bmp.png
sp21a_sdw02e_alp_ovl.bmp,C:\Development\Git\Afevis-MGS2-Bugfix-Compilation\Texture Fixes\ps2 textures\HAS ALPHA\same sha1\sp21a_sdw02e_alp_ovl.bmp.png
sp21a_sdw02f_alp_ovl.bmp,C:\Development\Git\Afevis-MGS2-Bugfix-Compilation\Texture Fixes\ps2 textures\HAS ALPHA\same sha1\sp21a_sdw02f_alp_ovl.bmp.png
sp21a_sdw02g_alp_ovl.bmp,C:\Development\Git\Afevis-MGS2-Bugfix-Compilation\Texture Fixes\ps2 textures\HAS ALPHA\same sha1\sp21a_sdw02g_alp_ovl.bmp.png
sp21a_sdw02h_alp_ovl.bmp,C:\Development\Git\Afevis-MGS2-Bugfix-Compilation\Texture Fixes\ps2 textures\HAS ALPHA\same sha1\sp21a_sdw02h_alp_ovl.bmp.png
sp21a_sdw03_alp_ovl.bmp,C:\Development\Git\Afevis-MGS2-Bugfix-Compilation\Texture Fixes\ps2 textures\HAS ALPHA\same sha1\sp21a_sdw03_alp_ovl.bmp.png
sp21a_sdw03f_alp_ovl.bmp,C:\Development\Git\Afevis-MGS2-Bugfix-Compilation\Texture Fixes\ps2 textures\HAS ALPHA\same sha1\sp21a_sdw03f_alp_ovl.bmp.png
sp21a_sdw04b_alp_ovl.bmp,C:\Development\Git\Afevis-MGS2-Bugfix-Compilation\Texture Fixes\ps2 textures\HAS ALPHA\same sha1\sp21a_sdw04b_alp_ovl.bmp.png
sp21a_sdw04c_alp_ovl.bmp,C:\Development\Git\Afevis-MGS2-Bugfix-Compilation\Texture Fixes\ps2 textures\HAS ALPHA\same sha1\sp21a_sdw04c_alp_ovl.bmp.png
sp21a_sdw04d_alp_ovl.bmp,C:\Development\Git\Afevis-MGS2-Bugfix-Compilation\Texture Fixes\ps2 textures\HAS ALPHA\same sha1\sp21a_sdw04d_alp_ovl.bmp.png
sp21a_sdw04e_alp_ovl.bmp,C:\Development\Git\Afevis-MGS2-Bugfix-Compilation\Texture Fixes\ps2 textures\HAS ALPHA\same sha1\sp21a_sdw04e_alp_ovl.bmp.png
sp21a_sdw04f_alp_ovl.bmp,C:\Development\Git\Afevis-MGS2-Bugfix-Compilation\Texture Fixes\ps2 textures\HAS ALPHA\same sha1\sp21a_sdw04f_alp_ovl.bmp.png
sp21a_sdw04g_alp_ovl.bmp,C:\Development\Git\Afevis-MGS2-Bugfix-Compilation\Texture Fixes\ps2 textures\HAS ALPHA\same sha1\sp21a_sdw04g_alp_ovl.bmp.png
sp21a_sdw04h_alp_ovl.bmp,C:\Development\Git\Afevis-MGS2-Bugfix-Compilation\Texture Fixes\ps2 textures\HAS ALPHA\same sha1\sp21a_sdw04h_alp_ovl.bmp.png
sp21a_sdw04i_alp_ovl.bmp,C:\Development\Git\Afevis-MGS2-Bugfix-Compilation\Texture Fixes\ps2 textures\HAS ALPHA\same sha1\sp21a_sdw04i_alp_ovl.bmp.png
sp21a_sdw08_alp_ovl.bmp,C:\Development\Git\Afevis-MGS2-Bugfix-Compilation\Texture Fixes\ps2 textures\HAS ALPHA\same sha1\sp21a_sdw08_alp_ovl.bmp.png
sp21a_sdw10a_alp_ovl.bmp,C:\Development\Git\Afevis-MGS2-Bugfix-Compilation\Texture Fixes\ps2 textures\HAS ALPHA\same sha1\sp21a_sdw10a_alp_ovl.bmp.png
sp21a_sdwbox00_alp_ovl.bmp,C:\Development\Git\Afevis-MGS2-Bugfix-Compilation\Texture Fixes\ps2 textures\HAS ALPHA\same sha1\sp21a_sdwbox00_alp_ovl.bmp.png
sp21a_sdwbox00a_alp_ovl.bmp,C:\Development\Git\Afevis-MGS2-Bugfix-Compilation\Texture Fixes\ps2 textures\HAS ALPHA\same sha1\sp21a_sdwbox00a_alp_ovl.bmp.png
sp21a_sdwbox01_alp_ovl.bmp,C:\Development\Git\Afevis-MGS2-Bugfix-Compilation\Texture Fixes\ps2 textures\HAS ALPHA\same sha1\sp21a_sdwbox01_alp_ovl.bmp.png
sp21a_sdwbox01a_alp_ovl.bmp,C:\Development\Git\Afevis-MGS2-Bugfix-Compilation\Texture Fixes\ps2 textures\OPAQUE\same sha1\sp21a_sdwbox01a_alp_ovl.bmp.png
sp21a_sdwbox01a_alp_ovl.bmp_627c0aff71e2c0006ff00d92280ffb2c,C:\Development\Git\Afevis-MGS2-Bugfix-Compilation\Texture Fixes\ps2 textures\HAS ALPHA\same sha1\sp21a_sdwbox01a_alp_ovl.bmp_627c0aff71e2c0006ff00d92280ffb2c.png
sp21a_sdwbox02_alp_ovl.bmp,C:\Development\Git\Afevis-MGS2-Bugfix-Compilation\Texture Fixes\ps2 textures\HAS ALPHA\same sha1\sp21a_sdwbox02_alp_ovl.bmp.png
sp21a_sdwbox02a_alp_ovl.bmp,C:\Development\Git\Afevis-MGS2-Bugfix-Compilation\Texture Fixes\ps2 textures\HAS ALPHA\same sha1\sp21a_sdwbox02a_alp_ovl.bmp.png
sp21a_sdwbox03_alp_ovl.bmp,C:\Development\Git\Afevis-MGS2-Bugfix-Compilation\Texture Fixes\ps2 textures\HAS ALPHA\same sha1\sp21a_sdwbox03_alp_ovl.bmp.png
sp21a_sdwbox03a_alp_ovl.bmp,C:\Development\Git\Afevis-MGS2-Bugfix-Compilation\Texture Fixes\ps2 textures\HAS ALPHA\same sha1\sp21a_sdwbox03a_alp_ovl.bmp.png
sp21a_sdwbox04_alp_ovl.bmp,C:\Development\Git\Afevis-MGS2-Bugfix-Compilation\Texture Fixes\ps2 textures\HAS ALPHA\same sha1\sp21a_sdwbox04_alp_ovl.bmp.png
sp21a_sdwbox04a_alp_ovl.bmp,C:\Development\Git\Afevis-MGS2-Bugfix-Compilation\Texture Fixes\ps2 textures\HAS ALPHA\same sha1\sp21a_sdwbox04a_alp_ovl.bmp.png
sp21a_sdwbox05_alp_ovl.bmp,C:\Development\Git\Afevis-MGS2-Bugfix-Compilation\Texture Fixes\ps2 textures\HAS ALPHA\same sha1\sp21a_sdwbox05_alp_ovl.bmp.png
sp21a_sdwbox05a_alp_ovl.bmp,C:\Development\Git\Afevis-MGS2-Bugfix-Compilation\Texture Fixes\ps2 textures\HAS ALPHA\same sha1\sp21a_sdwbox05a_alp_ovl.bmp.png
sp21a_sdwwl03_alp_ovl.bmp,C:\Development\Git\Afevis-MGS2-Bugfix-Compilation\Texture Fixes\ps2 textures\HAS ALPHA\same sha1\sp21a_sdwwl03_alp_ovl.bmp.png
sp25a_sdw02_alp_ovl.bmp,C:\Development\Git\Afevis-MGS2-Bugfix-Compilation\Texture Fixes\ps2 textures\HAS ALPHA\same sha1\sp25a_sdw02_alp_ovl.bmp.png
sp25a_sdw03_alp_ovl.bmp,C:\Development\Git\Afevis-MGS2-Bugfix-Compilation\Texture Fixes\ps2 textures\HAS ALPHA\same sha1\sp25a_sdw03_alp_ovl.bmp.png
sp25a_sdw10_alp_ovl.bmp,C:\Development\Git\Afevis-MGS2-Bugfix-Compilation\Texture Fixes\ps2 textures\HAS ALPHA\same sha1\sp25a_sdw10_alp_ovl.bmp.png
sp25a_sdw12_alp_ovl.bmp,C:\Development\Git\Afevis-MGS2-Bugfix-Compilation\Texture Fixes\ps2 textures\HAS ALPHA\same sha1\sp25a_sdw12_alp_ovl.bmp.png
sp25a_sdw13_alp_ovl.bmp,C:\Development\Git\Afevis-MGS2-Bugfix-Compilation\Texture Fixes\ps2 textures\HAS ALPHA\same sha1\sp25a_sdw13_alp_ovl.bmp.png
sp25a_sdw14_alp_ovl.bmp,C:\Development\Git\Afevis-MGS2-Bugfix-Compilation\Texture Fixes\ps2 textures\HAS ALPHA\same sha1\sp25a_sdw14_alp_ovl.bmp.png
sp25a_sdw22_alp_ovl.bmp,C:\Development\Git\Afevis-MGS2-Bugfix-Compilation\Texture Fixes\ps2 textures\HAS ALPHA\same sha1\sp25a_sdw22_alp_ovl.bmp.png
sp25a_sdw24_alp_ovl.bmp,C:\Development\Git\Afevis-MGS2-Bugfix-Compilation\Texture Fixes\ps2 textures\HAS ALPHA\same sha1\sp25a_sdw24_alp_ovl.bmp.png
sp25a_sdw25_alp_ovl.bmp,C:\Development\Git\Afevis-MGS2-Bugfix-Compilation\Texture Fixes\ps2 textures\HAS ALPHA\same sha1\sp25a_sdw25_alp_ovl.bmp.png
sp25a_sdw26_alp_ovl.bmp,C:\Development\Git\Afevis-MGS2-Bugfix-Compilation\Texture Fixes\ps2 textures\HAS ALPHA\same sha1\sp25a_sdw26_alp_ovl.bmp.png
sp25a_sdw33_alp_ovl.bmp,C:\Development\Git\Afevis-MGS2-Bugfix-Compilation\Texture Fixes\ps2 textures\HAS ALPHA\same sha1\sp25a_sdw33_alp_ovl.bmp.png
sp25a_sdw35_alp_ovl.bmp,C:\Development\Git\Afevis-MGS2-Bugfix-Compilation\Texture Fixes\ps2 textures\HAS ALPHA\same sha1\sp25a_sdw35_alp_ovl.bmp.png
sp25a_sdw36_alp_ovl.bmp,C:\Development\Git\Afevis-MGS2-Bugfix-Compilation\Texture Fixes\ps2 textures\HAS ALPHA\same sha1\sp25a_sdw36_alp_ovl.bmp.png
sp25a_sdw37_alp_ovl.bmp,C:\Development\Git\Afevis-MGS2-Bugfix-Compilation\Texture Fixes\ps2 textures\HAS ALPHA\same sha1\sp25a_sdw37_alp_ovl.bmp.png
sp25a_sdw38_alp_ovl.bmp,C:\Development\Git\Afevis-MGS2-Bugfix-Compilation\Texture Fixes\ps2 textures\HAS ALPHA\same sha1\sp25a_sdw38_alp_ovl.bmp.png
sp25a_sdw39_alp_ovl.bmp,C:\Development\Git\Afevis-MGS2-Bugfix-Compilation\Texture Fixes\ps2 textures\HAS ALPHA\same sha1\sp25a_sdw39_alp_ovl.bmp.png
sp25a_sdw40_alp_ovl.bmp,C:\Development\Git\Afevis-MGS2-Bugfix-Compilation\Texture Fixes\ps2 textures\HAS ALPHA\same sha1\sp25a_sdw40_alp_ovl.bmp.png
sp25a_sdw41_alp_ovl.bmp,C:\Development\Git\Afevis-MGS2-Bugfix-Compilation\Texture Fixes\ps2 textures\HAS ALPHA\same sha1\sp25a_sdw41_alp_ovl.bmp.png
sp25a_sdw42_alp_ovl.bmp,C:\Development\Git\Afevis-MGS2-Bugfix-Compilation\Texture Fixes\ps2 textures\HAS ALPHA\same sha1\sp25a_sdw42_alp_ovl.bmp.png
sp25a_sdw43_alp_ovl.bmp,C:\Development\Git\Afevis-MGS2-Bugfix-Compilation\Texture Fixes\ps2 textures\HAS ALPHA\same sha1\sp25a_sdw43_alp_ovl.bmp.png
sp25a_sdw44_alp_ovl.bmp,C:\Development\Git\Afevis-MGS2-Bugfix-Compilation\Texture Fixes\ps2 textures\HAS ALPHA\same sha1\sp25a_sdw44_alp_ovl.bmp.png
sp25a_sdw46_alp_ovl.bmp,C:\Development\Git\Afevis-MGS2-Bugfix-Compilation\Texture Fixes\ps2 textures\HAS ALPHA\same sha1\sp25a_sdw46_alp_ovl.bmp.png
sp25a_sdw47_alp_ovl.bmp,C:\Development\Git\Afevis-MGS2-Bugfix-Compilation\Texture Fixes\ps2 textures\HAS ALPHA\same sha1\sp25a_sdw47_alp_ovl.bmp.png
sp25a_sdw49_alp_ovl.bmp,C:\Development\Git\Afevis-MGS2-Bugfix-Compilation\Texture Fixes\ps2 textures\HAS ALPHA\same sha1\sp25a_sdw49_alp_ovl.bmp.png
sp25a_sdw50_alp_ovl.bmp,C:\Development\Git\Afevis-MGS2-Bugfix-Compilation\Texture Fixes\ps2 textures\HAS ALPHA\same sha1\sp25a_sdw50_alp_ovl.bmp.png
sp25a_sdw51_alp_ovl.bmp,C:\Development\Git\Afevis-MGS2-Bugfix-Compilation\Texture Fixes\ps2 textures\HAS ALPHA\same sha1\sp25a_sdw51_alp_ovl.bmp.png
sp25a_sdw53_alp_ovl.bmp,C:\Development\Git\Afevis-MGS2-Bugfix-Compilation\Texture Fixes\ps2 textures\HAS ALPHA\same sha1\sp25a_sdw53_alp_ovl.bmp.png
sp25a_sdw54_alp_ovl.bmp,C:\Development\Git\Afevis-MGS2-Bugfix-Compilation\Texture Fixes\ps2 textures\HAS ALPHA\same sha1\sp25a_sdw54_alp_ovl.bmp.png
sp25a_sdw55_alp_ovl.bmp,C:\Development\Git\Afevis-MGS2-Bugfix-Compilation\Texture Fixes\ps2 textures\HAS ALPHA\same sha1\sp25a_sdw55_alp_ovl.bmp.png
sp25a_sdw58_alp_ovl.bmp,C:\Development\Git\Afevis-MGS2-Bugfix-Compilation\Texture Fixes\ps2 textures\HAS ALPHA\same sha1\sp25a_sdw58_alp_ovl.bmp.png
sp25a_sdw60_alp_ovl.bmp,C:\Development\Git\Afevis-MGS2-Bugfix-Compilation\Texture Fixes\ps2 textures\HAS ALPHA\same sha1\sp25a_sdw60_alp_ovl.bmp.png
sp25a_sdw61_alp_ovl.bmp,C:\Development\Git\Afevis-MGS2-Bugfix-Compilation\Texture Fixes\ps2 textures\HAS ALPHA\same sha1\sp25a_sdw61_alp_ovl.bmp.png
sp25a_sdw62_alp_ovl.bmp,C:\Development\Git\Afevis-MGS2-Bugfix-Compilation\Texture Fixes\ps2 textures\HAS ALPHA\same sha1\sp25a_sdw62_alp_ovl.bmp.png
sp25a_sdw63_alp_ovl.bmp,C:\Development\Git\Afevis-MGS2-Bugfix-Compilation\Texture Fixes\ps2 textures\HAS ALPHA\same sha1\sp25a_sdw63_alp_ovl.bmp.png
sp25a_sdw64_alp_ovl.bmp,C:\Development\Git\Afevis-MGS2-Bugfix-Compilation\Texture Fixes\ps2 textures\HAS ALPHA\same sha1\sp25a_sdw64_alp_ovl.bmp.png
sp25a_sdw_dan01_10_alp_ovl.bmp,C:\Development\Git\Afevis-MGS2-Bugfix-Compilation\Texture Fixes\ps2 textures\HAS ALPHA\same sha1\sp25a_sdw_dan01_10_alp_ovl.bmp.png
sp25a_sdw_dan01_11_alp_ovl.bmp,C:\Development\Git\Afevis-MGS2-Bugfix-Compilation\Texture Fixes\ps2 textures\HAS ALPHA\same sha1\sp25a_sdw_dan01_11_alp_ovl.bmp.png
sp25a_sdw_dan01_2_alp_ovl.bmp,C:\Development\Git\Afevis-MGS2-Bugfix-Compilation\Texture Fixes\ps2 textures\HAS ALPHA\same sha1\sp25a_sdw_dan01_2_alp_ovl.bmp.png
sp25a_sdw_dan01_3_alp_ovl.bmp,C:\Development\Git\Afevis-MGS2-Bugfix-Compilation\Texture Fixes\ps2 textures\HAS ALPHA\same sha1\sp25a_sdw_dan01_3_alp_ovl.bmp.png
sp25a_sdw_dan01_4_alp_ovl.bmp,C:\Development\Git\Afevis-MGS2-Bugfix-Compilation\Texture Fixes\ps2 textures\HAS ALPHA\same sha1\sp25a_sdw_dan01_4_alp_ovl.bmp.png
sp25a_sdw_dan01_5_alp_ovl.bmp,C:\Development\Git\Afevis-MGS2-Bugfix-Compilation\Texture Fixes\ps2 textures\HAS ALPHA\same sha1\sp25a_sdw_dan01_5_alp_ovl.bmp.png
sp25a_sdw_dan01_6_alp_ovl.bmp,C:\Development\Git\Afevis-MGS2-Bugfix-Compilation\Texture Fixes\ps2 textures\HAS ALPHA\same sha1\sp25a_sdw_dan01_6_alp_ovl.bmp.png
sp25a_sdw_dan01_7_alp_ovl.bmp,C:\Development\Git\Afevis-MGS2-Bugfix-Compilation\Texture Fixes\ps2 textures\HAS ALPHA\same sha1\sp25a_sdw_dan01_7_alp_ovl.bmp.png
sp25a_sdw_dan01_8_alp_ovl.bmp,C:\Development\Git\Afevis-MGS2-Bugfix-Compilation\Texture Fixes\ps2 textures\HAS ALPHA\same sha1\sp25a_sdw_dan01_8_alp_ovl.bmp.png
sp25a_sdw_dan01_9_alp_ovl.bmp,C:\Development\Git\Afevis-MGS2-Bugfix-Compilation\Texture Fixes\ps2 textures\HAS ALPHA\same sha1\sp25a_sdw_dan01_9_alp_ovl.bmp.png
sp25a_sdw_dan01_alp_ovl.bmp,C:\Development\Git\Afevis-MGS2-Bugfix-Compilation\Texture Fixes\ps2 textures\HAS ALPHA\same sha1\sp25a_sdw_dan01_alp_ovl.bmp.png
sp25a_sdw_dan03_alp_ovl.bmp,C:\Development\Git\Afevis-MGS2-Bugfix-Compilation\Texture Fixes\ps2 textures\HAS ALPHA\same sha1\sp25a_sdw_dan03_alp_ovl.bmp.png
sp25a_sdw_dan04_10_alp_ovl.bmp,C:\Development\Git\Afevis-MGS2-Bugfix-Compilation\Texture Fixes\ps2 textures\HAS ALPHA\same sha1\sp25a_sdw_dan04_10_alp_ovl.bmp.png
sp25a_sdw_dan04_11_alp_ovl.bmp,C:\Development\Git\Afevis-MGS2-Bugfix-Compilation\Texture Fixes\ps2 textures\HAS ALPHA\same sha1\sp25a_sdw_dan04_11_alp_ovl.bmp.png
sp25a_sdw_dan04_12_alp_ovl.bmp,C:\Development\Git\Afevis-MGS2-Bugfix-Compilation\Texture Fixes\ps2 textures\HAS ALPHA\same sha1\sp25a_sdw_dan04_12_alp_ovl.bmp.png
sp25a_sdw_dan04_13_alp_ovl.bmp,C:\Development\Git\Afevis-MGS2-Bugfix-Compilation\Texture Fixes\ps2 textures\HAS ALPHA\same sha1\sp25a_sdw_dan04_13_alp_ovl.bmp.png
sp25a_sdw_dan04_14_alp_ovl.bmp,C:\Development\Git\Afevis-MGS2-Bugfix-Compilation\Texture Fixes\ps2 textures\HAS ALPHA\same sha1\sp25a_sdw_dan04_14_alp_ovl.bmp.png
sp25a_sdw_dan04_15_alp_ovl.bmp,C:\Development\Git\Afevis-MGS2-Bugfix-Compilation\Texture Fixes\ps2 textures\HAS ALPHA\same sha1\sp25a_sdw_dan04_15_alp_ovl.bmp.png
sp25a_sdw_dan04_16_alp_ovl.bmp,C:\Development\Git\Afevis-MGS2-Bugfix-Compilation\Texture Fixes\ps2 textures\HAS ALPHA\same sha1\sp25a_sdw_dan04_16_alp_ovl.bmp.png
sp25a_sdw_dan04_17_alp_ovl.bmp,C:\Development\Git\Afevis-MGS2-Bugfix-Compilation\Texture Fixes\ps2 textures\HAS ALPHA\same sha1\sp25a_sdw_dan04_17_alp_ovl.bmp.png
sp25a_sdw_dan04_18_alp_ovl.bmp,C:\Development\Git\Afevis-MGS2-Bugfix-Compilation\Texture Fixes\ps2 textures\HAS ALPHA\same sha1\sp25a_sdw_dan04_18_alp_ovl.bmp.png
sp25a_sdw_dan04_19_alp_ovl.bmp,C:\Development\Git\Afevis-MGS2-Bugfix-Compilation\Texture Fixes\ps2 textures\HAS ALPHA\same sha1\sp25a_sdw_dan04_19_alp_ovl.bmp.png
sp25a_sdw_dan04_1_alp_ovl.bmp,C:\Development\Git\Afevis-MGS2-Bugfix-Compilation\Texture Fixes\ps2 textures\HAS ALPHA\same sha1\sp25a_sdw_dan04_1_alp_ovl.bmp.png
sp25a_sdw_dan04_2_alp_ovl.bmp,C:\Development\Git\Afevis-MGS2-Bugfix-Compilation\Texture Fixes\ps2 textures\HAS ALPHA\same sha1\sp25a_sdw_dan04_2_alp_ovl.bmp.png
sp25a_sdw_dan04_3_alp_ovl.bmp,C:\Development\Git\Afevis-MGS2-Bugfix-Compilation\Texture Fixes\ps2 textures\HAS ALPHA\same sha1\sp25a_sdw_dan04_3_alp_ovl.bmp.png
sp25a_sdw_dan04_4_alp_ovl.bmp,C:\Development\Git\Afevis-MGS2-Bugfix-Compilation\Texture Fixes\ps2 textures\HAS ALPHA\same sha1\sp25a_sdw_dan04_4_alp_ovl.bmp.png
sp25a_sdw_dan04_5_alp_ovl.bmp,C:\Development\Git\Afevis-MGS2-Bugfix-Compilation\Texture Fixes\ps2 textures\HAS ALPHA\same sha1\sp25a_sdw_dan04_5_alp_ovl.bmp.png
sp25a_sdw_dan04_6_alp_ovl.bmp,C:\Development\Git\Afevis-MGS2-Bugfix-Compilation\Texture Fixes\ps2 textures\HAS ALPHA\same sha1\sp25a_sdw_dan04_6_alp_ovl.bmp.png
sp25a_sdw_dan04_7_alp_ovl.bmp,C:\Development\Git\Afevis-MGS2-Bugfix-Compilation\Texture Fixes\ps2 textures\HAS ALPHA\same sha1\sp25a_sdw_dan04_7_alp_ovl.bmp.png
sp25a_sdw_dan04_8_alp_ovl.bmp,C:\Development\Git\Afevis-MGS2-Bugfix-Compilation\Texture Fixes\ps2 textures\HAS ALPHA\same sha1\sp25a_sdw_dan04_8_alp_ovl.bmp.png
sp25a_sdw_dan04_9_alp_ovl.bmp,C:\Development\Git\Afevis-MGS2-Bugfix-Compilation\Texture Fixes\ps2 textures\HAS ALPHA\same sha1\sp25a_sdw_dan04_9_alp_ovl.bmp.png
sp25a_sdw_dan05_1_alp_ovl.bmp,C:\Development\Git\Afevis-MGS2-Bugfix-Compilation\Texture Fixes\ps2 textures\HAS ALPHA\same sha1\sp25a_sdw_dan05_1_alp_ovl.bmp.png
sp25a_sdw_dan05_2_alp_ovl.bmp,C:\Development\Git\Afevis-MGS2-Bugfix-Compilation\Texture Fixes\ps2 textures\HAS ALPHA\same sha1\sp25a_sdw_dan05_2_alp_ovl.bmp.png
sp25a_sdw_dan05_3_alp_ovl.bmp,C:\Development\Git\Afevis-MGS2-Bugfix-Compilation\Texture Fixes\ps2 textures\HAS ALPHA\same sha1\sp25a_sdw_dan05_3_alp_ovl.bmp.png
sp25a_sdw_dan05_4_alp_ovl.bmp,C:\Development\Git\Afevis-MGS2-Bugfix-Compilation\Texture Fixes\ps2 textures\HAS ALPHA\same sha1\sp25a_sdw_dan05_4_alp_ovl.bmp.png
sp25a_sdw_dan05_5_alp_ovl.bmp,C:\Development\Git\Afevis-MGS2-Bugfix-Compilation\Texture Fixes\ps2 textures\HAS ALPHA\same sha1\sp25a_sdw_dan05_5_alp_ovl.bmp.png
sp25a_sdw_dan06_1_alp_ovl.bmp,C:\Development\Git\Afevis-MGS2-Bugfix-Compilation\Texture Fixes\ps2 textures\HAS ALPHA\same sha1\sp25a_sdw_dan06_1_alp_ovl.bmp.png
sp25a_sdw_dan06_2_alp_ovl.bmp,C:\Development\Git\Afevis-MGS2-Bugfix-Compilation\Texture Fixes\ps2 textures\HAS ALPHA\same sha1\sp25a_sdw_dan06_2_alp_ovl.bmp.png
sp25a_sdw_dan06_3_alp_ovl.bmp,C:\Development\Git\Afevis-MGS2-Bugfix-Compilation\Texture Fixes\ps2 textures\HAS ALPHA\same sha1\sp25a_sdw_dan06_3_alp_ovl.bmp.png
sp25a_sdw_dan06_4_alp_ovl.bmp,C:\Development\Git\Afevis-MGS2-Bugfix-Compilation\Texture Fixes\ps2 textures\HAS ALPHA\same sha1\sp25a_sdw_dan06_4_alp_ovl.bmp.png
sp25a_sdw_dan06_5_alp_ovl.bmp,C:\Development\Git\Afevis-MGS2-Bugfix-Compilation\Texture Fixes\ps2 textures\HAS ALPHA\same sha1\sp25a_sdw_dan06_5_alp_ovl.bmp.png
sp25a_sdw_dan08_10_alp_ovl.bmp,C:\Development\Git\Afevis-MGS2-Bugfix-Compilation\Texture Fixes\ps2 textures\HAS ALPHA\same sha1\sp25a_sdw_dan08_10_alp_ovl.bmp.png
sp25a_sdw_dan08_1_alp_ovl.bmp,C:\Development\Git\Afevis-MGS2-Bugfix-Compilation\Texture Fixes\ps2 textures\HAS ALPHA\same sha1\sp25a_sdw_dan08_1_alp_ovl.bmp.png
sp25a_sdw_dan08_2_alp_ovl.bmp,C:\Development\Git\Afevis-MGS2-Bugfix-Compilation\Texture Fixes\ps2 textures\HAS ALPHA\same sha1\sp25a_sdw_dan08_2_alp_ovl.bmp.png
sp25a_sdw_dan08_3_alp_ovl.bmp,C:\Development\Git\Afevis-MGS2-Bugfix-Compilation\Texture Fixes\ps2 textures\HAS ALPHA\same sha1\sp25a_sdw_dan08_3_alp_ovl.bmp.png
sp25a_sdw_dan08_4_alp_ovl.bmp,C:\Development\Git\Afevis-MGS2-Bugfix-Compilation\Texture Fixes\ps2 textures\HAS ALPHA\same sha1\sp25a_sdw_dan08_4_alp_ovl.bmp.png
sp25a_sdw_dan08_5_alp_ovl.bmp,C:\Development\Git\Afevis-MGS2-Bugfix-Compilation\Texture Fixes\ps2 textures\HAS ALPHA\same sha1\sp25a_sdw_dan08_5_alp_ovl.bmp.png
sp25a_sdw_dan08_6_alp_ovl.bmp,C:\Development\Git\Afevis-MGS2-Bugfix-Compilation\Texture Fixes\ps2 textures\HAS ALPHA\same sha1\sp25a_sdw_dan08_6_alp_ovl.bmp.png
sp25a_sdw_dan08_7_alp_ovl.bmp,C:\Development\Git\Afevis-MGS2-Bugfix-Compilation\Texture Fixes\ps2 textures\HAS ALPHA\same sha1\sp25a_sdw_dan08_7_alp_ovl.bmp.png
sp25a_sdw_dan08_8_alp_ovl.bmp,C:\Development\Git\Afevis-MGS2-Bugfix-Compilation\Texture Fixes\ps2 textures\HAS ALPHA\same sha1\sp25a_sdw_dan08_8_alp_ovl.bmp.png
sp25a_sdw_dan08_9_alp_ovl.bmp,C:\Development\Git\Afevis-MGS2-Bugfix-Compilation\Texture Fixes\ps2 textures\HAS ALPHA\same sha1\sp25a_sdw_dan08_9_alp_ovl.bmp.png
sp25a_sdw_dan09_10_alp_ovl.bmp,C:\Development\Git\Afevis-MGS2-Bugfix-Compilation\Texture Fixes\ps2 textures\HAS ALPHA\same sha1\sp25a_sdw_dan09_10_alp_ovl.bmp.png
sp25a_sdw_dan09_11_alp_ovl.bmp,C:\Development\Git\Afevis-MGS2-Bugfix-Compilation\Texture Fixes\ps2 textures\HAS ALPHA\same sha1\sp25a_sdw_dan09_11_alp_ovl.bmp.png
sp25a_sdw_dan09_1_alp_ovl.bmp,C:\Development\Git\Afevis-MGS2-Bugfix-Compilation\Texture Fixes\ps2 textures\HAS ALPHA\same sha1\sp25a_sdw_dan09_1_alp_ovl.bmp.png
sp25a_sdw_dan09_2_alp_ovl.bmp,C:\Development\Git\Afevis-MGS2-Bugfix-Compilation\Texture Fixes\ps2 textures\HAS ALPHA\same sha1\sp25a_sdw_dan09_2_alp_ovl.bmp.png
sp25a_sdw_dan09_3_alp_ovl.bmp,C:\Development\Git\Afevis-MGS2-Bugfix-Compilation\Texture Fixes\ps2 textures\HAS ALPHA\same sha1\sp25a_sdw_dan09_3_alp_ovl.bmp.png
sp25a_sdw_dan09_4_alp_ovl.bmp,C:\Development\Git\Afevis-MGS2-Bugfix-Compilation\Texture Fixes\ps2 textures\HAS ALPHA\same sha1\sp25a_sdw_dan09_4_alp_ovl.bmp.png
sp25a_sdw_dan09_5_alp_ovl.bmp,C:\Development\Git\Afevis-MGS2-Bugfix-Compilation\Texture Fixes\ps2 textures\HAS ALPHA\same sha1\sp25a_sdw_dan09_5_alp_ovl.bmp.png
sp25a_sdw_dan09_6_alp_ovl.bmp,C:\Development\Git\Afevis-MGS2-Bugfix-Compilation\Texture Fixes\ps2 textures\HAS ALPHA\same sha1\sp25a_sdw_dan09_6_alp_ovl.bmp.png
sp25a_sdw_dan09_7_alp_ovl.bmp,C:\Development\Git\Afevis-MGS2-Bugfix-Compilation\Texture Fixes\ps2 textures\HAS ALPHA\same sha1\sp25a_sdw_dan09_7_alp_ovl.bmp.png
sp25a_sdw_dan09_8_alp_ovl.bmp,C:\Development\Git\Afevis-MGS2-Bugfix-Compilation\Texture Fixes\ps2 textures\HAS ALPHA\same sha1\sp25a_sdw_dan09_8_alp_ovl.bmp.png
sp25a_sdw_dan09_9_alp_ovl.bmp,C:\Development\Git\Afevis-MGS2-Bugfix-Compilation\Texture Fixes\ps2 textures\HAS ALPHA\same sha1\sp25a_sdw_dan09_9_alp_ovl.bmp.png
sp25a_sdw_gray_alp_ovl.bmp,C:\Development\Git\Afevis-MGS2-Bugfix-Compilation\Texture Fixes\ps2 textures\HAS ALPHA\same sha1\sp25a_sdw_gray_alp_ovl.bmp.png
sp25a_sdw_kaidan_alp_ovl.bmp,C:\Development\Git\Afevis-MGS2-Bugfix-Compilation\Texture Fixes\ps2 textures\HAS ALPHA\same sha1\sp25a_sdw_kaidan_alp_ovl.bmp.png
sp_alp_ovl.bmp,C:\Development\Git\Afevis-MGS2-Bugfix-Compilation\Texture Fixes\ps2 textures\HAS ALPHA\bp_remade\no_mip_fixes\ui\sp_alp_ovl.bmp.png
splash03.bmp,C:\Development\Git\Afevis-MGS2-Bugfix-Compilation\Texture Fixes\ps2 textures\OPAQUE\same sha1\splash03.bmp.png
splash03_alp.bmp,C:\Development\Git\Afevis-MGS2-Bugfix-Compilation\Texture Fixes\ps2 textures\HAS ALPHA\same sha1\splash03_alp.bmp.png
splash04_alp.bmp,C:\Development\Git\Afevis-MGS2-Bugfix-Compilation\Texture Fixes\ps2 textures\HAS ALPHA\same sha1\splash04_alp.bmp.png
splash05_alp.bmp,C:\Development\Git\Afevis-MGS2-Bugfix-Compilation\Texture Fixes\ps2 textures\HAS ALPHA\same sha1\splash05_alp.bmp.png
splash06_alp.bmp,C:\Development\Git\Afevis-MGS2-Bugfix-Compilation\Texture Fixes\ps2 textures\HAS ALPHA\same sha1\splash06_alp.bmp.png
splash06_msk.bmp,C:\Development\Git\Afevis-MGS2-Bugfix-Compilation\Texture Fixes\ps2 textures\HAS ALPHA\same sha1\splash06_msk.bmp.png
splash07_alp.bmp,C:\Development\Git\Afevis-MGS2-Bugfix-Compilation\Texture Fixes\ps2 textures\HAS ALPHA\same sha1\splash07_alp.bmp.png
sr00e_alp_ovl.bmp,C:\Development\Git\Afevis-MGS2-Bugfix-Compilation\Texture Fixes\ps2 textures\HAS ALPHA\bp_remade\no_mip_fixes\ui\sr00e_alp_ovl.bmp.png
sr00j_alp_ovl.bmp,C:\Development\Git\Afevis-MGS2-Bugfix-Compilation\Texture Fixes\ps2 textures\HAS ALPHA\bp_remade\no_mip_fixes\ui\sr00j_alp_ovl.bmp.png
sr01e_alp_ovl.bmp,C:\Development\Git\Afevis-MGS2-Bugfix-Compilation\Texture Fixes\ps2 textures\HAS ALPHA\bp_remade\no_mip_fixes\ui\sr01e_alp_ovl.bmp.png
sr01j_alp_ovl.bmp,C:\Development\Git\Afevis-MGS2-Bugfix-Compilation\Texture Fixes\ps2 textures\HAS ALPHA\bp_remade\no_mip_fixes\ui\sr01j_alp_ovl.bmp.png
sr01j_alp_ovl.bmp_71b551295ba518fae4283bd712544a6d,C:\Development\Git\Afevis-MGS2-Bugfix-Compilation\Texture Fixes\ps2 textures\HAS ALPHA\bp_remade\no_mip_fixes\ui\sr01j_alp_ovl.bmp_71b551295ba518fae4283bd712544a6d.png
sr02e_alp_ovl.bmp,C:\Development\Git\Afevis-MGS2-Bugfix-Compilation\Texture Fixes\ps2 textures\HAS ALPHA\bp_remade\no_mip_fixes\ui\sr02e_alp_ovl.bmp.png
sr02j_alp_ovl.bmp,C:\Development\Git\Afevis-MGS2-Bugfix-Compilation\Texture Fixes\ps2 textures\HAS ALPHA\bp_remade\no_mip_fixes\ui\sr02j_alp_ovl.bmp.png
sr02j_alp_ovl.bmp_4a09a9b88e5c9d0cf6da451edf0dbec7,C:\Development\Git\Afevis-MGS2-Bugfix-Compilation\Texture Fixes\ps2 textures\HAS ALPHA\bp_remade\no_mip_fixes\ui\sr02j_alp_ovl.bmp_4a09a9b88e5c9d0cf6da451edf0dbec7.png
sr03e_alp_ovl.bmp,C:\Development\Git\Afevis-MGS2-Bugfix-Compilation\Texture Fixes\ps2 textures\HAS ALPHA\bp_remade\no_mip_fixes\ui\sr03e_alp_ovl.bmp.png
sr03j_alp_ovl.bmp,C:\Development\Git\Afevis-MGS2-Bugfix-Compilation\Texture Fixes\ps2 textures\HAS ALPHA\bp_remade\no_mip_fixes\ui\sr03j_alp_ovl.bmp.png
sr04e_alp_ovl.bmp,C:\Development\Git\Afevis-MGS2-Bugfix-Compilation\Texture Fixes\ps2 textures\HAS ALPHA\bp_remade\no_mip_fixes\ui\sr04e_alp_ovl.bmp.png
sr04e_alp_ovl.bmp_7df013dc1a4acc27c98bdd79b9268942,C:\Development\Git\Afevis-MGS2-Bugfix-Compilation\Texture Fixes\ps2 textures\HAS ALPHA\bp_remade\no_mip_fixes\ui\sr04e_alp_ovl.bmp_7df013dc1a4acc27c98bdd79b9268942.png
sr04j_alp_ovl.bmp,C:\Development\Git\Afevis-MGS2-Bugfix-Compilation\Texture Fixes\ps2 textures\HAS ALPHA\bp_remade\no_mip_fixes\ui\sr04j_alp_ovl.bmp.png
sr04j_alp_ovl.bmp_1383a677978c887d8f593c2469a8401a,C:\Development\Git\Afevis-MGS2-Bugfix-Compilation\Texture Fixes\ps2 textures\HAS ALPHA\bp_remade\no_mip_fixes\ui\sr04j_alp_ovl.bmp_1383a677978c887d8f593c2469a8401a.png
sr05e_alp_ovl.bmp,C:\Development\Git\Afevis-MGS2-Bugfix-Compilation\Texture Fixes\ps2 textures\HAS ALPHA\bp_remade\no_mip_fixes\ui\sr05e_alp_ovl.bmp.png
sr05e_alp_ovl.bmp_fa8e2b5b866afff71bcedae16df8e3df,C:\Development\Git\Afevis-MGS2-Bugfix-Compilation\Texture Fixes\ps2 textures\HAS ALPHA\bp_remade\no_mip_fixes\ui\sr05e_alp_ovl.bmp_fa8e2b5b866afff71bcedae16df8e3df.png
sr05j_alp_ovl.bmp,C:\Development\Git\Afevis-MGS2-Bugfix-Compilation\Texture Fixes\ps2 textures\HAS ALPHA\bp_remade\no_mip_fixes\ui\sr05j_alp_ovl.bmp.png
sr05j_alp_ovl.bmp_bf1906e485ccafe1c218be12a5453562,C:\Development\Git\Afevis-MGS2-Bugfix-Compilation\Texture Fixes\ps2 textures\HAS ALPHA\bp_remade\no_mip_fixes\ui\sr05j_alp_ovl.bmp_bf1906e485ccafe1c218be12a5453562.png
sr06e_alp_ovl.bmp,C:\Development\Git\Afevis-MGS2-Bugfix-Compilation\Texture Fixes\ps2 textures\HAS ALPHA\bp_remade\no_mip_fixes\ui\sr06e_alp_ovl.bmp.png
sr06e_alp_ovl.bmp_93ce3028cb41917a7f5a86e1a5cef339,C:\Development\Git\Afevis-MGS2-Bugfix-Compilation\Texture Fixes\ps2 textures\HAS ALPHA\bp_remade\no_mip_fixes\ui\sr06e_alp_ovl.bmp_93ce3028cb41917a7f5a86e1a5cef339.png
sr06j_alp_ovl.bmp,C:\Development\Git\Afevis-MGS2-Bugfix-Compilation\Texture Fixes\ps2 textures\HAS ALPHA\bp_remade\no_mip_fixes\ui\sr06j_alp_ovl.bmp.png
sr06j_alp_ovl.bmp_3930ac3de40a80d7335f659d8d3b18df,C:\Development\Git\Afevis-MGS2-Bugfix-Compilation\Texture Fixes\ps2 textures\HAS ALPHA\bp_remade\no_mip_fixes\ui\sr06j_alp_ovl.bmp_3930ac3de40a80d7335f659d8d3b18df.png
sr07e_alp_ovl.bmp,C:\Development\Git\Afevis-MGS2-Bugfix-Compilation\Texture Fixes\ps2 textures\HAS ALPHA\bp_remade\no_mip_fixes\ui\sr07e_alp_ovl.bmp.png
sr07e_alp_ovl.bmp_1facc522d39aa7af4c8f475392ce56fb,C:\Development\Git\Afevis-MGS2-Bugfix-Compilation\Texture Fixes\ps2 textures\HAS ALPHA\bp_remade\no_mip_fixes\ui\sr07e_alp_ovl.bmp_1facc522d39aa7af4c8f475392ce56fb.png
sr07j_alp_ovl.bmp,C:\Development\Git\Afevis-MGS2-Bugfix-Compilation\Texture Fixes\ps2 textures\HAS ALPHA\bp_remade\no_mip_fixes\ui\sr07j_alp_ovl.bmp.png
sr07j_alp_ovl.bmp_df4abf9598b5e1aaa1c931ea907a758a,C:\Development\Git\Afevis-MGS2-Bugfix-Compilation\Texture Fixes\ps2 textures\HAS ALPHA\bp_remade\no_mip_fixes\ui\sr07j_alp_ovl.bmp_df4abf9598b5e1aaa1c931ea907a758a.png
sr08e_alp_ovl.bmp,C:\Development\Git\Afevis-MGS2-Bugfix-Compilation\Texture Fixes\ps2 textures\HAS ALPHA\bp_remade\no_mip_fixes\ui\sr08e_alp_ovl.bmp.png
sr08e_alp_ovl.bmp_94c5b46b1b4c4dd69ab4b85ecd7d43fe,C:\Development\Git\Afevis-MGS2-Bugfix-Compilation\Texture Fixes\ps2 textures\HAS ALPHA\bp_remade\no_mip_fixes\ui\sr08e_alp_ovl.bmp_94c5b46b1b4c4dd69ab4b85ecd7d43fe.png
sr08j_alp_ovl.bmp,C:\Development\Git\Afevis-MGS2-Bugfix-Compilation\Texture Fixes\ps2 textures\HAS ALPHA\bp_remade\no_mip_fixes\ui\sr08j_alp_ovl.bmp.png
sr08j_alp_ovl.bmp_501fe309963ffa2693e775abe15afe45,C:\Development\Git\Afevis-MGS2-Bugfix-Compilation\Texture Fixes\ps2 textures\HAS ALPHA\bp_remade\no_mip_fixes\ui\sr08j_alp_ovl.bmp_501fe309963ffa2693e775abe15afe45.png
sr09e_alp_ovl.bmp,C:\Development\Git\Afevis-MGS2-Bugfix-Compilation\Texture Fixes\ps2 textures\HAS ALPHA\bp_remade\no_mip_fixes\ui\sr09e_alp_ovl.bmp.png
sr09e_alp_ovl.bmp_2bec0cf6e2d48a41d9297cf01513f45c,C:\Development\Git\Afevis-MGS2-Bugfix-Compilation\Texture Fixes\ps2 textures\HAS ALPHA\bp_remade\no_mip_fixes\ui\sr09e_alp_ovl.bmp_2bec0cf6e2d48a41d9297cf01513f45c.png
sr09j_alp_ovl.bmp,C:\Development\Git\Afevis-MGS2-Bugfix-Compilation\Texture Fixes\ps2 textures\HAS ALPHA\bp_remade\no_mip_fixes\ui\sr09j_alp_ovl.bmp.png
sr10e_alp_ovl.bmp,C:\Development\Git\Afevis-MGS2-Bugfix-Compilation\Texture Fixes\ps2 textures\HAS ALPHA\bp_remade\no_mip_fixes\ui\sr10e_alp_ovl.bmp.png
sr10e_alp_ovl.bmp_1927c59b5a429c24eac1732749ce574a,C:\Development\Git\Afevis-MGS2-Bugfix-Compilation\Texture Fixes\ps2 textures\HAS ALPHA\bp_remade\no_mip_fixes\ui\sr10e_alp_ovl.bmp_1927c59b5a429c24eac1732749ce574a.png
sr10j_alp_ovl.bmp,C:\Development\Git\Afevis-MGS2-Bugfix-Compilation\Texture Fixes\ps2 textures\HAS ALPHA\bp_remade\no_mip_fixes\ui\sr10j_alp_ovl.bmp.png
sr11e_alp_ovl.bmp,C:\Development\Git\Afevis-MGS2-Bugfix-Compilation\Texture Fixes\ps2 textures\HAS ALPHA\bp_remade\no_mip_fixes\ui\sr11e_alp_ovl.bmp.png
sr11e_alp_ovl.bmp_cb0dce75f41243b62d86315f2154df35,C:\Development\Git\Afevis-MGS2-Bugfix-Compilation\Texture Fixes\ps2 textures\HAS ALPHA\bp_remade\no_mip_fixes\ui\sr11e_alp_ovl.bmp_cb0dce75f41243b62d86315f2154df35.png
sr11j_alp_ovl.bmp,C:\Development\Git\Afevis-MGS2-Bugfix-Compilation\Texture Fixes\ps2 textures\HAS ALPHA\bp_remade\no_mip_fixes\ui\sr11j_alp_ovl.bmp.png
sr11j_alp_ovl.bmp_d403a96582282e98da76e6194a8a4c58,C:\Development\Git\Afevis-MGS2-Bugfix-Compilation\Texture Fixes\ps2 textures\HAS ALPHA\bp_remade\no_mip_fixes\ui\sr11j_alp_ovl.bmp_d403a96582282e98da76e6194a8a4c58.png
sr12e_alp_ovl.bmp,C:\Development\Git\Afevis-MGS2-Bugfix-Compilation\Texture Fixes\ps2 textures\HAS ALPHA\bp_remade\no_mip_fixes\ui\sr12e_alp_ovl.bmp.png
sr12e_alp_ovl.bmp_49da83a2fc34ffff91d496c4100267ab,C:\Development\Git\Afevis-MGS2-Bugfix-Compilation\Texture Fixes\ps2 textures\HAS ALPHA\bp_remade\no_mip_fixes\ui\sr12e_alp_ovl.bmp_49da83a2fc34ffff91d496c4100267ab.png
sr12j_alp_ovl.bmp,C:\Development\Git\Afevis-MGS2-Bugfix-Compilation\Texture Fixes\ps2 textures\HAS ALPHA\bp_remade\no_mip_fixes\ui\sr12j_alp_ovl.bmp.png
sr12j_alp_ovl.bmp_17fe60f718f515850942f8f66ba0be2a,C:\Development\Git\Afevis-MGS2-Bugfix-Compilation\Texture Fixes\ps2 textures\HAS ALPHA\bp_remade\no_mip_fixes\ui\sr12j_alp_ovl.bmp_17fe60f718f515850942f8f66ba0be2a.png
sr13e_alp_ovl.bmp,C:\Development\Git\Afevis-MGS2-Bugfix-Compilation\Texture Fixes\ps2 textures\HAS ALPHA\bp_remade\no_mip_fixes\ui\sr13e_alp_ovl.bmp.png
sr13e_alp_ovl.bmp_8e5d765a189254623f05bef061d0db1a,C:\Development\Git\Afevis-MGS2-Bugfix-Compilation\Texture Fixes\ps2 textures\HAS ALPHA\bp_remade\no_mip_fixes\ui\sr13e_alp_ovl.bmp_8e5d765a189254623f05bef061d0db1a.png
sr13j_alp_ovl.bmp,C:\Development\Git\Afevis-MGS2-Bugfix-Compilation\Texture Fixes\ps2 textures\HAS ALPHA\bp_remade\no_mip_fixes\ui\sr13j_alp_ovl.bmp.png
sr14e_alp_ovl.bmp,C:\Development\Git\Afevis-MGS2-Bugfix-Compilation\Texture Fixes\ps2 textures\HAS ALPHA\bp_remade\no_mip_fixes\ui\sr14e_alp_ovl.bmp.png
sr14e_alp_ovl.bmp_ea172754f17f49457f2f04ae2319add2,C:\Development\Git\Afevis-MGS2-Bugfix-Compilation\Texture Fixes\ps2 textures\HAS ALPHA\bp_remade\no_mip_fixes\ui\sr14e_alp_ovl.bmp_ea172754f17f49457f2f04ae2319add2.png
sr14j_alp_ovl.bmp,C:\Development\Git\Afevis-MGS2-Bugfix-Compilation\Texture Fixes\ps2 textures\HAS ALPHA\bp_remade\no_mip_fixes\ui\sr14j_alp_ovl.bmp.png
sr14j_alp_ovl.bmp_104b15f9971860fa4c6923382baf1463,C:\Development\Git\Afevis-MGS2-Bugfix-Compilation\Texture Fixes\ps2 textures\HAS ALPHA\bp_remade\no_mip_fixes\ui\sr14j_alp_ovl.bmp_104b15f9971860fa4c6923382baf1463.png
sr14j_bg_alp_ovl.bmp,C:\Development\Git\Afevis-MGS2-Bugfix-Compilation\Texture Fixes\ps2 textures\HAS ALPHA\bp_remade\no_mip_fixes\ui\sr14j_bg_alp_ovl.bmp.png
sr16e_alp_ovl.bmp,C:\Development\Git\Afevis-MGS2-Bugfix-Compilation\Texture Fixes\ps2 textures\HAS ALPHA\bp_remade\no_mip_fixes\ui\sr16e_alp_ovl.bmp.png
sr16j_alp_ovl.bmp,C:\Development\Git\Afevis-MGS2-Bugfix-Compilation\Texture Fixes\ps2 textures\HAS ALPHA\bp_remade\no_mip_fixes\ui\sr16j_alp_ovl.bmp.png
sr17e_alp_ovl.bmp,C:\Development\Git\Afevis-MGS2-Bugfix-Compilation\Texture Fixes\ps2 textures\HAS ALPHA\bp_remade\no_mip_fixes\ui\sr17e_alp_ovl.bmp.png
sr17j_alp_ovl.bmp,C:\Development\Git\Afevis-MGS2-Bugfix-Compilation\Texture Fixes\ps2 textures\HAS ALPHA\bp_remade\no_mip_fixes\ui\sr17j_alp_ovl.bmp.png
sr18e_alp_ovl.bmp,C:\Development\Git\Afevis-MGS2-Bugfix-Compilation\Texture Fixes\ps2 textures\HAS ALPHA\bp_remade\no_mip_fixes\ui\sr18e_alp_ovl.bmp.png
sr18e_alp_ovl.bmp_472bed0a443e29c45de18a81421d2ee0,C:\Development\Git\Afevis-MGS2-Bugfix-Compilation\Texture Fixes\ps2 textures\HAS ALPHA\bp_remade\no_mip_fixes\ui\sr18e_alp_ovl.bmp_472bed0a443e29c45de18a81421d2ee0.png
sr18j_alp_ovl.bmp,C:\Development\Git\Afevis-MGS2-Bugfix-Compilation\Texture Fixes\ps2 textures\HAS ALPHA\bp_remade\no_mip_fixes\ui\sr18j_alp_ovl.bmp.png
sr19e_alp_ovl.bmp,C:\Development\Git\Afevis-MGS2-Bugfix-Compilation\Texture Fixes\ps2 textures\HAS ALPHA\bp_remade\no_mip_fixes\ui\sr19e_alp_ovl.bmp.png
sr19j_alp_ovl.bmp,C:\Development\Git\Afevis-MGS2-Bugfix-Compilation\Texture Fixes\ps2 textures\HAS ALPHA\bp_remade\no_mip_fixes\ui\sr19j_alp_ovl.bmp.png
sr20e_alp_ovl.bmp,C:\Development\Git\Afevis-MGS2-Bugfix-Compilation\Texture Fixes\ps2 textures\HAS ALPHA\bp_remade\no_mip_fixes\ui\sr20e_alp_ovl.bmp.png
sr20j_alp_ovl.bmp,C:\Development\Git\Afevis-MGS2-Bugfix-Compilation\Texture Fixes\ps2 textures\HAS ALPHA\bp_remade\no_mip_fixes\ui\sr20j_alp_ovl.bmp.png
sr21e_alp_ovl.bmp,C:\Development\Git\Afevis-MGS2-Bugfix-Compilation\Texture Fixes\ps2 textures\HAS ALPHA\bp_remade\no_mip_fixes\ui\sr21e_alp_ovl.bmp.png
sr21j_alp_ovl.bmp,C:\Development\Git\Afevis-MGS2-Bugfix-Compilation\Texture Fixes\ps2 textures\HAS ALPHA\bp_remade\no_mip_fixes\ui\sr21j_alp_ovl.bmp.png
sr22e_alp_ovl.bmp,C:\Development\Git\Afevis-MGS2-Bugfix-Compilation\Texture Fixes\ps2 textures\HAS ALPHA\bp_remade\no_mip_fixes\ui\sr22e_alp_ovl.bmp.png
sr22j_alp_ovl.bmp,C:\Development\Git\Afevis-MGS2-Bugfix-Compilation\Texture Fixes\ps2 textures\HAS ALPHA\bp_remade\no_mip_fixes\ui\sr22j_alp_ovl.bmp.png
sr23e_alp_ovl.bmp,C:\Development\Git\Afevis-MGS2-Bugfix-Compilation\Texture Fixes\ps2 textures\HAS ALPHA\bp_remade\no_mip_fixes\ui\sr23e_alp_ovl.bmp.png
sr23j_alp_ovl.bmp,C:\Development\Git\Afevis-MGS2-Bugfix-Compilation\Texture Fixes\ps2 textures\HAS ALPHA\bp_remade\no_mip_fixes\ui\sr23j_alp_ovl.bmp.png
sr24e_alp_ovl.bmp,C:\Development\Git\Afevis-MGS2-Bugfix-Compilation\Texture Fixes\ps2 textures\HAS ALPHA\bp_remade\no_mip_fixes\ui\sr24e_alp_ovl.bmp.png
sr24j_alp_ovl.bmp,C:\Development\Git\Afevis-MGS2-Bugfix-Compilation\Texture Fixes\ps2 textures\HAS ALPHA\bp_remade\no_mip_fixes\ui\sr24j_alp_ovl.bmp.png
sr25e_alp_ovl.bmp,C:\Development\Git\Afevis-MGS2-Bugfix-Compilation\Texture Fixes\ps2 textures\HAS ALPHA\bp_remade\no_mip_fixes\ui\sr25e_alp_ovl.bmp.png
sr25j_alp_ovl.bmp,C:\Development\Git\Afevis-MGS2-Bugfix-Compilation\Texture Fixes\ps2 textures\HAS ALPHA\bp_remade\no_mip_fixes\ui\sr25j_alp_ovl.bmp.png
ssk_06.bmp,C:\Development\Git\Afevis-MGS2-Bugfix-Compilation\Texture Fixes\ps2 textures\OPAQUE\same sha1\ssk_06.bmp.png
ssk_all.bmp,C:\Development\Git\Afevis-MGS2-Bugfix-Compilation\Texture Fixes\ps2 textures\OPAQUE\same sha1\ssk_all.bmp.png
ssk_all.bmp_0f6ded3c2295b9f13b65e8288502b515,C:\Development\Git\Afevis-MGS2-Bugfix-Compilation\Texture Fixes\ps2 textures\OPAQUE\same sha1\ssk_all.bmp_0f6ded3c2295b9f13b65e8288502b515.png
ssk_bul.bmp,C:\Development\Git\Afevis-MGS2-Bugfix-Compilation\Texture Fixes\ps2 textures\OPAQUE\same sha1\ssk_bul.bmp.png
ssk_ovl_mod1120_alp_emap.bmp,C:\Development\Git\Afevis-MGS2-Bugfix-Compilation\Texture Fixes\ps2 textures\OPAQUE\same sha1\ssk_ovl_mod1120_alp_emap.bmp.png
stg_grip.bmp,C:\Development\Git\Afevis-MGS2-Bugfix-Compilation\Texture Fixes\ps2 textures\OPAQUE\bp_remade\stg_grip.bmp.png
stg_msl_s.bmp,C:\Development\Git\Afevis-MGS2-Bugfix-Compilation\Texture Fixes\ps2 textures\OPAQUE\bp_remade\stg_msl_s.bmp.png
stg_s_sb.bmp,C:\Development\Git\Afevis-MGS2-Bugfix-Compilation\Texture Fixes\ps2 textures\OPAQUE\bp_remade\stg_s_sb.bmp.png
stg_sight.bmp,C:\Development\Git\Afevis-MGS2-Bugfix-Compilation\Texture Fixes\ps2 textures\OPAQUE\bp_remade\stg_sight.bmp.png
stg_temp.bmp,C:\Development\Git\Afevis-MGS2-Bugfix-Compilation\Texture Fixes\ps2 textures\OPAQUE\bp_remade\stg_temp.bmp.png
stin_alp_ovl.bmp,C:\Development\Git\Afevis-MGS2-Bugfix-Compilation\Texture Fixes\ps2 textures\HAS ALPHA\bp_remade\no_mip_fixes\ui\stin_alp_ovl.bmp.png
stun_alp_ovl.bmp,C:\Development\Git\Afevis-MGS2-Bugfix-Compilation\Texture Fixes\ps2 textures\HAS ALPHA\bp_remade\no_mip_fixes\ui\stun_alp_ovl.bmp.png
styp_alp_ovl.bmp,C:\Development\Git\Afevis-MGS2-Bugfix-Compilation\Texture Fixes\ps2 textures\HAS ALPHA\bp_remade\no_mip_fixes\ui\styp_alp_ovl.bmp.png
sv_00.bmp,C:\Development\Git\Afevis-MGS2-Bugfix-Compilation\Texture Fixes\ps2 textures\OPAQUE\same sha1\sv_00.bmp.png
sv_01.bmp,C:\Development\Git\Afevis-MGS2-Bugfix-Compilation\Texture Fixes\ps2 textures\OPAQUE\same sha1\sv_01.bmp.png
sv_04.bmp,C:\Development\Git\Afevis-MGS2-Bugfix-Compilation\Texture Fixes\ps2 textures\OPAQUE\same sha1\sv_04.bmp.png
svc2_lens_brk.bmp,C:\Development\Git\Afevis-MGS2-Bugfix-Compilation\Texture Fixes\ps2 textures\OPAQUE\same sha1\svc2_lens_brk.bmp.png
svc2_lens_f.bmp,C:\Development\Git\Afevis-MGS2-Bugfix-Compilation\Texture Fixes\ps2 textures\OPAQUE\same sha1\svc2_lens_f.bmp.png
svc_body01.bmp,C:\Development\Git\Afevis-MGS2-Bugfix-Compilation\Texture Fixes\ps2 textures\OPAQUE\bp_remade\svc_body01.bmp.png
svc_bonbori.bmp,C:\Development\Git\Afevis-MGS2-Bugfix-Compilation\Texture Fixes\ps2 textures\OPAQUE\same sha1\svc_bonbori.bmp.png
svc_bonbori_alp.bmp,C:\Development\Git\Afevis-MGS2-Bugfix-Compilation\Texture Fixes\ps2 textures\HAS ALPHA\same sha1\svc_bonbori_alp.bmp.png
svc_bonbori_g.bmp,C:\Development\Git\Afevis-MGS2-Bugfix-Compilation\Texture Fixes\ps2 textures\OPAQUE\same sha1\svc_bonbori_g.bmp.png
svc_bonbori_r.bmp,C:\Development\Git\Afevis-MGS2-Bugfix-Compilation\Texture Fixes\ps2 textures\OPAQUE\same sha1\svc_bonbori_r.bmp.png
svc_bonbori_y.bmp,C:\Development\Git\Afevis-MGS2-Bugfix-Compilation\Texture Fixes\ps2 textures\OPAQUE\same sha1\svc_bonbori_y.bmp.png
svc_dodai03.bmp,C:\Development\Git\Afevis-MGS2-Bugfix-Compilation\Texture Fixes\ps2 textures\OPAQUE\same sha1\svc_dodai03.bmp.png
svc_lens02.bmp,C:\Development\Git\Afevis-MGS2-Bugfix-Compilation\Texture Fixes\ps2 textures\OPAQUE\same sha1\svc_lens02.bmp.png
svc_lens_break.bmp,C:\Development\Git\Afevis-MGS2-Bugfix-Compilation\Texture Fixes\ps2 textures\OPAQUE\same sha1\svc_lens_break.bmp.png
svc_s_parts.bmp,C:\Development\Git\Afevis-MGS2-Bugfix-Compilation\Texture Fixes\ps2 textures\OPAQUE\same sha1\svc_s_parts.bmp.png
svc_s_parts_break_mk.bmp,C:\Development\Git\Afevis-MGS2-Bugfix-Compilation\Texture Fixes\ps2 textures\OPAQUE\same sha1\svc_s_parts_break_mk.bmp.png
svc_soko02.bmp,C:\Development\Git\Afevis-MGS2-Bugfix-Compilation\Texture Fixes\ps2 textures\OPAQUE\same sha1\svc_soko02.bmp.png
svc_soko02_brk_mk.bmp,C:\Development\Git\Afevis-MGS2-Bugfix-Compilation\Texture Fixes\ps2 textures\OPAQUE\same sha1\svc_soko02_brk_mk.bmp.png
svc_totte01.bmp,C:\Development\Git\Afevis-MGS2-Bugfix-Compilation\Texture Fixes\ps2 textures\OPAQUE\same sha1\svc_totte01.bmp.png
svc_wall02.bmp,C:\Development\Git\Afevis-MGS2-Bugfix-Compilation\Texture Fixes\ps2 textures\OPAQUE\same sha1\svc_wall02.bmp.png
tag1_alp_ovl.bmp,C:\Development\Git\Afevis-MGS2-Bugfix-Compilation\Texture Fixes\ps2 textures\HAS ALPHA\bp_remade\no_mip_fixes\ui\tag1_alp_ovl.bmp.png
tag2_alp_ovl.bmp,C:\Development\Git\Afevis-MGS2-Bugfix-Compilation\Texture Fixes\ps2 textures\HAS ALPHA\bp_remade\no_mip_fixes\ui\tag2_alp_ovl.bmp.png
tag3_alp_ovl.bmp,C:\Development\Git\Afevis-MGS2-Bugfix-Compilation\Texture Fixes\ps2 textures\HAS ALPHA\bp_remade\no_mip_fixes\ui\tag3_alp_ovl.bmp.png
tejyou.bmp,C:\Development\Git\Afevis-MGS2-Bugfix-Compilation\Texture Fixes\ps2 textures\OPAQUE\same sha1\tejyou.bmp.png
test_bld020.bmp,C:\Development\Git\Afevis-MGS2-Bugfix-Compilation\Texture Fixes\ps2 textures\HAS ALPHA\same sha1\test_bld020.bmp.png
test_gray.bmp,C:\Development\Git\Afevis-MGS2-Bugfix-Compilation\Texture Fixes\ps2 textures\OPAQUE\same sha1\test_gray.bmp.png
test_gray_yellow.bmp,C:\Development\Git\Afevis-MGS2-Bugfix-Compilation\Texture Fixes\ps2 textures\OPAQUE\same sha1\test_gray_yellow.bmp.png
test_lit.bmp,C:\Development\Git\Afevis-MGS2-Bugfix-Compilation\Texture Fixes\ps2 textures\OPAQUE\same sha1\test_lit.bmp.png
test_lit1_add_alp.bmp,C:\Development\Git\Afevis-MGS2-Bugfix-Compilation\Texture Fixes\ps2 textures\HAS ALPHA\same sha1\test_lit1_add_alp.bmp.png
test_lit1_add_alp.bmp_318341ad48ae8cf5060d706dfcae454f,C:\Development\Git\Afevis-MGS2-Bugfix-Compilation\Texture Fixes\ps2 textures\HAS ALPHA\same sha1\test_lit1_add_alp.bmp_318341ad48ae8cf5060d706dfcae454f.png
test_roof1.bmp,C:\Development\Git\Afevis-MGS2-Bugfix-Compilation\Texture Fixes\ps2 textures\OPAQUE\same sha1\test_roof1.bmp.png
test_sea_add.bmp,C:\Development\Git\Afevis-MGS2-Bugfix-Compilation\Texture Fixes\ps2 textures\OPAQUE\same sha1\test_sea_add.bmp.png
test_w_gray.bmp,C:\Development\Git\Afevis-MGS2-Bugfix-Compilation\Texture Fixes\ps2 textures\OPAQUE\same sha1\test_w_gray.bmp.png
test_y_gray.bmp,C:\Development\Git\Afevis-MGS2-Bugfix-Compilation\Texture Fixes\ps2 textures\OPAQUE\same sha1\test_y_gray.bmp.png
testiron.bmp,C:\Development\Git\Afevis-MGS2-Bugfix-Compilation\Texture Fixes\ps2 textures\OPAQUE\same sha1\testiron.bmp.png
tgl_alp_ovl.bmp,C:\Development\Git\Afevis-MGS2-Bugfix-Compilation\Texture Fixes\ps2 textures\HAS ALPHA\bp_remade\no_mip_fixes\ui\tgl_alp_ovl.bmp.png
tgt_col1_rgb_sol_add_alp.bmp,C:\Development\Git\Afevis-MGS2-Bugfix-Compilation\Texture Fixes\ps2 textures\HAS ALPHA\same sha1\tgt_col1_rgb_sol_add_alp.bmp.png
tgt_color1.bmp,C:\Development\Git\Afevis-MGS2-Bugfix-Compilation\Texture Fixes\ps2 textures\OPAQUE\same sha1\tgt_color1.bmp.png
tgt_color1_add_alp.bmp,C:\Development\Git\Afevis-MGS2-Bugfix-Compilation\Texture Fixes\ps2 textures\HAS ALPHA\same sha1\tgt_color1_add_alp.bmp.png
tgt_color1_tab_add_alp.bmp,C:\Development\Git\Afevis-MGS2-Bugfix-Compilation\Texture Fixes\ps2 textures\HAS ALPHA\same sha1\tgt_color1_tab_add_alp.bmp.png
tgt_color2.bmp,C:\Development\Git\Afevis-MGS2-Bugfix-Compilation\Texture Fixes\ps2 textures\OPAQUE\same sha1\tgt_color2.bmp.png
tgt_color2.bmp_706ff9ab264467abb99d3cbb5425c22e,C:\Development\Git\Afevis-MGS2-Bugfix-Compilation\Texture Fixes\ps2 textures\OPAQUE\same sha1\tgt_color2.bmp_706ff9ab264467abb99d3cbb5425c22e.png
tgt_color2_add_alp.bmp,C:\Development\Git\Afevis-MGS2-Bugfix-Compilation\Texture Fixes\ps2 textures\HAS ALPHA\same sha1\tgt_color2_add_alp.bmp.png
tgt_color3.bmp,C:\Development\Git\Afevis-MGS2-Bugfix-Compilation\Texture Fixes\ps2 textures\OPAQUE\same sha1\tgt_color3.bmp.png
tgt_color3_tab2.bmp,C:\Development\Git\Afevis-MGS2-Bugfix-Compilation\Texture Fixes\ps2 textures\OPAQUE\same sha1\tgt_color3_tab2.bmp.png
tgt_straw.bmp,C:\Development\Git\Afevis-MGS2-Bugfix-Compilation\Texture Fixes\ps2 textures\OPAQUE\same sha1\tgt_straw.bmp.png
tgt_straw_tab.bmp,C:\Development\Git\Afevis-MGS2-Bugfix-Compilation\Texture Fixes\ps2 textures\OPAQUE\same sha1\tgt_straw_tab.bmp.png
tgt_tri_hlt_add_alp.bmp,C:\Development\Git\Afevis-MGS2-Bugfix-Compilation\Texture Fixes\ps2 textures\HAS ALPHA\same sha1\tgt_tri_hlt_add_alp.bmp.png
title_logo_blue_alp_ovl.bmp,C:\Development\Git\Afevis-MGS2-Bugfix-Compilation\Texture Fixes\ps2 textures\HAS ALPHA\bp_remade\no_mip_fixes\ui\title_logo_blue_alp_ovl.bmp.png
title_logo_mono_alp_ovl.bmp,C:\Development\Git\Afevis-MGS2-Bugfix-Compilation\Texture Fixes\ps2 textures\HAS ALPHA\bp_remade\no_mip_fixes\ui\title_logo_mono_alp_ovl.bmp.png
title_mgs2_alp_ovl.bmp,C:\Development\Git\Afevis-MGS2-Bugfix-Compilation\Texture Fixes\ps2 textures\HAS ALPHA\bp_remade\no_mip_fixes\ui\title_mgs2_alp_ovl.bmp.png
tnc_fl.bmp,C:\Development\Git\Afevis-MGS2-Bugfix-Compilation\Texture Fixes\ps2 textures\OPAQUE\bp_remade\tnc_fl.bmp.png
tnc_fl_r.bmp,C:\Development\Git\Afevis-MGS2-Bugfix-Compilation\Texture Fixes\ps2 textures\OPAQUE\bp_remade\tnc_fl_r.bmp.png
tnc_gost_face_b_ovl_alp.bmp,C:\Development\Git\Afevis-MGS2-Bugfix-Compilation\Texture Fixes\ps2 textures\HAS ALPHA\same sha1\tnc_gost_face_b_ovl_alp.bmp.png
tnc_obj_faceneck00.bmp,C:\Development\Git\Afevis-MGS2-Bugfix-Compilation\Texture Fixes\ps2 textures\OPAQUE\bp_remade\tnc_obj_faceneck00.bmp.png
tnc_r_faceneck02dt.bmp,C:\Development\Git\Afevis-MGS2-Bugfix-Compilation\Texture Fixes\ps2 textures\OPAQUE\bp_remade\tnc_r_faceneck02dt.bmp.png
tnc_r_year01dt.bmp,C:\Development\Git\Afevis-MGS2-Bugfix-Compilation\Texture Fixes\ps2 textures\OPAQUE\same sha1\tnc_r_year01dt.bmp.png
tnc_re_faceneck.bmp,C:\Development\Git\Afevis-MGS2-Bugfix-Compilation\Texture Fixes\ps2 textures\OPAQUE\bp_remade\tnc_re_faceneck.bmp.png
tnc_re_faceneck_dead.bmp,C:\Development\Git\Afevis-MGS2-Bugfix-Compilation\Texture Fixes\ps2 textures\OPAQUE\bp_remade\tnc_re_faceneck_dead.bmp.png
tnc_re_faceneck_dead.bmp_0e551a799467218ab1818640b8ee2d96,C:\Development\Git\Afevis-MGS2-Bugfix-Compilation\Texture Fixes\ps2 textures\OPAQUE\bp_remade\tnc_re_faceneck_dead.bmp_0e551a799467218ab1818640b8ee2d96.png
tnc_spe_ovl_mod1120_alp_emap.bmp,C:\Development\Git\Afevis-MGS2-Bugfix-Compilation\Texture Fixes\ps2 textures\HAS ALPHA\same sha1\tnc_spe_ovl_mod1120_alp_emap.bmp.png
tng_eye2_ovl_hlf.bmp,C:\Development\Git\Afevis-MGS2-Bugfix-Compilation\Texture Fixes\ps2 textures\HAS ALPHA\same sha1\tng_eye2_ovl_hlf.bmp.png
tng_shoulder_p2.bmp,C:\Development\Git\Afevis-MGS2-Bugfix-Compilation\Texture Fixes\ps2 textures\OPAQUE\same sha1\tng_shoulder_p2.bmp.png
tnr_dark_food_l.bmp,C:\Development\Git\Afevis-MGS2-Bugfix-Compilation\Texture Fixes\ps2 textures\OPAQUE\same sha1\tnr_dark_food_l.bmp.png
tnr_dark_food_r.bmp,C:\Development\Git\Afevis-MGS2-Bugfix-Compilation\Texture Fixes\ps2 textures\OPAQUE\same sha1\tnr_dark_food_r.bmp.png
tnr_spe3_ovl_mod1120_alp_emap.bmp,C:\Development\Git\Afevis-MGS2-Bugfix-Compilation\Texture Fixes\ps2 textures\OPAQUE\same sha1\tnr_spe3_ovl_mod1120_alp_emap.bmp.png
tree_miki01.bmp,C:\Development\Git\Afevis-MGS2-Bugfix-Compilation\Texture Fixes\ps2 textures\OPAQUE\same sha1\tree_miki01.bmp.png
tree_stm00.bmp,C:\Development\Git\Afevis-MGS2-Bugfix-Compilation\Texture Fixes\ps2 textures\OPAQUE\same sha1\tree_stm00.bmp.png
tsubo_01.bmp,C:\Development\Git\Afevis-MGS2-Bugfix-Compilation\Texture Fixes\ps2 textures\OPAQUE\same sha1\tsubo_01.bmp.png
tsubo_02.bmp,C:\Development\Git\Afevis-MGS2-Bugfix-Compilation\Texture Fixes\ps2 textures\OPAQUE\same sha1\tsubo_02.bmp.png
tv_00.bmp,C:\Development\Git\Afevis-MGS2-Bugfix-Compilation\Texture Fixes\ps2 textures\OPAQUE\same sha1\tv_00.bmp.png
tv_00a.bmp,C:\Development\Git\Afevis-MGS2-Bugfix-Compilation\Texture Fixes\ps2 textures\OPAQUE\same sha1\tv_00a.bmp.png
tv_00c.bmp,C:\Development\Git\Afevis-MGS2-Bugfix-Compilation\Texture Fixes\ps2 textures\OPAQUE\same sha1\tv_00c.bmp.png
tv_00c_ovl.bmp,C:\Development\Git\Afevis-MGS2-Bugfix-Compilation\Texture Fixes\ps2 textures\OPAQUE\same sha1\tv_00c_ovl.bmp.png
tv_02.bmp,C:\Development\Git\Afevis-MGS2-Bugfix-Compilation\Texture Fixes\ps2 textures\OPAQUE\same sha1\tv_02.bmp.png
usa_arm01dt.bmp,C:\Development\Git\Afevis-MGS2-Bugfix-Compilation\Texture Fixes\ps2 textures\OPAQUE\bp_remade\usa_arm01dt.bmp.png
usa_arm02dt.bmp,C:\Development\Git\Afevis-MGS2-Bugfix-Compilation\Texture Fixes\ps2 textures\OPAQUE\bp_remade\usa_arm02dt.bmp.png
usa_arm03dt.bmp,C:\Development\Git\Afevis-MGS2-Bugfix-Compilation\Texture Fixes\ps2 textures\OPAQUE\bp_remade\usa_arm03dt.bmp.png
usa_armor01dt.bmp,C:\Development\Git\Afevis-MGS2-Bugfix-Compilation\Texture Fixes\ps2 textures\OPAQUE\bp_remade\usa_armor01dt.bmp.png
usa_armor_neck01dt.bmp,C:\Development\Git\Afevis-MGS2-Bugfix-Compilation\Texture Fixes\ps2 textures\OPAQUE\bp_remade\usa_armor_neck01dt.bmp.png
usa_armor_pad01dt.bmp,C:\Development\Git\Afevis-MGS2-Bugfix-Compilation\Texture Fixes\ps2 textures\OPAQUE\bp_remade\usa_armor_pad01dt.bmp.png
usa_ashi.bmp,C:\Development\Git\Afevis-MGS2-Bugfix-Compilation\Texture Fixes\ps2 textures\OPAQUE\bp_remade\usa_ashi.bmp.png
usa_belt.bmp,C:\Development\Git\Afevis-MGS2-Bugfix-Compilation\Texture Fixes\ps2 textures\OPAQUE\bp_remade\usa_belt.bmp.png
usa_belt01dt.bmp,C:\Development\Git\Afevis-MGS2-Bugfix-Compilation\Texture Fixes\ps2 textures\OPAQUE\bp_remade\usa_belt01dt.bmp.png
usa_belt02dt.bmp,C:\Development\Git\Afevis-MGS2-Bugfix-Compilation\Texture Fixes\ps2 textures\OPAQUE\bp_remade\usa_belt02dt.bmp.png
usa_belt_back.bmp,C:\Development\Git\Afevis-MGS2-Bugfix-Compilation\Texture Fixes\ps2 textures\OPAQUE\bp_remade\usa_belt_back.bmp.png
usa_belt_back01dt.bmp,C:\Development\Git\Afevis-MGS2-Bugfix-Compilation\Texture Fixes\ps2 textures\OPAQUE\bp_remade\usa_belt_back01dt.bmp.png
usa_boots.bmp,C:\Development\Git\Afevis-MGS2-Bugfix-Compilation\Texture Fixes\ps2 textures\OPAQUE\bp_remade\usa_boots.bmp.png
usa_boots01dt.bmp,C:\Development\Git\Afevis-MGS2-Bugfix-Compilation\Texture Fixes\ps2 textures\OPAQUE\bp_remade\usa_boots01dt.bmp.png
usa_cap.bmp,C:\Development\Git\Afevis-MGS2-Bugfix-Compilation\Texture Fixes\ps2 textures\OPAQUE\bp_remade\usa_cap.bmp.png
usa_face_bk.bmp,C:\Development\Git\Afevis-MGS2-Bugfix-Compilation\Texture Fixes\ps2 textures\OPAQUE\bp_remade\usa_face_bk.bmp.png
usa_face_bk01dt.bmp,C:\Development\Git\Afevis-MGS2-Bugfix-Compilation\Texture Fixes\ps2 textures\OPAQUE\bp_remade\usa_face_bk01dt.bmp.png
usa_face_c01dt.bmp,C:\Development\Git\Afevis-MGS2-Bugfix-Compilation\Texture Fixes\ps2 textures\OPAQUE\bp_remade\usa_face_c01dt.bmp.png
usa_face_d.bmp,C:\Development\Git\Afevis-MGS2-Bugfix-Compilation\Texture Fixes\ps2 textures\OPAQUE\bp_remade\usa_face_d.bmp.png
usa_face_d01dt.bmp,C:\Development\Git\Afevis-MGS2-Bugfix-Compilation\Texture Fixes\ps2 textures\OPAQUE\bp_remade\usa_face_d01dt.bmp.png
usa_face_d02dt.bmp,C:\Development\Git\Afevis-MGS2-Bugfix-Compilation\Texture Fixes\ps2 textures\OPAQUE\bp_remade\usa_face_d02dt.bmp.png
usa_face_f01dt.bmp,C:\Development\Git\Afevis-MGS2-Bugfix-Compilation\Texture Fixes\ps2 textures\OPAQUE\bp_remade\usa_face_f01dt.bmp.png
usa_helmet01dt.bmp,C:\Development\Git\Afevis-MGS2-Bugfix-Compilation\Texture Fixes\ps2 textures\OPAQUE\bp_remade\usa_helmet01dt.bmp.png
usa_helmet_inside.bmp,C:\Development\Git\Afevis-MGS2-Bugfix-Compilation\Texture Fixes\ps2 textures\OPAQUE\bp_remade\usa_helmet_inside.bmp.png
usa_leg01dt.bmp,C:\Development\Git\Afevis-MGS2-Bugfix-Compilation\Texture Fixes\ps2 textures\OPAQUE\bp_remade\usa_leg01dt.bmp.png
usa_leg02dt.bmp,C:\Development\Git\Afevis-MGS2-Bugfix-Compilation\Texture Fixes\ps2 textures\OPAQUE\bp_remade\usa_leg02dt.bmp.png
usa_met_belt01dt.bmp,C:\Development\Git\Afevis-MGS2-Bugfix-Compilation\Texture Fixes\ps2 textures\OPAQUE\bp_remade\usa_met_belt01dt.bmp.png
usa_pack01dt.bmp,C:\Development\Git\Afevis-MGS2-Bugfix-Compilation\Texture Fixes\ps2 textures\OPAQUE\bp_remade\usa_pack01dt.bmp.png
usa_phone01dt.bmp,C:\Development\Git\Afevis-MGS2-Bugfix-Compilation\Texture Fixes\ps2 textures\OPAQUE\bp_remade\usa_phone01dt.bmp.png
usa_phone03dt.bmp,C:\Development\Git\Afevis-MGS2-Bugfix-Compilation\Texture Fixes\ps2 textures\OPAQUE\bp_remade\usa_phone03dt.bmp.png
usa_ude_makuri.bmp,C:\Development\Git\Afevis-MGS2-Bugfix-Compilation\Texture Fixes\ps2 textures\OPAQUE\bp_remade\usa_ude_makuri.bmp.png
usm_chest01dt.bmp,C:\Development\Git\Afevis-MGS2-Bugfix-Compilation\Texture Fixes\ps2 textures\OPAQUE\bp_remade\usm_chest01dt.bmp.png
usm_chest02dt.bmp,C:\Development\Git\Afevis-MGS2-Bugfix-Compilation\Texture Fixes\ps2 textures\OPAQUE\bp_remade\usm_chest02dt.bmp.png
usm_chest_back01dt.bmp,C:\Development\Git\Afevis-MGS2-Bugfix-Compilation\Texture Fixes\ps2 textures\OPAQUE\bp_remade\usm_chest_back01dt.bmp.png
usm_chest_back02dt.bmp,C:\Development\Git\Afevis-MGS2-Bugfix-Compilation\Texture Fixes\ps2 textures\OPAQUE\bp_remade\usm_chest_back02dt.bmp.png
usm_chest_back_belt.bmp,C:\Development\Git\Afevis-MGS2-Bugfix-Compilation\Texture Fixes\ps2 textures\OPAQUE\bp_remade\usm_chest_back_belt.bmp.png
usm_chest_belt.bmp,C:\Development\Git\Afevis-MGS2-Bugfix-Compilation\Texture Fixes\ps2 textures\OPAQUE\bp_remade\usm_chest_belt.bmp.png
usm_eri01dt.bmp,C:\Development\Git\Afevis-MGS2-Bugfix-Compilation\Texture Fixes\ps2 textures\OPAQUE\bp_remade\usm_eri01dt.bmp.png
usm_eri_inside2.bmp,C:\Development\Git\Afevis-MGS2-Bugfix-Compilation\Texture Fixes\ps2 textures\OPAQUE\bp_remade\usm_eri_inside2.bmp.png
usm_t_shirt.bmp,C:\Development\Git\Afevis-MGS2-Bugfix-Compilation\Texture Fixes\ps2 textures\OPAQUE\bp_remade\usm_t_shirt.bmp.png
usp_alp_ovl.bmp,C:\Development\Git\Afevis-MGS2-Bugfix-Compilation\Texture Fixes\ps2 textures\HAS ALPHA\bp_remade\no_mip_fixes\ui\usp_alp_ovl.bmp.png
usp_magazine.bmp,C:\Development\Git\Afevis-MGS2-Bugfix-Compilation\Texture Fixes\ps2 textures\OPAQUE\bp_remade\usp_magazine.bmp.png
usp_sb_all.bmp,C:\Development\Git\Afevis-MGS2-Bugfix-Compilation\Texture Fixes\ps2 textures\OPAQUE\bp_remade\usp_sb_all.bmp.png
usp_sb_all.bmp_cdb943d53c81d48a3e26a8100d3c47be,C:\Development\Git\Afevis-MGS2-Bugfix-Compilation\Texture Fixes\ps2 textures\OPAQUE\bp_remade\usp_sb_all.bmp_cdb943d53c81d48a3e26a8100d3c47be.png
usp_sb_all2.bmp,C:\Development\Git\Afevis-MGS2-Bugfix-Compilation\Texture Fixes\ps2 textures\OPAQUE\bp_remade\usp_sb_all2.bmp.png
usp_sp2_alp_ovl.bmp,C:\Development\Git\Afevis-MGS2-Bugfix-Compilation\Texture Fixes\ps2 textures\HAS ALPHA\bp_remade\no_mip_fixes\ui\usp_sp2_alp_ovl.bmp.png
usp_sp_alp_ovl.bmp,C:\Development\Git\Afevis-MGS2-Bugfix-Compilation\Texture Fixes\ps2 textures\HAS ALPHA\bp_remade\no_mip_fixes\ui\usp_sp_alp_ovl.bmp.png
val_amo1.bmp,C:\Development\Git\Afevis-MGS2-Bugfix-Compilation\Texture Fixes\ps2 textures\OPAQUE\bp_remade\val_amo1.bmp.png
val_amo2k.bmp,C:\Development\Git\Afevis-MGS2-Bugfix-Compilation\Texture Fixes\ps2 textures\OPAQUE\same sha1\val_amo2k.bmp.png
val_amo3k.bmp,C:\Development\Git\Afevis-MGS2-Bugfix-Compilation\Texture Fixes\ps2 textures\OPAQUE\same sha1\val_amo3k.bmp.png
val_ra_body3.bmp,C:\Development\Git\Afevis-MGS2-Bugfix-Compilation\Texture Fixes\ps2 textures\OPAQUE\same sha1\val_ra_body3.bmp.png
val_ra_hdl.bmp,C:\Development\Git\Afevis-MGS2-Bugfix-Compilation\Texture Fixes\ps2 textures\OPAQUE\same sha1\val_ra_hdl.bmp.png
val_ra_itk.bmp,C:\Development\Git\Afevis-MGS2-Bugfix-Compilation\Texture Fixes\ps2 textures\OPAQUE\same sha1\val_ra_itk.bmp.png
val_ra_pts9.bmp,C:\Development\Git\Afevis-MGS2-Bugfix-Compilation\Texture Fixes\ps2 textures\OPAQUE\same sha1\val_ra_pts9.bmp.png
val_skin2.bmp,C:\Development\Git\Afevis-MGS2-Bugfix-Compilation\Texture Fixes\ps2 textures\OPAQUE\same sha1\val_skin2.bmp.png
val_skin3.bmp,C:\Development\Git\Afevis-MGS2-Bugfix-Compilation\Texture Fixes\ps2 textures\OPAQUE\same sha1\val_skin3.bmp.png
vamp_col1.bmp,C:\Development\Git\Afevis-MGS2-Bugfix-Compilation\Texture Fixes\ps2 textures\OPAQUE\same sha1\vamp_col1.bmp.png
ved_g70.bmp,C:\Development\Git\Afevis-MGS2-Bugfix-Compilation\Texture Fixes\ps2 textures\OPAQUE\same sha1\ved_g70.bmp.png
ved_g80.bmp,C:\Development\Git\Afevis-MGS2-Bugfix-Compilation\Texture Fixes\ps2 textures\OPAQUE\same sha1\ved_g80.bmp.png
ved_h3.bmp,C:\Development\Git\Afevis-MGS2-Bugfix-Compilation\Texture Fixes\ps2 textures\OPAQUE\same sha1\ved_h3.bmp.png
ved_lanr6.bmp,C:\Development\Git\Afevis-MGS2-Bugfix-Compilation\Texture Fixes\ps2 textures\OPAQUE\same sha1\ved_lanr6.bmp.png
ved_rope_lit.bmp,C:\Development\Git\Afevis-MGS2-Bugfix-Compilation\Texture Fixes\ps2 textures\OPAQUE\bp_remade\ved_rope_lit.bmp.png
vkf_big_mt.bmp,C:\Development\Git\Afevis-MGS2-Bugfix-Compilation\Texture Fixes\ps2 textures\OPAQUE\bp_remade\vkf_big_mt.bmp.png
vkf_big_mt_mod1120_emap_ovl.bmp,C:\Development\Git\Afevis-MGS2-Bugfix-Compilation\Texture Fixes\ps2 textures\OPAQUE\same sha1\vkf_big_mt_mod1120_emap_ovl.bmp.png
vmp_aaa.bmp,C:\Development\Git\Afevis-MGS2-Bugfix-Compilation\Texture Fixes\ps2 textures\OPAQUE\same sha1\vmp_aaa.bmp.png
vmp_eri_omote.bmp,C:\Development\Git\Afevis-MGS2-Bugfix-Compilation\Texture Fixes\ps2 textures\OPAQUE\same sha1\vmp_eri_omote.bmp.png
vmp_eri_ura.bmp,C:\Development\Git\Afevis-MGS2-Bugfix-Compilation\Texture Fixes\ps2 textures\OPAQUE\same sha1\vmp_eri_ura.bmp.png
vmp_h_ovl_mod1120_alp_emap.bmp,C:\Development\Git\Afevis-MGS2-Bugfix-Compilation\Texture Fixes\ps2 textures\OPAQUE\same sha1\vmp_h_ovl_mod1120_alp_emap.bmp.png
vmp_hair_back.bmp,C:\Development\Git\Afevis-MGS2-Bugfix-Compilation\Texture Fixes\ps2 textures\OPAQUE\same sha1\vmp_hair_back.bmp.png
vmp_hi_finger.bmp,C:\Development\Git\Afevis-MGS2-Bugfix-Compilation\Texture Fixes\ps2 textures\OPAQUE\same sha1\vmp_hi_finger.bmp.png
vmp_hri_body03.bmp,C:\Development\Git\Afevis-MGS2-Bugfix-Compilation\Texture Fixes\ps2 textures\OPAQUE\same sha1\vmp_hri_body03.bmp.png
vmp_l_ovl_mod1120_alp_emap.bmp,C:\Development\Git\Afevis-MGS2-Bugfix-Compilation\Texture Fixes\ps2 textures\OPAQUE\same sha1\vmp_l_ovl_mod1120_alp_emap.bmp.png
vmp_na_ovl_mod1120_alp_emap.bmp,C:\Development\Git\Afevis-MGS2-Bugfix-Compilation\Texture Fixes\ps2 textures\OPAQUE\same sha1\vmp_na_ovl_mod1120_alp_emap.bmp.png
vmp_te_ovl_mod1120_alp_emap.bmp,C:\Development\Git\Afevis-MGS2-Bugfix-Compilation\Texture Fixes\ps2 textures\OPAQUE\same sha1\vmp_te_ovl_mod1120_alp_emap.bmp.png
vmp_ton_b.bmp,C:\Development\Git\Afevis-MGS2-Bugfix-Compilation\Texture Fixes\ps2 textures\OPAQUE\same sha1\vmp_ton_b.bmp.png
vmp_ton_u.bmp,C:\Development\Git\Afevis-MGS2-Bugfix-Compilation\Texture Fixes\ps2 textures\OPAQUE\same sha1\vmp_ton_u.bmp.png
vmp_tr_ovl_mod1120_alp_emap.bmp,C:\Development\Git\Afevis-MGS2-Bugfix-Compilation\Texture Fixes\ps2 textures\OPAQUE\same sha1\vmp_tr_ovl_mod1120_alp_emap.bmp.png
vr2_amiyuka_add_alp.bmp,C:\Development\Git\Afevis-MGS2-Bugfix-Compilation\Texture Fixes\ps2 textures\HAS ALPHA\same sha1\vr2_amiyuka_add_alp.bmp.png
vr2_chi01_alp.bmp,C:\Development\Git\Afevis-MGS2-Bugfix-Compilation\Texture Fixes\ps2 textures\HAS ALPHA\same sha1\vr2_chi01_alp.bmp.png
vr2_chi02_alp.bmp,C:\Development\Git\Afevis-MGS2-Bugfix-Compilation\Texture Fixes\ps2 textures\HAS ALPHA\same sha1\vr2_chi02_alp.bmp.png
vr2_chi03_alp.bmp,C:\Development\Git\Afevis-MGS2-Bugfix-Compilation\Texture Fixes\ps2 textures\HAS ALPHA\same sha1\vr2_chi03_alp.bmp.png
vr2_chi04_alp.bmp,C:\Development\Git\Afevis-MGS2-Bugfix-Compilation\Texture Fixes\ps2 textures\HAS ALPHA\same sha1\vr2_chi04_alp.bmp.png
vr2_chi05_alp.bmp,C:\Development\Git\Afevis-MGS2-Bugfix-Compilation\Texture Fixes\ps2 textures\HAS ALPHA\same sha1\vr2_chi05_alp.bmp.png
vr2_dummy.bmp,C:\Development\Git\Afevis-MGS2-Bugfix-Compilation\Texture Fixes\ps2 textures\OPAQUE\same sha1\vr2_dummy.bmp.png
vr2_flr_ptn1.bmp,C:\Development\Git\Afevis-MGS2-Bugfix-Compilation\Texture Fixes\ps2 textures\OPAQUE\same sha1\vr2_flr_ptn1.bmp.png
vr2_frg_numbers_add_alp_ovl.bmp,C:\Development\Git\Afevis-MGS2-Bugfix-Compilation\Texture Fixes\ps2 textures\HAS ALPHA\same sha1\vr2_frg_numbers_add_alp_ovl.bmp.png
vr2_goal_post_add_alp.bmp,C:\Development\Git\Afevis-MGS2-Bugfix-Compilation\Texture Fixes\ps2 textures\HAS ALPHA\same sha1\vr2_goal_post_add_alp.bmp.png
vr2_goalpost_add_alp.bmp,C:\Development\Git\Afevis-MGS2-Bugfix-Compilation\Texture Fixes\ps2 textures\HAS ALPHA\same sha1\vr2_goalpost_add_alp.bmp.png
vr2_hard_obj.bmp,C:\Development\Git\Afevis-MGS2-Bugfix-Compilation\Texture Fixes\ps2 textures\OPAQUE\same sha1\vr2_hard_obj.bmp.png
vr2_ketchap00_alp.bmp,C:\Development\Git\Afevis-MGS2-Bugfix-Compilation\Texture Fixes\ps2 textures\HAS ALPHA\same sha1\vr2_ketchap00_alp.bmp.png
vr2_locker_top.bmp,C:\Development\Git\Afevis-MGS2-Bugfix-Compilation\Texture Fixes\ps2 textures\OPAQUE\same sha1\vr2_locker_top.bmp.png
vr2_nariyuka2.bmp,C:\Development\Git\Afevis-MGS2-Bugfix-Compilation\Texture Fixes\ps2 textures\OPAQUE\same sha1\vr2_nariyuka2.bmp.png
vr2_noise_a0_alp.bmp,C:\Development\Git\Afevis-MGS2-Bugfix-Compilation\Texture Fixes\ps2 textures\HAS ALPHA\same sha1\vr2_noise_a0_alp.bmp.png
vr2_noise_a1_alp.bmp,C:\Development\Git\Afevis-MGS2-Bugfix-Compilation\Texture Fixes\ps2 textures\HAS ALPHA\same sha1\vr2_noise_a1_alp.bmp.png
vr2_noise_a2_alp.bmp,C:\Development\Git\Afevis-MGS2-Bugfix-Compilation\Texture Fixes\ps2 textures\HAS ALPHA\same sha1\vr2_noise_a2_alp.bmp.png
vr2_noise_b0_alp.bmp,C:\Development\Git\Afevis-MGS2-Bugfix-Compilation\Texture Fixes\ps2 textures\HAS ALPHA\same sha1\vr2_noise_b0_alp.bmp.png
vr2_noise_b1_alp.bmp,C:\Development\Git\Afevis-MGS2-Bugfix-Compilation\Texture Fixes\ps2 textures\HAS ALPHA\same sha1\vr2_noise_b1_alp.bmp.png
vr2_noise_b2_alp.bmp,C:\Development\Git\Afevis-MGS2-Bugfix-Compilation\Texture Fixes\ps2 textures\HAS ALPHA\same sha1\vr2_noise_b2_alp.bmp.png
vr2_noise_c0_alp.bmp,C:\Development\Git\Afevis-MGS2-Bugfix-Compilation\Texture Fixes\ps2 textures\HAS ALPHA\same sha1\vr2_noise_c0_alp.bmp.png
vr2_noise_c1_alp.bmp,C:\Development\Git\Afevis-MGS2-Bugfix-Compilation\Texture Fixes\ps2 textures\HAS ALPHA\same sha1\vr2_noise_c1_alp.bmp.png
vr2_noise_c2_alp.bmp,C:\Development\Git\Afevis-MGS2-Bugfix-Compilation\Texture Fixes\ps2 textures\HAS ALPHA\same sha1\vr2_noise_c2_alp.bmp.png
vr2_tgt_caution_alp_ovl.bmp,C:\Development\Git\Afevis-MGS2-Bugfix-Compilation\Texture Fixes\ps2 textures\HAS ALPHA\same sha1\vr2_tgt_caution_alp_ovl.bmp.png
vr2_tgt_torus_mark2_alp_ovl.bmp,C:\Development\Git\Afevis-MGS2-Bugfix-Compilation\Texture Fixes\ps2 textures\HAS ALPHA\same sha1\vr2_tgt_torus_mark2_alp_ovl.bmp.png
vr2_toon01_mark09_alp_ovl.bmp,C:\Development\Git\Afevis-MGS2-Bugfix-Compilation\Texture Fixes\ps2 textures\HAS ALPHA\same sha1\vr2_toon01_mark09_alp_ovl.bmp.png
vr2_toon01_mark11_alp_ovl.bmp,C:\Development\Git\Afevis-MGS2-Bugfix-Compilation\Texture Fixes\ps2 textures\HAS ALPHA\same sha1\vr2_toon01_mark11_alp_ovl.bmp.png
vr2_toon01_mark13_alp_ovl.bmp,C:\Development\Git\Afevis-MGS2-Bugfix-Compilation\Texture Fixes\ps2 textures\HAS ALPHA\same sha1\vr2_toon01_mark13_alp_ovl.bmp.png
vr2_toon01_mark14_alp_ovl.bmp,C:\Development\Git\Afevis-MGS2-Bugfix-Compilation\Texture Fixes\ps2 textures\HAS ALPHA\same sha1\vr2_toon01_mark14_alp_ovl.bmp.png
vr2_toon01_mark17_alp_ovl.bmp,C:\Development\Git\Afevis-MGS2-Bugfix-Compilation\Texture Fixes\ps2 textures\HAS ALPHA\same sha1\vr2_toon01_mark17_alp_ovl.bmp.png
vr2_toon02_smap.bmp,C:\Development\Git\Afevis-MGS2-Bugfix-Compilation\Texture Fixes\ps2 textures\OPAQUE\same sha1\vr2_toon02_smap.bmp.png
vr2_toon03_smap.bmp,C:\Development\Git\Afevis-MGS2-Bugfix-Compilation\Texture Fixes\ps2 textures\OPAQUE\same sha1\vr2_toon03_smap.bmp.png
vr2_toon_gpa03_smap.bmp,C:\Development\Git\Afevis-MGS2-Bugfix-Compilation\Texture Fixes\ps2 textures\OPAQUE\same sha1\vr2_toon_gpa03_smap.bmp.png
vr2_wall.bmp,C:\Development\Git\Afevis-MGS2-Bugfix-Compilation\Texture Fixes\ps2 textures\OPAQUE\same sha1\vr2_wall.bmp.png
vr2_wall_dmm.bmp,C:\Development\Git\Afevis-MGS2-Bugfix-Compilation\Texture Fixes\ps2 textures\OPAQUE\same sha1\vr2_wall_dmm.bmp.png
vr2_wall_rev.bmp,C:\Development\Git\Afevis-MGS2-Bugfix-Compilation\Texture Fixes\ps2 textures\OPAQUE\same sha1\vr2_wall_rev.bmp.png
vr2_wall_textless.bmp,C:\Development\Git\Afevis-MGS2-Bugfix-Compilation\Texture Fixes\ps2 textures\OPAQUE\same sha1\vr2_wall_textless.bmp.png
vr2_wet_flr.bmp,C:\Development\Git\Afevis-MGS2-Bugfix-Compilation\Texture Fixes\ps2 textures\OPAQUE\same sha1\vr2_wet_flr.bmp.png
vr2_wetpanel_alp.bmp,C:\Development\Git\Afevis-MGS2-Bugfix-Compilation\Texture Fixes\ps2 textures\HAS ALPHA\same sha1\vr2_wetpanel_alp.bmp.png
vr_roof_00.bmp,C:\Development\Git\Afevis-MGS2-Bugfix-Compilation\Texture Fixes\ps2 textures\OPAQUE\same sha1\vr_roof_00.bmp.png
vr_wall_00.bmp,C:\Development\Git\Afevis-MGS2-Bugfix-Compilation\Texture Fixes\ps2 textures\OPAQUE\same sha1\vr_wall_00.bmp.png
vr_wall_00_test.bmp,C:\Development\Git\Afevis-MGS2-Bugfix-Compilation\Texture Fixes\ps2 textures\OPAQUE\same sha1\vr_wall_00_test.bmp.png
vr_wall_01.bmp,C:\Development\Git\Afevis-MGS2-Bugfix-Compilation\Texture Fixes\ps2 textures\OPAQUE\same sha1\vr_wall_01.bmp.png
vr_wall_02.bmp,C:\Development\Git\Afevis-MGS2-Bugfix-Compilation\Texture Fixes\ps2 textures\OPAQUE\same sha1\vr_wall_02.bmp.png
vr_wall_03.bmp,C:\Development\Git\Afevis-MGS2-Bugfix-Compilation\Texture Fixes\ps2 textures\OPAQUE\same sha1\vr_wall_03.bmp.png
vr_wall_07.bmp,C:\Development\Git\Afevis-MGS2-Bugfix-Compilation\Texture Fixes\ps2 textures\OPAQUE\same sha1\vr_wall_07.bmp.png
vr_wall_irr03.bmp,C:\Development\Git\Afevis-MGS2-Bugfix-Compilation\Texture Fixes\ps2 textures\OPAQUE\same sha1\vr_wall_irr03.bmp.png
vr_wall_irrgl_50.bmp,C:\Development\Git\Afevis-MGS2-Bugfix-Compilation\Texture Fixes\ps2 textures\OPAQUE\same sha1\vr_wall_irrgl_50.bmp.png
vr_wall_ws01a_03.bmp,C:\Development\Git\Afevis-MGS2-Bugfix-Compilation\Texture Fixes\ps2 textures\OPAQUE\same sha1\vr_wall_ws01a_03.bmp.png
vr_wall_ws01a_04.bmp,C:\Development\Git\Afevis-MGS2-Bugfix-Compilation\Texture Fixes\ps2 textures\OPAQUE\same sha1\vr_wall_ws01a_04.bmp.png
vs01a_sdw05a_alp_ovl.bmp,C:\Development\Git\Afevis-MGS2-Bugfix-Compilation\Texture Fixes\ps2 textures\HAS ALPHA\same sha1\vs01a_sdw05a_alp_ovl.bmp.png
vs03a_sdw01a_alp_ovl.bmp,C:\Development\Git\Afevis-MGS2-Bugfix-Compilation\Texture Fixes\ps2 textures\HAS ALPHA\same sha1\vs03a_sdw01a_alp_ovl.bmp.png
vs03a_sdw05_alp_ovl.bmp,C:\Development\Git\Afevis-MGS2-Bugfix-Compilation\Texture Fixes\ps2 textures\HAS ALPHA\same sha1\vs03a_sdw05_alp_ovl.bmp.png
vs03a_sdw05a_alp_ovl.bmp,C:\Development\Git\Afevis-MGS2-Bugfix-Compilation\Texture Fixes\ps2 textures\HAS ALPHA\same sha1\vs03a_sdw05a_alp_ovl.bmp.png
vs03a_sdw05b_alp_ovl.bmp,C:\Development\Git\Afevis-MGS2-Bugfix-Compilation\Texture Fixes\ps2 textures\HAS ALPHA\same sha1\vs03a_sdw05b_alp_ovl.bmp.png
vs04a_sdw01_alp_ovl.bmp,C:\Development\Git\Afevis-MGS2-Bugfix-Compilation\Texture Fixes\ps2 textures\HAS ALPHA\same sha1\vs04a_sdw01_alp_ovl.bmp.png
vs04a_sdw03_alp_ovl.bmp,C:\Development\Git\Afevis-MGS2-Bugfix-Compilation\Texture Fixes\ps2 textures\HAS ALPHA\same sha1\vs04a_sdw03_alp_ovl.bmp.png
vs04a_sdw05_alp_ovl.bmp_3f1603f4c53b27d35bd771aa02e3be6a,C:\Development\Git\Afevis-MGS2-Bugfix-Compilation\Texture Fixes\ps2 textures\HAS ALPHA\same sha1\vs04a_sdw05_alp_ovl.bmp_3f1603f4c53b27d35bd771aa02e3be6a.png
vs04a_sdw06_alp_ovl.bmp,C:\Development\Git\Afevis-MGS2-Bugfix-Compilation\Texture Fixes\ps2 textures\HAS ALPHA\same sha1\vs04a_sdw06_alp_ovl.bmp.png
vs05a_rail00.bmp,C:\Development\Git\Afevis-MGS2-Bugfix-Compilation\Texture Fixes\ps2 textures\OPAQUE\same sha1\vs05a_rail00.bmp.png
vs05a_rail00a.bmp,C:\Development\Git\Afevis-MGS2-Bugfix-Compilation\Texture Fixes\ps2 textures\OPAQUE\same sha1\vs05a_rail00a.bmp.png
vs05a_sdw02b_alp_ovl.bmp,C:\Development\Git\Afevis-MGS2-Bugfix-Compilation\Texture Fixes\ps2 textures\HAS ALPHA\same sha1\vs05a_sdw02b_alp_ovl.bmp.png
vs05a_sdw02d_alp_ovl.bmp,C:\Development\Git\Afevis-MGS2-Bugfix-Compilation\Texture Fixes\ps2 textures\HAS ALPHA\same sha1\vs05a_sdw02d_alp_ovl.bmp.png
vs05a_sdw03a_alp_ovl.bmp,C:\Development\Git\Afevis-MGS2-Bugfix-Compilation\Texture Fixes\ps2 textures\HAS ALPHA\same sha1\vs05a_sdw03a_alp_ovl.bmp.png
vs05a_sdw03b_alp_ovl.bmp,C:\Development\Git\Afevis-MGS2-Bugfix-Compilation\Texture Fixes\ps2 textures\HAS ALPHA\same sha1\vs05a_sdw03b_alp_ovl.bmp.png
vs05a_sdw03c_alp_ovl.bmp,C:\Development\Git\Afevis-MGS2-Bugfix-Compilation\Texture Fixes\ps2 textures\HAS ALPHA\same sha1\vs05a_sdw03c_alp_ovl.bmp.png
vs05a_sdw03d_alp_ovl.bmp,C:\Development\Git\Afevis-MGS2-Bugfix-Compilation\Texture Fixes\ps2 textures\HAS ALPHA\same sha1\vs05a_sdw03d_alp_ovl.bmp.png
vs05a_sdw03e_alp_ovl.bmp,C:\Development\Git\Afevis-MGS2-Bugfix-Compilation\Texture Fixes\ps2 textures\HAS ALPHA\same sha1\vs05a_sdw03e_alp_ovl.bmp.png
vs05a_sdw03f_alp_ovl.bmp,C:\Development\Git\Afevis-MGS2-Bugfix-Compilation\Texture Fixes\ps2 textures\HAS ALPHA\same sha1\vs05a_sdw03f_alp_ovl.bmp.png
vs05a_sdw03g_alp_ovl.bmp,C:\Development\Git\Afevis-MGS2-Bugfix-Compilation\Texture Fixes\ps2 textures\HAS ALPHA\same sha1\vs05a_sdw03g_alp_ovl.bmp.png
vs05a_sdw03h_alp_ovl.bmp,C:\Development\Git\Afevis-MGS2-Bugfix-Compilation\Texture Fixes\ps2 textures\HAS ALPHA\same sha1\vs05a_sdw03h_alp_ovl.bmp.png
vs05a_sdw03i_alp_ovl.bmp,C:\Development\Git\Afevis-MGS2-Bugfix-Compilation\Texture Fixes\ps2 textures\HAS ALPHA\same sha1\vs05a_sdw03i_alp_ovl.bmp.png
vs05a_sdw03j_alp_ovl.bmp,C:\Development\Git\Afevis-MGS2-Bugfix-Compilation\Texture Fixes\ps2 textures\HAS ALPHA\same sha1\vs05a_sdw03j_alp_ovl.bmp.png
vs05a_sdw03k_alp_ovl.bmp,C:\Development\Git\Afevis-MGS2-Bugfix-Compilation\Texture Fixes\ps2 textures\HAS ALPHA\same sha1\vs05a_sdw03k_alp_ovl.bmp.png
vs05a_sdw03l_alp_ovl.bmp,C:\Development\Git\Afevis-MGS2-Bugfix-Compilation\Texture Fixes\ps2 textures\HAS ALPHA\same sha1\vs05a_sdw03l_alp_ovl.bmp.png
vs05a_sdw03m_alp_ovl.bmp,C:\Development\Git\Afevis-MGS2-Bugfix-Compilation\Texture Fixes\ps2 textures\HAS ALPHA\same sha1\vs05a_sdw03m_alp_ovl.bmp.png
vs05a_sdw03n_alp_ovl.bmp,C:\Development\Git\Afevis-MGS2-Bugfix-Compilation\Texture Fixes\ps2 textures\HAS ALPHA\same sha1\vs05a_sdw03n_alp_ovl.bmp.png
vs05a_sdw03o_alp_ovl.bmp,C:\Development\Git\Afevis-MGS2-Bugfix-Compilation\Texture Fixes\ps2 textures\HAS ALPHA\same sha1\vs05a_sdw03o_alp_ovl.bmp.png
vs05a_sdw03p_alp_ovl.bmp,C:\Development\Git\Afevis-MGS2-Bugfix-Compilation\Texture Fixes\ps2 textures\HAS ALPHA\same sha1\vs05a_sdw03p_alp_ovl.bmp.png
vs05a_sdw03q_alp_ovl.bmp,C:\Development\Git\Afevis-MGS2-Bugfix-Compilation\Texture Fixes\ps2 textures\HAS ALPHA\same sha1\vs05a_sdw03q_alp_ovl.bmp.png
vs05a_sdw03r_alp_ovl.bmp,C:\Development\Git\Afevis-MGS2-Bugfix-Compilation\Texture Fixes\ps2 textures\HAS ALPHA\same sha1\vs05a_sdw03r_alp_ovl.bmp.png
vs05a_sdw03s_alp_ovl.bmp,C:\Development\Git\Afevis-MGS2-Bugfix-Compilation\Texture Fixes\ps2 textures\HAS ALPHA\same sha1\vs05a_sdw03s_alp_ovl.bmp.png
vs05a_sdw03t_alp_ovl.bmp,C:\Development\Git\Afevis-MGS2-Bugfix-Compilation\Texture Fixes\ps2 textures\HAS ALPHA\same sha1\vs05a_sdw03t_alp_ovl.bmp.png
vs05a_sdw03u_alp_ovl.bmp,C:\Development\Git\Afevis-MGS2-Bugfix-Compilation\Texture Fixes\ps2 textures\HAS ALPHA\same sha1\vs05a_sdw03u_alp_ovl.bmp.png
vs05a_sdw03v_alp_ovl.bmp,C:\Development\Git\Afevis-MGS2-Bugfix-Compilation\Texture Fixes\ps2 textures\HAS ALPHA\same sha1\vs05a_sdw03v_alp_ovl.bmp.png
vs05a_sdw05e_alp_ovl.bmp,C:\Development\Git\Afevis-MGS2-Bugfix-Compilation\Texture Fixes\ps2 textures\HAS ALPHA\same sha1\vs05a_sdw05e_alp_ovl.bmp.png
vs07a_sdw04_alp_ovl.bmp,C:\Development\Git\Afevis-MGS2-Bugfix-Compilation\Texture Fixes\ps2 textures\HAS ALPHA\same sha1\vs07a_sdw04_alp_ovl.bmp.png
vs08a_sdw00a_alp_ovl.bmp,C:\Development\Git\Afevis-MGS2-Bugfix-Compilation\Texture Fixes\ps2 textures\HAS ALPHA\same sha1\vs08a_sdw00a_alp_ovl.bmp.png
vs08a_sdw00b_alp_ovl.bmp,C:\Development\Git\Afevis-MGS2-Bugfix-Compilation\Texture Fixes\ps2 textures\HAS ALPHA\same sha1\vs08a_sdw00b_alp_ovl.bmp.png
vs08a_sdw00c_alp_ovl.bmp,C:\Development\Git\Afevis-MGS2-Bugfix-Compilation\Texture Fixes\ps2 textures\HAS ALPHA\same sha1\vs08a_sdw00c_alp_ovl.bmp.png
vs08a_sdw00d_alp_ovl.bmp,C:\Development\Git\Afevis-MGS2-Bugfix-Compilation\Texture Fixes\ps2 textures\HAS ALPHA\same sha1\vs08a_sdw00d_alp_ovl.bmp.png
vs08a_sdw00e_alp_ovl.bmp,C:\Development\Git\Afevis-MGS2-Bugfix-Compilation\Texture Fixes\ps2 textures\HAS ALPHA\same sha1\vs08a_sdw00e_alp_ovl.bmp.png
vs08a_sdw00f_alp_ovl.bmp,C:\Development\Git\Afevis-MGS2-Bugfix-Compilation\Texture Fixes\ps2 textures\HAS ALPHA\same sha1\vs08a_sdw00f_alp_ovl.bmp.png
vs08a_sdw00g_alp_ovl.bmp,C:\Development\Git\Afevis-MGS2-Bugfix-Compilation\Texture Fixes\ps2 textures\HAS ALPHA\same sha1\vs08a_sdw00g_alp_ovl.bmp.png
vs08a_sdw01o_alp_ovl.bmp,C:\Development\Git\Afevis-MGS2-Bugfix-Compilation\Texture Fixes\ps2 textures\HAS ALPHA\same sha1\vs08a_sdw01o_alp_ovl.bmp.png
vs08a_sdw01p_alp_ovl.bmp,C:\Development\Git\Afevis-MGS2-Bugfix-Compilation\Texture Fixes\ps2 textures\HAS ALPHA\same sha1\vs08a_sdw01p_alp_ovl.bmp.png
vs08a_sdw02_alp_ovl.bmp,C:\Development\Git\Afevis-MGS2-Bugfix-Compilation\Texture Fixes\ps2 textures\HAS ALPHA\same sha1\vs08a_sdw02_alp_ovl.bmp.png
vs08a_sdw03a_alp_ovl.bmp,C:\Development\Git\Afevis-MGS2-Bugfix-Compilation\Texture Fixes\ps2 textures\HAS ALPHA\same sha1\vs08a_sdw03a_alp_ovl.bmp.png
vs08a_sdw03b_alp_ovl.bmp,C:\Development\Git\Afevis-MGS2-Bugfix-Compilation\Texture Fixes\ps2 textures\HAS ALPHA\same sha1\vs08a_sdw03b_alp_ovl.bmp.png
vs08a_sdw03c_alp_ovl.bmp,C:\Development\Git\Afevis-MGS2-Bugfix-Compilation\Texture Fixes\ps2 textures\HAS ALPHA\same sha1\vs08a_sdw03c_alp_ovl.bmp.png
vs08a_sdw03d_alp_ovl.bmp,C:\Development\Git\Afevis-MGS2-Bugfix-Compilation\Texture Fixes\ps2 textures\HAS ALPHA\same sha1\vs08a_sdw03d_alp_ovl.bmp.png
vs08a_sdw03e_alp_ovl.bmp,C:\Development\Git\Afevis-MGS2-Bugfix-Compilation\Texture Fixes\ps2 textures\HAS ALPHA\same sha1\vs08a_sdw03e_alp_ovl.bmp.png
vs08a_sdw03f_alp_ovl.bmp,C:\Development\Git\Afevis-MGS2-Bugfix-Compilation\Texture Fixes\ps2 textures\HAS ALPHA\same sha1\vs08a_sdw03f_alp_ovl.bmp.png
vs08a_sdw03g_alp_ovl.bmp,C:\Development\Git\Afevis-MGS2-Bugfix-Compilation\Texture Fixes\ps2 textures\HAS ALPHA\same sha1\vs08a_sdw03g_alp_ovl.bmp.png
vs08a_sdw03h_alp_ovl.bmp,C:\Development\Git\Afevis-MGS2-Bugfix-Compilation\Texture Fixes\ps2 textures\HAS ALPHA\same sha1\vs08a_sdw03h_alp_ovl.bmp.png
vs08a_sdw03i_alp_ovl.bmp,C:\Development\Git\Afevis-MGS2-Bugfix-Compilation\Texture Fixes\ps2 textures\HAS ALPHA\same sha1\vs08a_sdw03i_alp_ovl.bmp.png
vs08a_sdw03j_alp_ovl.bmp,C:\Development\Git\Afevis-MGS2-Bugfix-Compilation\Texture Fixes\ps2 textures\HAS ALPHA\same sha1\vs08a_sdw03j_alp_ovl.bmp.png
vs08a_sdw03k_alp_ovl.bmp,C:\Development\Git\Afevis-MGS2-Bugfix-Compilation\Texture Fixes\ps2 textures\HAS ALPHA\same sha1\vs08a_sdw03k_alp_ovl.bmp.png
vs08a_sdw04c_alp_ovl.bmp,C:\Development\Git\Afevis-MGS2-Bugfix-Compilation\Texture Fixes\ps2 textures\HAS ALPHA\same sha1\vs08a_sdw04c_alp_ovl.bmp.png
vs08a_sdw04d_alp_ovl.bmp,C:\Development\Git\Afevis-MGS2-Bugfix-Compilation\Texture Fixes\ps2 textures\HAS ALPHA\same sha1\vs08a_sdw04d_alp_ovl.bmp.png
vs08a_sdw05c_alp_ovl.bmp,C:\Development\Git\Afevis-MGS2-Bugfix-Compilation\Texture Fixes\ps2 textures\HAS ALPHA\same sha1\vs08a_sdw05c_alp_ovl.bmp.png
vs08a_sdw05d_alp_ovl.bmp,C:\Development\Git\Afevis-MGS2-Bugfix-Compilation\Texture Fixes\ps2 textures\HAS ALPHA\same sha1\vs08a_sdw05d_alp_ovl.bmp.png
vs08a_sdw05e_alp_ovl.bmp,C:\Development\Git\Afevis-MGS2-Bugfix-Compilation\Texture Fixes\ps2 textures\HAS ALPHA\same sha1\vs08a_sdw05e_alp_ovl.bmp.png
vs08a_sdw05f_alp_ovl.bmp,C:\Development\Git\Afevis-MGS2-Bugfix-Compilation\Texture Fixes\ps2 textures\HAS ALPHA\same sha1\vs08a_sdw05f_alp_ovl.bmp.png
vs08a_sdw05g_alp_ovl.bmp,C:\Development\Git\Afevis-MGS2-Bugfix-Compilation\Texture Fixes\ps2 textures\HAS ALPHA\same sha1\vs08a_sdw05g_alp_ovl.bmp.png
vs08a_sdw05h_alp_ovl.bmp,C:\Development\Git\Afevis-MGS2-Bugfix-Compilation\Texture Fixes\ps2 textures\HAS ALPHA\same sha1\vs08a_sdw05h_alp_ovl.bmp.png
vs08a_sdw05i_alp_ovl.bmp,C:\Development\Git\Afevis-MGS2-Bugfix-Compilation\Texture Fixes\ps2 textures\HAS ALPHA\same sha1\vs08a_sdw05i_alp_ovl.bmp.png
vs08a_sdw06c_alp_ovl.bmp,C:\Development\Git\Afevis-MGS2-Bugfix-Compilation\Texture Fixes\ps2 textures\HAS ALPHA\same sha1\vs08a_sdw06c_alp_ovl.bmp.png
vs08a_sdw06d_alp_ovl.bmp,C:\Development\Git\Afevis-MGS2-Bugfix-Compilation\Texture Fixes\ps2 textures\HAS ALPHA\same sha1\vs08a_sdw06d_alp_ovl.bmp.png
vs08a_sdw06e_alp_ovl.bmp,C:\Development\Git\Afevis-MGS2-Bugfix-Compilation\Texture Fixes\ps2 textures\HAS ALPHA\same sha1\vs08a_sdw06e_alp_ovl.bmp.png
vs09a_sdw02_alp_ovl.bmp,C:\Development\Git\Afevis-MGS2-Bugfix-Compilation\Texture Fixes\ps2 textures\HAS ALPHA\same sha1\vs09a_sdw02_alp_ovl.bmp.png
vs09a_sdw05_alp_ovl.bmp,C:\Development\Git\Afevis-MGS2-Bugfix-Compilation\Texture Fixes\ps2 textures\HAS ALPHA\same sha1\vs09a_sdw05_alp_ovl.bmp.png
vs09a_sdw08_alp_ovl.bmp,C:\Development\Git\Afevis-MGS2-Bugfix-Compilation\Texture Fixes\ps2 textures\HAS ALPHA\same sha1\vs09a_sdw08_alp_ovl.bmp.png
vs09a_sdw09_alp_ovl.bmp,C:\Development\Git\Afevis-MGS2-Bugfix-Compilation\Texture Fixes\ps2 textures\HAS ALPHA\same sha1\vs09a_sdw09_alp_ovl.bmp.png
vs09a_sdw10_alp_ovl.bmp,C:\Development\Git\Afevis-MGS2-Bugfix-Compilation\Texture Fixes\ps2 textures\HAS ALPHA\same sha1\vs09a_sdw10_alp_ovl.bmp.png
vs09a_sdw13_alp_ovl.bmp,C:\Development\Git\Afevis-MGS2-Bugfix-Compilation\Texture Fixes\ps2 textures\HAS ALPHA\same sha1\vs09a_sdw13_alp_ovl.bmp.png
vs09a_sdw14_alp_ovl.bmp,C:\Development\Git\Afevis-MGS2-Bugfix-Compilation\Texture Fixes\ps2 textures\HAS ALPHA\same sha1\vs09a_sdw14_alp_ovl.bmp.png
vs10a_rail00.bmp,C:\Development\Git\Afevis-MGS2-Bugfix-Compilation\Texture Fixes\ps2 textures\OPAQUE\same sha1\vs10a_rail00.bmp.png
vs10a_sdw00b0_alp_ovl.bmp,C:\Development\Git\Afevis-MGS2-Bugfix-Compilation\Texture Fixes\ps2 textures\HAS ALPHA\same sha1\vs10a_sdw00b0_alp_ovl.bmp.png
vs10a_sdw00b1_alp_ovl.bmp,C:\Development\Git\Afevis-MGS2-Bugfix-Compilation\Texture Fixes\ps2 textures\HAS ALPHA\same sha1\vs10a_sdw00b1_alp_ovl.bmp.png
vs10a_sdw00b2_alp_ovl.bmp,C:\Development\Git\Afevis-MGS2-Bugfix-Compilation\Texture Fixes\ps2 textures\HAS ALPHA\same sha1\vs10a_sdw00b2_alp_ovl.bmp.png
vs10a_sdw00b3_alp_ovl.bmp,C:\Development\Git\Afevis-MGS2-Bugfix-Compilation\Texture Fixes\ps2 textures\HAS ALPHA\same sha1\vs10a_sdw00b3_alp_ovl.bmp.png
vs10a_sdw00b4_alp_ovl.bmp,C:\Development\Git\Afevis-MGS2-Bugfix-Compilation\Texture Fixes\ps2 textures\HAS ALPHA\same sha1\vs10a_sdw00b4_alp_ovl.bmp.png
vs10a_sdw00c0_alp_ovl.bmp,C:\Development\Git\Afevis-MGS2-Bugfix-Compilation\Texture Fixes\ps2 textures\HAS ALPHA\same sha1\vs10a_sdw00c0_alp_ovl.bmp.png
vs10a_sdw00c1_alp_ovl.bmp,C:\Development\Git\Afevis-MGS2-Bugfix-Compilation\Texture Fixes\ps2 textures\HAS ALPHA\same sha1\vs10a_sdw00c1_alp_ovl.bmp.png
vs10a_sdw01_alp_ovl.bmp,C:\Development\Git\Afevis-MGS2-Bugfix-Compilation\Texture Fixes\ps2 textures\HAS ALPHA\same sha1\vs10a_sdw01_alp_ovl.bmp.png
vs10a_sdw01c0_alp_ovl.bmp,C:\Development\Git\Afevis-MGS2-Bugfix-Compilation\Texture Fixes\ps2 textures\HAS ALPHA\same sha1\vs10a_sdw01c0_alp_ovl.bmp.png
vs10a_sdw01c1_alp_ovl.bmp,C:\Development\Git\Afevis-MGS2-Bugfix-Compilation\Texture Fixes\ps2 textures\HAS ALPHA\same sha1\vs10a_sdw01c1_alp_ovl.bmp.png
vs10a_sdw01c2_alp_ovl.bmp,C:\Development\Git\Afevis-MGS2-Bugfix-Compilation\Texture Fixes\ps2 textures\HAS ALPHA\same sha1\vs10a_sdw01c2_alp_ovl.bmp.png
vs10a_sdw03c0_alp_ovl.bmp,C:\Development\Git\Afevis-MGS2-Bugfix-Compilation\Texture Fixes\ps2 textures\HAS ALPHA\same sha1\vs10a_sdw03c0_alp_ovl.bmp.png
vs10a_sdw03c1_alp_ovl.bmp,C:\Development\Git\Afevis-MGS2-Bugfix-Compilation\Texture Fixes\ps2 textures\HAS ALPHA\same sha1\vs10a_sdw03c1_alp_ovl.bmp.png
vs10a_sdw03c2_alp_ovl.bmp,C:\Development\Git\Afevis-MGS2-Bugfix-Compilation\Texture Fixes\ps2 textures\HAS ALPHA\same sha1\vs10a_sdw03c2_alp_ovl.bmp.png
vs10a_sdw03c3_alp_ovl.bmp,C:\Development\Git\Afevis-MGS2-Bugfix-Compilation\Texture Fixes\ps2 textures\HAS ALPHA\same sha1\vs10a_sdw03c3_alp_ovl.bmp.png
vs10a_sdw03c4_alp_ovl.bmp,C:\Development\Git\Afevis-MGS2-Bugfix-Compilation\Texture Fixes\ps2 textures\HAS ALPHA\same sha1\vs10a_sdw03c4_alp_ovl.bmp.png
vs10a_sdw03c5_alp_ovl.bmp,C:\Development\Git\Afevis-MGS2-Bugfix-Compilation\Texture Fixes\ps2 textures\HAS ALPHA\same sha1\vs10a_sdw03c5_alp_ovl.bmp.png
vs10a_sdw03c6_alp_ovl.bmp,C:\Development\Git\Afevis-MGS2-Bugfix-Compilation\Texture Fixes\ps2 textures\HAS ALPHA\same sha1\vs10a_sdw03c6_alp_ovl.bmp.png
vs10a_sdw03c7_alp_ovl.bmp,C:\Development\Git\Afevis-MGS2-Bugfix-Compilation\Texture Fixes\ps2 textures\HAS ALPHA\same sha1\vs10a_sdw03c7_alp_ovl.bmp.png
vs10a_sdw03c8_alp_ovl.bmp,C:\Development\Git\Afevis-MGS2-Bugfix-Compilation\Texture Fixes\ps2 textures\HAS ALPHA\same sha1\vs10a_sdw03c8_alp_ovl.bmp.png
vs10a_sdw03c9_alp_ovl.bmp,C:\Development\Git\Afevis-MGS2-Bugfix-Compilation\Texture Fixes\ps2 textures\HAS ALPHA\same sha1\vs10a_sdw03c9_alp_ovl.bmp.png
vs10a_sdw03c_alp_ovl.bmp,C:\Development\Git\Afevis-MGS2-Bugfix-Compilation\Texture Fixes\ps2 textures\HAS ALPHA\same sha1\vs10a_sdw03c_alp_ovl.bmp.png
vs10a_sdw03d0_alp_ovl.bmp,C:\Development\Git\Afevis-MGS2-Bugfix-Compilation\Texture Fixes\ps2 textures\HAS ALPHA\same sha1\vs10a_sdw03d0_alp_ovl.bmp.png
vs10a_sdw03d1_alp_ovl.bmp,C:\Development\Git\Afevis-MGS2-Bugfix-Compilation\Texture Fixes\ps2 textures\HAS ALPHA\same sha1\vs10a_sdw03d1_alp_ovl.bmp.png
vs10a_sdw03d2_alp_ovl.bmp,C:\Development\Git\Afevis-MGS2-Bugfix-Compilation\Texture Fixes\ps2 textures\HAS ALPHA\same sha1\vs10a_sdw03d2_alp_ovl.bmp.png
vs10a_sdw03d4_alp_ovl.bmp,C:\Development\Git\Afevis-MGS2-Bugfix-Compilation\Texture Fixes\ps2 textures\HAS ALPHA\same sha1\vs10a_sdw03d4_alp_ovl.bmp.png
vs10a_sdw03d5_alp_ovl.bmp,C:\Development\Git\Afevis-MGS2-Bugfix-Compilation\Texture Fixes\ps2 textures\HAS ALPHA\same sha1\vs10a_sdw03d5_alp_ovl.bmp.png
vs10a_sdw03d6_alp_ovl.bmp,C:\Development\Git\Afevis-MGS2-Bugfix-Compilation\Texture Fixes\ps2 textures\HAS ALPHA\same sha1\vs10a_sdw03d6_alp_ovl.bmp.png
vs10a_sdw03d7_alp_ovl.bmp,C:\Development\Git\Afevis-MGS2-Bugfix-Compilation\Texture Fixes\ps2 textures\HAS ALPHA\same sha1\vs10a_sdw03d7_alp_ovl.bmp.png
vs10a_sdw03d8_alp_ovl.bmp,C:\Development\Git\Afevis-MGS2-Bugfix-Compilation\Texture Fixes\ps2 textures\HAS ALPHA\same sha1\vs10a_sdw03d8_alp_ovl.bmp.png
vs10a_sdw04a0_alp_ovl.bmp,C:\Development\Git\Afevis-MGS2-Bugfix-Compilation\Texture Fixes\ps2 textures\HAS ALPHA\same sha1\vs10a_sdw04a0_alp_ovl.bmp.png
vs10a_sdw04a5_alp_ovl.bmp,C:\Development\Git\Afevis-MGS2-Bugfix-Compilation\Texture Fixes\ps2 textures\HAS ALPHA\same sha1\vs10a_sdw04a5_alp_ovl.bmp.png
vs10a_sdw04a6_alp_ovl.bmp,C:\Development\Git\Afevis-MGS2-Bugfix-Compilation\Texture Fixes\ps2 textures\HAS ALPHA\same sha1\vs10a_sdw04a6_alp_ovl.bmp.png
vs10a_sdw04a7_alp_ovl.bmp,C:\Development\Git\Afevis-MGS2-Bugfix-Compilation\Texture Fixes\ps2 textures\HAS ALPHA\same sha1\vs10a_sdw04a7_alp_ovl.bmp.png
vs10a_sdw04b0_alp_ovl.bmp,C:\Development\Git\Afevis-MGS2-Bugfix-Compilation\Texture Fixes\ps2 textures\HAS ALPHA\same sha1\vs10a_sdw04b0_alp_ovl.bmp.png
vs10a_sdw05_alp_ovl.bmp,C:\Development\Git\Afevis-MGS2-Bugfix-Compilation\Texture Fixes\ps2 textures\HAS ALPHA\same sha1\vs10a_sdw05_alp_ovl.bmp.png
vs10a_sdw05c_alp_ovl.bmp,C:\Development\Git\Afevis-MGS2-Bugfix-Compilation\Texture Fixes\ps2 textures\HAS ALPHA\same sha1\vs10a_sdw05c_alp_ovl.bmp.png
vs10a_sdw07b_alp_ovl.bmp,C:\Development\Git\Afevis-MGS2-Bugfix-Compilation\Texture Fixes\ps2 textures\HAS ALPHA\same sha1\vs10a_sdw07b_alp_ovl.bmp.png
vs10a_sdw07d_alp_ovl.bmp,C:\Development\Git\Afevis-MGS2-Bugfix-Compilation\Texture Fixes\ps2 textures\HAS ALPHA\same sha1\vs10a_sdw07d_alp_ovl.bmp.png
vs10a_sdw08a_alp_ovl.bmp,C:\Development\Git\Afevis-MGS2-Bugfix-Compilation\Texture Fixes\ps2 textures\HAS ALPHA\same sha1\vs10a_sdw08a_alp_ovl.bmp.png
vs10a_sdw08b_alp_ovl.bmp,C:\Development\Git\Afevis-MGS2-Bugfix-Compilation\Texture Fixes\ps2 textures\HAS ALPHA\same sha1\vs10a_sdw08b_alp_ovl.bmp.png
vs10a_sdw08c_alp_ovl.bmp,C:\Development\Git\Afevis-MGS2-Bugfix-Compilation\Texture Fixes\ps2 textures\HAS ALPHA\same sha1\vs10a_sdw08c_alp_ovl.bmp.png
vs10a_sdw08d_alp_ovl.bmp,C:\Development\Git\Afevis-MGS2-Bugfix-Compilation\Texture Fixes\ps2 textures\HAS ALPHA\same sha1\vs10a_sdw08d_alp_ovl.bmp.png
vs10a_sdw09a_alp_ovl.bmp,C:\Development\Git\Afevis-MGS2-Bugfix-Compilation\Texture Fixes\ps2 textures\HAS ALPHA\same sha1\vs10a_sdw09a_alp_ovl.bmp.png
vs10a_sdw09b_alp_ovl.bmp,C:\Development\Git\Afevis-MGS2-Bugfix-Compilation\Texture Fixes\ps2 textures\HAS ALPHA\same sha1\vs10a_sdw09b_alp_ovl.bmp.png
vs10a_sdw09c_alp_ovl.bmp,C:\Development\Git\Afevis-MGS2-Bugfix-Compilation\Texture Fixes\ps2 textures\HAS ALPHA\same sha1\vs10a_sdw09c_alp_ovl.bmp.png
vs10a_sdw09d_alp_ovl.bmp,C:\Development\Git\Afevis-MGS2-Bugfix-Compilation\Texture Fixes\ps2 textures\HAS ALPHA\same sha1\vs10a_sdw09d_alp_ovl.bmp.png
vs10a_sdw09e_alp_ovl.bmp,C:\Development\Git\Afevis-MGS2-Bugfix-Compilation\Texture Fixes\ps2 textures\HAS ALPHA\same sha1\vs10a_sdw09e_alp_ovl.bmp.png
vs10a_sdw09f_alp_ovl.bmp,C:\Development\Git\Afevis-MGS2-Bugfix-Compilation\Texture Fixes\ps2 textures\HAS ALPHA\same sha1\vs10a_sdw09f_alp_ovl.bmp.png
vs10a_sdw12b_alp_ovl.bmp,C:\Development\Git\Afevis-MGS2-Bugfix-Compilation\Texture Fixes\ps2 textures\HAS ALPHA\same sha1\vs10a_sdw12b_alp_ovl.bmp.png
vs10a_sdw13_alp_ovl.bmp,C:\Development\Git\Afevis-MGS2-Bugfix-Compilation\Texture Fixes\ps2 textures\HAS ALPHA\same sha1\vs10a_sdw13_alp_ovl.bmp.png
vs10a_sdw13a_alp_ovl.bmp,C:\Development\Git\Afevis-MGS2-Bugfix-Compilation\Texture Fixes\ps2 textures\HAS ALPHA\same sha1\vs10a_sdw13a_alp_ovl.bmp.png
w00_blc_s1.bmp,C:\Development\Git\Afevis-MGS2-Bugfix-Compilation\Texture Fixes\ps2 textures\OPAQUE\same sha1\w00_blc_s1.bmp.png
w00_blc_s2.bmp,C:\Development\Git\Afevis-MGS2-Bugfix-Compilation\Texture Fixes\ps2 textures\OPAQUE\same sha1\w00_blc_s2.bmp.png
w00_blc_u1.bmp,C:\Development\Git\Afevis-MGS2-Bugfix-Compilation\Texture Fixes\ps2 textures\OPAQUE\same sha1\w00_blc_u1.bmp.png
w00_blc_u1.bmp_a248990b0be0a97361cdd3f07ff6fec9,C:\Development\Git\Afevis-MGS2-Bugfix-Compilation\Texture Fixes\ps2 textures\OPAQUE\same sha1\w00_blc_u1.bmp_a248990b0be0a97361cdd3f07ff6fec9.png
w00_blc_u1.bmp_cfd9efc7b43957745c9bf46871fe11a6,C:\Development\Git\Afevis-MGS2-Bugfix-Compilation\Texture Fixes\ps2 textures\OPAQUE\same sha1\w00_blc_u1.bmp_cfd9efc7b43957745c9bf46871fe11a6.png
w00_blc_u2.bmp,C:\Development\Git\Afevis-MGS2-Bugfix-Compilation\Texture Fixes\ps2 textures\OPAQUE\same sha1\w00_blc_u2.bmp.png
w00_blc_u3.bmp,C:\Development\Git\Afevis-MGS2-Bugfix-Compilation\Texture Fixes\ps2 textures\OPAQUE\same sha1\w00_blc_u3.bmp.png
w00_blc_u4.bmp,C:\Development\Git\Afevis-MGS2-Bugfix-Compilation\Texture Fixes\ps2 textures\OPAQUE\same sha1\w00_blc_u4.bmp.png
w00_col_fog.bmp,C:\Development\Git\Afevis-MGS2-Bugfix-Compilation\Texture Fixes\ps2 textures\OPAQUE\same sha1\w00_col_fog.bmp.png
w00_f_flor1.bmp,C:\Development\Git\Afevis-MGS2-Bugfix-Compilation\Texture Fixes\ps2 textures\OPAQUE\same sha1\w00_f_flor1.bmp.png
w00_f_step_s.bmp,C:\Development\Git\Afevis-MGS2-Bugfix-Compilation\Texture Fixes\ps2 textures\OPAQUE\same sha1\w00_f_step_s.bmp.png
w00_fade2sea_alp_ovl.bmp,C:\Development\Git\Afevis-MGS2-Bugfix-Compilation\Texture Fixes\ps2 textures\HAS ALPHA\same sha1\w00_fade2sea_alp_ovl.bmp.png
w00_fog_alp.bmp,C:\Development\Git\Afevis-MGS2-Bugfix-Compilation\Texture Fixes\ps2 textures\HAS ALPHA\same sha1\w00_fog_alp.bmp.png
w00_fog_fader_alp.bmp,C:\Development\Git\Afevis-MGS2-Bugfix-Compilation\Texture Fixes\ps2 textures\HAS ALPHA\same sha1\w00_fog_fader_alp.bmp.png
w00_ldk_u1.bmp,C:\Development\Git\Afevis-MGS2-Bugfix-Compilation\Texture Fixes\ps2 textures\OPAQUE\same sha1\w00_ldk_u1.bmp.png
w00_ldk_u2.bmp,C:\Development\Git\Afevis-MGS2-Bugfix-Compilation\Texture Fixes\ps2 textures\OPAQUE\same sha1\w00_ldk_u2.bmp.png
w00_rail11msk.bmp,C:\Development\Git\Afevis-MGS2-Bugfix-Compilation\Texture Fixes\ps2 textures\OPAQUE\same sha1\w00_rail11msk.bmp.png
w00_sky_add_alp_ovl.bmp,C:\Development\Git\Afevis-MGS2-Bugfix-Compilation\Texture Fixes\ps2 textures\HAS ALPHA\same sha1\w00_sky_add_alp_ovl.bmp.png
w00_stp_f1msk.bmp,C:\Development\Git\Afevis-MGS2-Bugfix-Compilation\Texture Fixes\ps2 textures\HAS ALPHA\same sha1\w00_stp_f1msk.bmp.png
w00_stp_t1.bmp,C:\Development\Git\Afevis-MGS2-Bugfix-Compilation\Texture Fixes\ps2 textures\OPAQUE\bp_remade\w00_stp_t1.bmp.png
w00_was_f1msk.bmp,C:\Development\Git\Afevis-MGS2-Bugfix-Compilation\Texture Fixes\ps2 textures\HAS ALPHA\same sha1\w00_was_f1msk.bmp.png
w00_wnc_b1.bmp,C:\Development\Git\Afevis-MGS2-Bugfix-Compilation\Texture Fixes\ps2 textures\OPAQUE\same sha1\w00_wnc_b1.bmp.png
w00_wnc_s4.bmp,C:\Development\Git\Afevis-MGS2-Bugfix-Compilation\Texture Fixes\ps2 textures\OPAQUE\same sha1\w00_wnc_s4.bmp.png
w00_wnc_t1.bmp,C:\Development\Git\Afevis-MGS2-Bugfix-Compilation\Texture Fixes\ps2 textures\OPAQUE\same sha1\w00_wnc_t1.bmp.png
w00_wng_u1.bmp,C:\Development\Git\Afevis-MGS2-Bugfix-Compilation\Texture Fixes\ps2 textures\OPAQUE\same sha1\w00_wng_u1.bmp.png
w00_wng_u1.bmp_3f957df1c534fa76d26519cb029cce76,C:\Development\Git\Afevis-MGS2-Bugfix-Compilation\Texture Fixes\ps2 textures\OPAQUE\same sha1\w00_wng_u1.bmp_3f957df1c534fa76d26519cb029cce76.png
w00_wng_u2.bmp,C:\Development\Git\Afevis-MGS2-Bugfix-Compilation\Texture Fixes\ps2 textures\OPAQUE\same sha1\w00_wng_u2.bmp.png
w00_wng_u2.bmp_273e2424025b59f7f77541d55438dda8,C:\Development\Git\Afevis-MGS2-Bugfix-Compilation\Texture Fixes\ps2 textures\OPAQUE\same sha1\w00_wng_u2.bmp_273e2424025b59f7f77541d55438dda8.png
w00_wng_u3.bmp,C:\Development\Git\Afevis-MGS2-Bugfix-Compilation\Texture Fixes\ps2 textures\OPAQUE\same sha1\w00_wng_u3.bmp.png
w00_wng_u3.bmp_ecc7f93dfb421763e79aa897bc1bca51,C:\Development\Git\Afevis-MGS2-Bugfix-Compilation\Texture Fixes\ps2 textures\OPAQUE\same sha1\w00_wng_u3.bmp_ecc7f93dfb421763e79aa897bc1bca51.png
w00_wng_u4rs.bmp,C:\Development\Git\Afevis-MGS2-Bugfix-Compilation\Texture Fixes\ps2 textures\OPAQUE\same sha1\w00_wng_u4rs.bmp.png
w00a_abs.bmp,C:\Development\Git\Afevis-MGS2-Bugfix-Compilation\Texture Fixes\ps2 textures\OPAQUE\same sha1\w00a_abs.bmp.png
w00a_at1_msk.bmp,C:\Development\Git\Afevis-MGS2-Bugfix-Compilation\Texture Fixes\ps2 textures\HAS ALPHA\same sha1\w00a_at1_msk.bmp.png
w00a_blc_s1.bmp,C:\Development\Git\Afevis-MGS2-Bugfix-Compilation\Texture Fixes\ps2 textures\OPAQUE\same sha1\w00a_blc_s1.bmp.png
w00a_blc_s1.bmp_11f66effee79793a24dc40a2482299da,C:\Development\Git\Afevis-MGS2-Bugfix-Compilation\Texture Fixes\ps2 textures\OPAQUE\same sha1\w00a_blc_s1.bmp_11f66effee79793a24dc40a2482299da.png
w00a_blc_s2.bmp,C:\Development\Git\Afevis-MGS2-Bugfix-Compilation\Texture Fixes\ps2 textures\OPAQUE\same sha1\w00a_blc_s2.bmp.png
w00a_blc_t1.bmp,C:\Development\Git\Afevis-MGS2-Bugfix-Compilation\Texture Fixes\ps2 textures\OPAQUE\same sha1\w00a_blc_t1.bmp.png
w00a_blc_t1.bmp_7f11fc01c0e5875532e7dd318d7c9e68,C:\Development\Git\Afevis-MGS2-Bugfix-Compilation\Texture Fixes\ps2 textures\OPAQUE\same sha1\w00a_blc_t1.bmp_7f11fc01c0e5875532e7dd318d7c9e68.png
w00a_blc_t1.bmp_c76e68d9706f103c59be56d48ceb6867,C:\Development\Git\Afevis-MGS2-Bugfix-Compilation\Texture Fixes\ps2 textures\OPAQUE\same sha1\w00a_blc_t1.bmp_c76e68d9706f103c59be56d48ceb6867.png
w00a_blc_t1_mk.bmp,C:\Development\Git\Afevis-MGS2-Bugfix-Compilation\Texture Fixes\ps2 textures\OPAQUE\same sha1\w00a_blc_t1_mk.bmp.png
w00a_blc_t2.bmp,C:\Development\Git\Afevis-MGS2-Bugfix-Compilation\Texture Fixes\ps2 textures\OPAQUE\same sha1\w00a_blc_t2.bmp.png
w00a_blc_t2_mk.bmp,C:\Development\Git\Afevis-MGS2-Bugfix-Compilation\Texture Fixes\ps2 textures\OPAQUE\same sha1\w00a_blc_t2_mk.bmp.png
w00a_blc_t3.bmp,C:\Development\Git\Afevis-MGS2-Bugfix-Compilation\Texture Fixes\ps2 textures\OPAQUE\same sha1\w00a_blc_t3.bmp.png
w00a_blc_t3_mk.bmp,C:\Development\Git\Afevis-MGS2-Bugfix-Compilation\Texture Fixes\ps2 textures\OPAQUE\same sha1\w00a_blc_t3_mk.bmp.png
w00a_dc1.bmp,C:\Development\Git\Afevis-MGS2-Bugfix-Compilation\Texture Fixes\ps2 textures\OPAQUE\same sha1\w00a_dc1.bmp.png
w00a_dck_at10.bmp,C:\Development\Git\Afevis-MGS2-Bugfix-Compilation\Texture Fixes\ps2 textures\OPAQUE\same sha1\w00a_dck_at10.bmp.png
w00a_dck_at10_mk.bmp,C:\Development\Git\Afevis-MGS2-Bugfix-Compilation\Texture Fixes\ps2 textures\OPAQUE\same sha1\w00a_dck_at10_mk.bmp.png
w00a_dck_at11.bmp,C:\Development\Git\Afevis-MGS2-Bugfix-Compilation\Texture Fixes\ps2 textures\OPAQUE\same sha1\w00a_dck_at11.bmp.png
w00a_dck_at11_mk.bmp,C:\Development\Git\Afevis-MGS2-Bugfix-Compilation\Texture Fixes\ps2 textures\OPAQUE\same sha1\w00a_dck_at11_mk.bmp.png
w00a_dck_at15.bmp,C:\Development\Git\Afevis-MGS2-Bugfix-Compilation\Texture Fixes\ps2 textures\OPAQUE\same sha1\w00a_dck_at15.bmp.png
w00a_dck_at5.bmp,C:\Development\Git\Afevis-MGS2-Bugfix-Compilation\Texture Fixes\ps2 textures\OPAQUE\same sha1\w00a_dck_at5.bmp.png
w00a_dck_at6.bmp,C:\Development\Git\Afevis-MGS2-Bugfix-Compilation\Texture Fixes\ps2 textures\OPAQUE\same sha1\w00a_dck_at6.bmp.png
w00a_dck_at6_mk.bmp,C:\Development\Git\Afevis-MGS2-Bugfix-Compilation\Texture Fixes\ps2 textures\OPAQUE\same sha1\w00a_dck_at6_mk.bmp.png
w00a_dck_at7.bmp,C:\Development\Git\Afevis-MGS2-Bugfix-Compilation\Texture Fixes\ps2 textures\OPAQUE\same sha1\w00a_dck_at7.bmp.png
w00a_dck_at8.bmp,C:\Development\Git\Afevis-MGS2-Bugfix-Compilation\Texture Fixes\ps2 textures\OPAQUE\same sha1\w00a_dck_at8.bmp.png
w00a_ltb2.bmp,C:\Development\Git\Afevis-MGS2-Bugfix-Compilation\Texture Fixes\ps2 textures\OPAQUE\same sha1\w00a_ltb2.bmp.png
w00a_ltb3.bmp,C:\Development\Git\Afevis-MGS2-Bugfix-Compilation\Texture Fixes\ps2 textures\OPAQUE\same sha1\w00a_ltb3.bmp.png
w00a_ltb4.bmp,C:\Development\Git\Afevis-MGS2-Bugfix-Compilation\Texture Fixes\ps2 textures\OPAQUE\same sha1\w00a_ltb4.bmp.png
w00a_os1.bmp,C:\Development\Git\Afevis-MGS2-Bugfix-Compilation\Texture Fixes\ps2 textures\OPAQUE\bp_remade\w00a_os1.bmp.png
w00a_pl1.bmp,C:\Development\Git\Afevis-MGS2-Bugfix-Compilation\Texture Fixes\ps2 textures\OPAQUE\same sha1\w00a_pl1.bmp.png
w00a_pl2_msk.bmp,C:\Development\Git\Afevis-MGS2-Bugfix-Compilation\Texture Fixes\ps2 textures\HAS ALPHA\same sha1\w00a_pl2_msk.bmp.png
w00a_pl3.bmp,C:\Development\Git\Afevis-MGS2-Bugfix-Compilation\Texture Fixes\ps2 textures\OPAQUE\bp_remade\w00a_pl3.bmp.png
w00a_rail5.bmp,C:\Development\Git\Afevis-MGS2-Bugfix-Compilation\Texture Fixes\ps2 textures\OPAQUE\same sha1\w00a_rail5.bmp.png
w00a_rb2a.bmp,C:\Development\Git\Afevis-MGS2-Bugfix-Compilation\Texture Fixes\ps2 textures\OPAQUE\bp_remade\w00a_rb2a.bmp.png
w00a_rl5.bmp,C:\Development\Git\Afevis-MGS2-Bugfix-Compilation\Texture Fixes\ps2 textures\OPAQUE\same sha1\w00a_rl5.bmp.png
w00a_rtn1_msk.bmp,C:\Development\Git\Afevis-MGS2-Bugfix-Compilation\Texture Fixes\ps2 textures\HAS ALPHA\same sha1\w00a_rtn1_msk.bmp.png
w00a_sn2.bmp,C:\Development\Git\Afevis-MGS2-Bugfix-Compilation\Texture Fixes\ps2 textures\OPAQUE\bp_remade\w00a_sn2.bmp.png
w00a_w1.bmp,C:\Development\Git\Afevis-MGS2-Bugfix-Compilation\Texture Fixes\ps2 textures\OPAQUE\bp_remade\w00a_w1.bmp.png
w00ak_00b_wall1.bmp,C:\Development\Git\Afevis-MGS2-Bugfix-Compilation\Texture Fixes\ps2 textures\OPAQUE\bp_remade\w00ak_00b_wall1.bmp.png
w00ak_01b_wb03a.bmp,C:\Development\Git\Afevis-MGS2-Bugfix-Compilation\Texture Fixes\ps2 textures\OPAQUE\same sha1\w00ak_01b_wb03a.bmp.png
w00ak_blc_s1.bmp,C:\Development\Git\Afevis-MGS2-Bugfix-Compilation\Texture Fixes\ps2 textures\OPAQUE\same sha1\w00ak_blc_s1.bmp.png
w00ak_blc_s2.bmp,C:\Development\Git\Afevis-MGS2-Bugfix-Compilation\Texture Fixes\ps2 textures\OPAQUE\same sha1\w00ak_blc_s2.bmp.png
w00ak_blc_t4.bmp,C:\Development\Git\Afevis-MGS2-Bugfix-Compilation\Texture Fixes\ps2 textures\OPAQUE\bp_remade\w00ak_blc_t4.bmp.png
w00ak_crane_floor.bmp,C:\Development\Git\Afevis-MGS2-Bugfix-Compilation\Texture Fixes\ps2 textures\OPAQUE\bp_remade\w00ak_crane_floor.bmp.png
w00ak_crps_tsr1.bmp,C:\Development\Git\Afevis-MGS2-Bugfix-Compilation\Texture Fixes\ps2 textures\OPAQUE\same sha1\w00ak_crps_tsr1.bmp.png
w00ak_crps_tsr1.bmp_3d24cf44976efdff0e00afe3cfe81bd3,C:\Development\Git\Afevis-MGS2-Bugfix-Compilation\Texture Fixes\ps2 textures\OPAQUE\same sha1\w00ak_crps_tsr1.bmp_3d24cf44976efdff0e00afe3cfe81bd3.png
w00ak_dck_flr1.bmp,C:\Development\Git\Afevis-MGS2-Bugfix-Compilation\Texture Fixes\ps2 textures\OPAQUE\bp_remade\w00ak_dck_flr1.bmp.png
w00ak_pod_s1.bmp,C:\Development\Git\Afevis-MGS2-Bugfix-Compilation\Texture Fixes\ps2 textures\OPAQUE\same sha1\w00ak_pod_s1.bmp.png
w00ak_pod_t1.bmp,C:\Development\Git\Afevis-MGS2-Bugfix-Compilation\Texture Fixes\ps2 textures\OPAQUE\same sha1\w00ak_pod_t1.bmp.png
w00ak_ref1.bmp,C:\Development\Git\Afevis-MGS2-Bugfix-Compilation\Texture Fixes\ps2 textures\OPAQUE\same sha1\w00ak_ref1.bmp.png
w00ak_ref_dbx_tnk2.bmp,C:\Development\Git\Afevis-MGS2-Bugfix-Compilation\Texture Fixes\ps2 textures\OPAQUE\same sha1\w00ak_ref_dbx_tnk2.bmp.png
w00ak_ref_dbx_tnk3_msk.bmp,C:\Development\Git\Afevis-MGS2-Bugfix-Compilation\Texture Fixes\ps2 textures\HAS ALPHA\same sha1\w00ak_ref_dbx_tnk3_msk.bmp.png
w00ak_ref_rabx_sb.bmp,C:\Development\Git\Afevis-MGS2-Bugfix-Compilation\Texture Fixes\ps2 textures\OPAQUE\same sha1\w00ak_ref_rabx_sb.bmp.png
w00ak_refcover.bmp,C:\Development\Git\Afevis-MGS2-Bugfix-Compilation\Texture Fixes\ps2 textures\OPAQUE\same sha1\w00ak_refcover.bmp.png
w00ak_roll1.bmp,C:\Development\Git\Afevis-MGS2-Bugfix-Compilation\Texture Fixes\ps2 textures\OPAQUE\bp_remade\w00ak_roll1.bmp.png
w00ak_roll2.bmp,C:\Development\Git\Afevis-MGS2-Bugfix-Compilation\Texture Fixes\ps2 textures\OPAQUE\bp_remade\w00ak_roll2.bmp.png
w00ak_roll_s1.bmp,C:\Development\Git\Afevis-MGS2-Bugfix-Compilation\Texture Fixes\ps2 textures\OPAQUE\bp_remade\w00ak_roll_s1.bmp.png
w00ak_sf1.bmp,C:\Development\Git\Afevis-MGS2-Bugfix-Compilation\Texture Fixes\ps2 textures\OPAQUE\same sha1\w00ak_sf1.bmp.png
w00ak_survial_f1.bmp,C:\Development\Git\Afevis-MGS2-Bugfix-Compilation\Texture Fixes\ps2 textures\OPAQUE\same sha1\w00ak_survial_f1.bmp.png
w00ak_wnc_b1.bmp,C:\Development\Git\Afevis-MGS2-Bugfix-Compilation\Texture Fixes\ps2 textures\OPAQUE\bp_remade\w00ak_wnc_b1.bmp.png
w00ak_wnc_b2.bmp,C:\Development\Git\Afevis-MGS2-Bugfix-Compilation\Texture Fixes\ps2 textures\OPAQUE\bp_remade\w00ak_wnc_b2.bmp.png
w00ak_wnc_f1.bmp,C:\Development\Git\Afevis-MGS2-Bugfix-Compilation\Texture Fixes\ps2 textures\OPAQUE\bp_remade\w00ak_wnc_f1.bmp.png
w00ak_wnc_s1.bmp,C:\Development\Git\Afevis-MGS2-Bugfix-Compilation\Texture Fixes\ps2 textures\OPAQUE\bp_remade\w00ak_wnc_s1.bmp.png
w00ak_wnc_s3.bmp,C:\Development\Git\Afevis-MGS2-Bugfix-Compilation\Texture Fixes\ps2 textures\OPAQUE\bp_remade\w00ak_wnc_s3.bmp.png
w00ak_wnc_s4.bmp,C:\Development\Git\Afevis-MGS2-Bugfix-Compilation\Texture Fixes\ps2 textures\OPAQUE\bp_remade\w00ak_wnc_s4.bmp.png
w00ak_wnc_t1.bmp,C:\Development\Git\Afevis-MGS2-Bugfix-Compilation\Texture Fixes\ps2 textures\OPAQUE\bp_remade\w00ak_wnc_t1.bmp.png
w00b_bridge_wall1.bmp,C:\Development\Git\Afevis-MGS2-Bugfix-Compilation\Texture Fixes\ps2 textures\OPAQUE\bp_remade\w00b_bridge_wall1.bmp.png
w00b_bridge_wall1_fade.bmp,C:\Development\Git\Afevis-MGS2-Bugfix-Compilation\Texture Fixes\ps2 textures\OPAQUE\bp_remade\w00b_bridge_wall1_fade.bmp.png
w00b_cloth_new.bmp,C:\Development\Git\Afevis-MGS2-Bugfix-Compilation\Texture Fixes\ps2 textures\OPAQUE\bp_remade\w00b_cloth_new.bmp.png
w00b_crane_post_s.bmp,C:\Development\Git\Afevis-MGS2-Bugfix-Compilation\Texture Fixes\ps2 textures\OPAQUE\bp_remade\w00b_crane_post_s.bmp.png
w00b_fade1.bmp,C:\Development\Git\Afevis-MGS2-Bugfix-Compilation\Texture Fixes\ps2 textures\OPAQUE\same sha1\w00b_fade1.bmp.png
w00b_firehose_box.bmp,C:\Development\Git\Afevis-MGS2-Bugfix-Compilation\Texture Fixes\ps2 textures\OPAQUE\same sha1\w00b_firehose_box.bmp.png
w00b_flr1.bmp,C:\Development\Git\Afevis-MGS2-Bugfix-Compilation\Texture Fixes\ps2 textures\OPAQUE\same sha1\w00b_flr1.bmp.png
w00b_flr10.bmp,C:\Development\Git\Afevis-MGS2-Bugfix-Compilation\Texture Fixes\ps2 textures\OPAQUE\same sha1\w00b_flr10.bmp.png
w00b_flr12.bmp,C:\Development\Git\Afevis-MGS2-Bugfix-Compilation\Texture Fixes\ps2 textures\OPAQUE\same sha1\w00b_flr12.bmp.png
w00b_flr13.bmp,C:\Development\Git\Afevis-MGS2-Bugfix-Compilation\Texture Fixes\ps2 textures\OPAQUE\same sha1\w00b_flr13.bmp.png
w00b_flr14.bmp,C:\Development\Git\Afevis-MGS2-Bugfix-Compilation\Texture Fixes\ps2 textures\OPAQUE\same sha1\w00b_flr14.bmp.png
w00b_flr15.bmp,C:\Development\Git\Afevis-MGS2-Bugfix-Compilation\Texture Fixes\ps2 textures\OPAQUE\same sha1\w00b_flr15.bmp.png
w00b_flr16.bmp,C:\Development\Git\Afevis-MGS2-Bugfix-Compilation\Texture Fixes\ps2 textures\OPAQUE\same sha1\w00b_flr16.bmp.png
w00b_flr17.bmp,C:\Development\Git\Afevis-MGS2-Bugfix-Compilation\Texture Fixes\ps2 textures\OPAQUE\same sha1\w00b_flr17.bmp.png
w00b_flr7.bmp,C:\Development\Git\Afevis-MGS2-Bugfix-Compilation\Texture Fixes\ps2 textures\OPAQUE\same sha1\w00b_flr7.bmp.png
w00b_flr8.bmp,C:\Development\Git\Afevis-MGS2-Bugfix-Compilation\Texture Fixes\ps2 textures\OPAQUE\same sha1\w00b_flr8.bmp.png
w00b_flr_b5.bmp,C:\Development\Git\Afevis-MGS2-Bugfix-Compilation\Texture Fixes\ps2 textures\OPAQUE\same sha1\w00b_flr_b5.bmp.png
w00b_hasigo.bmp,C:\Development\Git\Afevis-MGS2-Bugfix-Compilation\Texture Fixes\ps2 textures\OPAQUE\same sha1\w00b_hasigo.bmp.png
w00b_hasigo2.bmp,C:\Development\Git\Afevis-MGS2-Bugfix-Compilation\Texture Fixes\ps2 textures\OPAQUE\same sha1\w00b_hasigo2.bmp.png
w00b_himo.bmp,C:\Development\Git\Afevis-MGS2-Bugfix-Compilation\Texture Fixes\ps2 textures\OPAQUE\same sha1\w00b_himo.bmp.png
w00b_huge_light_f1.bmp,C:\Development\Git\Afevis-MGS2-Bugfix-Compilation\Texture Fixes\ps2 textures\OPAQUE\bp_remade\w00b_huge_light_f1.bmp.png
w00b_huge_light_s.bmp,C:\Development\Git\Afevis-MGS2-Bugfix-Compilation\Texture Fixes\ps2 textures\OPAQUE\bp_remade\w00b_huge_light_s.bmp.png
w00b_huge_light_s2.bmp,C:\Development\Git\Afevis-MGS2-Bugfix-Compilation\Texture Fixes\ps2 textures\OPAQUE\same sha1\w00b_huge_light_s2.bmp.png
w00b_irs_fook.bmp,C:\Development\Git\Afevis-MGS2-Bugfix-Compilation\Texture Fixes\ps2 textures\OPAQUE\same sha1\w00b_irs_fook.bmp.png
w00b_irs_pipe.bmp,C:\Development\Git\Afevis-MGS2-Bugfix-Compilation\Texture Fixes\ps2 textures\OPAQUE\bp_remade\w00b_irs_pipe.bmp.png
w00b_irs_wood2.bmp,C:\Development\Git\Afevis-MGS2-Bugfix-Compilation\Texture Fixes\ps2 textures\OPAQUE\bp_remade\w00b_irs_wood2.bmp.png
w00b_pinlit1_brk.bmp,C:\Development\Git\Afevis-MGS2-Bugfix-Compilation\Texture Fixes\ps2 textures\OPAQUE\same sha1\w00b_pinlit1_brk.bmp.png
w00b_pinlit1_ns.bmp,C:\Development\Git\Afevis-MGS2-Bugfix-Compilation\Texture Fixes\ps2 textures\OPAQUE\same sha1\w00b_pinlit1_ns.bmp.png
w00b_poll1.bmp,C:\Development\Git\Afevis-MGS2-Bugfix-Compilation\Texture Fixes\ps2 textures\OPAQUE\bp_remade\w00b_poll1.bmp.png
w00b_ref_duct_boxs.bmp,C:\Development\Git\Afevis-MGS2-Bugfix-Compilation\Texture Fixes\ps2 textures\OPAQUE\same sha1\w00b_ref_duct_boxs.bmp.png
w00b_ref_sky.bmp,C:\Development\Git\Afevis-MGS2-Bugfix-Compilation\Texture Fixes\ps2 textures\OPAQUE\same sha1\w00b_ref_sky.bmp.png
w00b_sonar1.bmp,C:\Development\Git\Afevis-MGS2-Bugfix-Compilation\Texture Fixes\ps2 textures\OPAQUE\bp_remade\w00b_sonar1.bmp.png
w00b_step2wing_t.bmp,C:\Development\Git\Afevis-MGS2-Bugfix-Compilation\Texture Fixes\ps2 textures\OPAQUE\bp_remade\w00b_step2wing_t.bmp.png
w00b_tower_deck_s1psd.bmp,C:\Development\Git\Afevis-MGS2-Bugfix-Compilation\Texture Fixes\ps2 textures\OPAQUE\bp_remade\w00b_tower_deck_s1psd.bmp.png
w00b_tower_deck_t1.bmp,C:\Development\Git\Afevis-MGS2-Bugfix-Compilation\Texture Fixes\ps2 textures\OPAQUE\bp_remade\w00b_tower_deck_t1.bmp.png
w00b_tower_s1.bmp,C:\Development\Git\Afevis-MGS2-Bugfix-Compilation\Texture Fixes\ps2 textures\OPAQUE\bp_remade\w00b_tower_s1.bmp.png
w00b_tower_s2.bmp,C:\Development\Git\Afevis-MGS2-Bugfix-Compilation\Texture Fixes\ps2 textures\OPAQUE\bp_remade\w00b_tower_s2.bmp.png
w00b_tower_saku1.bmp,C:\Development\Git\Afevis-MGS2-Bugfix-Compilation\Texture Fixes\ps2 textures\OPAQUE\bp_remade\w00b_tower_saku1.bmp.png
w00b_tower_saku2.bmp,C:\Development\Git\Afevis-MGS2-Bugfix-Compilation\Texture Fixes\ps2 textures\OPAQUE\bp_remade\w00b_tower_saku2.bmp.png
w00b_tsr1.bmp,C:\Development\Git\Afevis-MGS2-Bugfix-Compilation\Texture Fixes\ps2 textures\OPAQUE\same sha1\w00b_tsr1.bmp.png
w00b_tsr_ref.bmp,C:\Development\Git\Afevis-MGS2-Bugfix-Compilation\Texture Fixes\ps2 textures\OPAQUE\same sha1\w00b_tsr_ref.bmp.png
w00b_w01e_com02_f.bmp,C:\Development\Git\Afevis-MGS2-Bugfix-Compilation\Texture Fixes\ps2 textures\OPAQUE\same sha1\w00b_w01e_com02_f.bmp.png
w00b_w01e_deck_t2.bmp,C:\Development\Git\Afevis-MGS2-Bugfix-Compilation\Texture Fixes\ps2 textures\OPAQUE\same sha1\w00b_w01e_deck_t2.bmp.png
w00b_w01e_floor1_alp_ovl.bmp,C:\Development\Git\Afevis-MGS2-Bugfix-Compilation\Texture Fixes\ps2 textures\HAS ALPHA\same sha1\w00b_w01e_floor1_alp_ovl.bmp.png
w00b_w01e_rf01.bmp,C:\Development\Git\Afevis-MGS2-Bugfix-Compilation\Texture Fixes\ps2 textures\OPAQUE\same sha1\w00b_w01e_rf01.bmp.png
w00b_w01e_wall_fade.bmp,C:\Development\Git\Afevis-MGS2-Bugfix-Compilation\Texture Fixes\ps2 textures\OPAQUE\same sha1\w00b_w01e_wall_fade.bmp.png
w00b_w01e_wndwall01.bmp,C:\Development\Git\Afevis-MGS2-Bugfix-Compilation\Texture Fixes\ps2 textures\OPAQUE\same sha1\w00b_w01e_wndwall01.bmp.png
w00b_wall1.bmp,C:\Development\Git\Afevis-MGS2-Bugfix-Compilation\Texture Fixes\ps2 textures\OPAQUE\bp_remade\w00b_wall1.bmp.png
w00b_wallmain1_ref.bmp_78c52d902dd3a2f081f6da5faa61474f,C:\Development\Git\Afevis-MGS2-Bugfix-Compilation\Texture Fixes\ps2 textures\OPAQUE\same sha1\w00b_wallmain1_ref.bmp_78c52d902dd3a2f081f6da5faa61474f.png
w00b_wbox_s.bmp,C:\Development\Git\Afevis-MGS2-Bugfix-Compilation\Texture Fixes\ps2 textures\OPAQUE\bp_remade\w00b_wbox_s.bmp.png
w00b_wbox_t.bmp,C:\Development\Git\Afevis-MGS2-Bugfix-Compilation\Texture Fixes\ps2 textures\OPAQUE\bp_remade\w00b_wbox_t.bmp.png
w00b_wingwall1.bmp,C:\Development\Git\Afevis-MGS2-Bugfix-Compilation\Texture Fixes\ps2 textures\OPAQUE\bp_remade\w00b_wingwall1.bmp.png
w00b_wire.bmp,C:\Development\Git\Afevis-MGS2-Bugfix-Compilation\Texture Fixes\ps2 textures\OPAQUE\same sha1\w00b_wire.bmp.png
w00brk_00a_frontwall2.bmp,C:\Development\Git\Afevis-MGS2-Bugfix-Compilation\Texture Fixes\ps2 textures\OPAQUE\bp_remade\w00brk_00a_frontwall2.bmp.png
w00brk_crn_bonbori_add_alp.bmp,C:\Development\Git\Afevis-MGS2-Bugfix-Compilation\Texture Fixes\ps2 textures\HAS ALPHA\same sha1\w00brk_crn_bonbori_add_alp.bmp.png
w00brk_f3_saku_msk.bmp,C:\Development\Git\Afevis-MGS2-Bugfix-Compilation\Texture Fixes\ps2 textures\HAS ALPHA\same sha1\w00brk_f3_saku_msk.bmp.png
w00brk_f_flor1.bmp,C:\Development\Git\Afevis-MGS2-Bugfix-Compilation\Texture Fixes\ps2 textures\OPAQUE\bp_remade\w00brk_f_flor1.bmp.png
w00brk_flor_danmen1.bmp,C:\Development\Git\Afevis-MGS2-Bugfix-Compilation\Texture Fixes\ps2 textures\OPAQUE\bp_remade\w00brk_flor_danmen1.bmp.png
w00brk_front_endwall.bmp,C:\Development\Git\Afevis-MGS2-Bugfix-Compilation\Texture Fixes\ps2 textures\OPAQUE\same sha1\w00brk_front_endwall.bmp.png
w00brk_fwall_hl_add_alp_ovl.bmp,C:\Development\Git\Afevis-MGS2-Bugfix-Compilation\Texture Fixes\ps2 textures\HAS ALPHA\same sha1\w00brk_fwall_hl_add_alp_ovl.bmp.png
w00brk_pinlit_add_alp.bmp,C:\Development\Git\Afevis-MGS2-Bugfix-Compilation\Texture Fixes\ps2 textures\HAS ALPHA\same sha1\w00brk_pinlit_add_alp.bmp.png
w00brk_pinlit_f1.bmp,C:\Development\Git\Afevis-MGS2-Bugfix-Compilation\Texture Fixes\ps2 textures\OPAQUE\same sha1\w00brk_pinlit_f1.bmp.png
w00brk_pinlit_f1_brk.bmp,C:\Development\Git\Afevis-MGS2-Bugfix-Compilation\Texture Fixes\ps2 textures\OPAQUE\same sha1\w00brk_pinlit_f1_brk.bmp.png
w00brk_pipe_s1.bmp,C:\Development\Git\Afevis-MGS2-Bugfix-Compilation\Texture Fixes\ps2 textures\OPAQUE\bp_remade\w00brk_pipe_s1.bmp.png
w00brk_pipe_stay.bmp,C:\Development\Git\Afevis-MGS2-Bugfix-Compilation\Texture Fixes\ps2 textures\OPAQUE\same sha1\w00brk_pipe_stay.bmp.png
w00brk_senntai_bottom.bmp,C:\Development\Git\Afevis-MGS2-Bugfix-Compilation\Texture Fixes\ps2 textures\OPAQUE\same sha1\w00brk_senntai_bottom.bmp.png
w00brk_table_floor1.bmp,C:\Development\Git\Afevis-MGS2-Bugfix-Compilation\Texture Fixes\ps2 textures\OPAQUE\bp_remade\w00brk_table_floor1.bmp.png
w00brk_toudai_f1.bmp,C:\Development\Git\Afevis-MGS2-Bugfix-Compilation\Texture Fixes\ps2 textures\OPAQUE\same sha1\w00brk_toudai_f1.bmp.png
w00c_gas_dai00.bmp,C:\Development\Git\Afevis-MGS2-Bugfix-Compilation\Texture Fixes\ps2 textures\OPAQUE\same sha1\w00c_gas_dai00.bmp.png
w00c_sky2_add.bmp,C:\Development\Git\Afevis-MGS2-Bugfix-Compilation\Texture Fixes\ps2 textures\OPAQUE\same sha1\w00c_sky2_add.bmp.png
w00k_col1.bmp,C:\Development\Git\Afevis-MGS2-Bugfix-Compilation\Texture Fixes\ps2 textures\OPAQUE\same sha1\w00k_col1.bmp.png
w00k_drw1.bmp,C:\Development\Git\Afevis-MGS2-Bugfix-Compilation\Texture Fixes\ps2 textures\OPAQUE\bp_remade\w00k_drw1.bmp.png
w00k_pipe.bmp,C:\Development\Git\Afevis-MGS2-Bugfix-Compilation\Texture Fixes\ps2 textures\OPAQUE\same sha1\w00k_pipe.bmp.png
w00k_pole_msk.bmp,C:\Development\Git\Afevis-MGS2-Bugfix-Compilation\Texture Fixes\ps2 textures\HAS ALPHA\same sha1\w00k_pole_msk.bmp.png
w00k_post_msk.bmp,C:\Development\Git\Afevis-MGS2-Bugfix-Compilation\Texture Fixes\ps2 textures\HAS ALPHA\same sha1\w00k_post_msk.bmp.png
w00k_wall_msk.bmp,C:\Development\Git\Afevis-MGS2-Bugfix-Compilation\Texture Fixes\ps2 textures\HAS ALPHA\same sha1\w00k_wall_msk.bmp.png
w00k_winch_msk.bmp,C:\Development\Git\Afevis-MGS2-Bugfix-Compilation\Texture Fixes\ps2 textures\HAS ALPHA\same sha1\w00k_winch_msk.bmp.png
w00m_blacket_face.bmp,C:\Development\Git\Afevis-MGS2-Bugfix-Compilation\Texture Fixes\ps2 textures\OPAQUE\same sha1\w00m_blacket_face.bmp.png
w00m_block.bmp,C:\Development\Git\Afevis-MGS2-Bugfix-Compilation\Texture Fixes\ps2 textures\OPAQUE\bp_remade\w00m_block.bmp.png
w00m_block_side.bmp,C:\Development\Git\Afevis-MGS2-Bugfix-Compilation\Texture Fixes\ps2 textures\OPAQUE\bp_remade\w00m_block_side.bmp.png
w00m_ikari_face.bmp,C:\Development\Git\Afevis-MGS2-Bugfix-Compilation\Texture Fixes\ps2 textures\OPAQUE\bp_remade\w00m_ikari_face.bmp.png
w00m_ikari_kabe.bmp,C:\Development\Git\Afevis-MGS2-Bugfix-Compilation\Texture Fixes\ps2 textures\OPAQUE\bp_remade\w00m_ikari_kabe.bmp.png
w00m_ikari_sotowaku.bmp,C:\Development\Git\Afevis-MGS2-Bugfix-Compilation\Texture Fixes\ps2 textures\OPAQUE\bp_remade\w00m_ikari_sotowaku.bmp.png
w00m_mashroom_panel_face.bmp,C:\Development\Git\Afevis-MGS2-Bugfix-Compilation\Texture Fixes\ps2 textures\OPAQUE\same sha1\w00m_mashroom_panel_face.bmp.png
w00m_mashroom_panel_side.bmp,C:\Development\Git\Afevis-MGS2-Bugfix-Compilation\Texture Fixes\ps2 textures\OPAQUE\same sha1\w00m_mashroom_panel_side.bmp.png
w00m_mush_handl_side.bmp,C:\Development\Git\Afevis-MGS2-Bugfix-Compilation\Texture Fixes\ps2 textures\OPAQUE\same sha1\w00m_mush_handl_side.bmp.png
w00m_mush_huta_face.bmp,C:\Development\Git\Afevis-MGS2-Bugfix-Compilation\Texture Fixes\ps2 textures\OPAQUE\bp_remade\w00m_mush_huta_face.bmp.png
w00m_mush_huta_top3.bmp,C:\Development\Git\Afevis-MGS2-Bugfix-Compilation\Texture Fixes\ps2 textures\OPAQUE\bp_remade\w00m_mush_huta_top3.bmp.png
w00m_mushroom_face.bmp,C:\Development\Git\Afevis-MGS2-Bugfix-Compilation\Texture Fixes\ps2 textures\OPAQUE\bp_remade\w00m_mushroom_face.bmp.png
w00m_mushroom_ura.bmp,C:\Development\Git\Afevis-MGS2-Bugfix-Compilation\Texture Fixes\ps2 textures\OPAQUE\same sha1\w00m_mushroom_ura.bmp.png
w00m_pick.bmp,C:\Development\Git\Afevis-MGS2-Bugfix-Compilation\Texture Fixes\ps2 textures\OPAQUE\same sha1\w00m_pick.bmp.png
w00m_pole_hikari.bmp,C:\Development\Git\Afevis-MGS2-Bugfix-Compilation\Texture Fixes\ps2 textures\OPAQUE\same sha1\w00m_pole_hikari.bmp.png
w00m_survial_ashi3.bmp,C:\Development\Git\Afevis-MGS2-Bugfix-Compilation\Texture Fixes\ps2 textures\OPAQUE\same sha1\w00m_survial_ashi3.bmp.png
w00m_top_yuka_uramsk.bmp,C:\Development\Git\Afevis-MGS2-Bugfix-Compilation\Texture Fixes\ps2 textures\HAS ALPHA\same sha1\w00m_top_yuka_uramsk.bmp.png
w00m_top_yukamsk.bmp,C:\Development\Git\Afevis-MGS2-Bugfix-Compilation\Texture Fixes\ps2 textures\HAS ALPHA\same sha1\w00m_top_yukamsk.bmp.png
w00m_winch_back2.bmp,C:\Development\Git\Afevis-MGS2-Bugfix-Compilation\Texture Fixes\ps2 textures\OPAQUE\same sha1\w00m_winch_back2.bmp.png
w00m_winch_face4.bmp,C:\Development\Git\Afevis-MGS2-Bugfix-Compilation\Texture Fixes\ps2 textures\OPAQUE\bp_remade\w00m_winch_face4.bmp.png
w00m_winch_face4.bmp_66d35506ebb6b42785de008e8285c263,C:\Development\Git\Afevis-MGS2-Bugfix-Compilation\Texture Fixes\ps2 textures\OPAQUE\bp_remade\w00m_winch_face4.bmp_66d35506ebb6b42785de008e8285c263.png
w00m_winch_side6.bmp,C:\Development\Git\Afevis-MGS2-Bugfix-Compilation\Texture Fixes\ps2 textures\OPAQUE\same sha1\w00m_winch_side6.bmp.png
w01_dr00.bmp,C:\Development\Git\Afevis-MGS2-Bugfix-Compilation\Texture Fixes\ps2 textures\OPAQUE\bp_remade\w01_dr00.bmp.png
w01_dr01.bmp,C:\Development\Git\Afevis-MGS2-Bugfix-Compilation\Texture Fixes\ps2 textures\OPAQUE\bp_remade\w01_dr01.bmp.png
w01_dr01u.bmp,C:\Development\Git\Afevis-MGS2-Bugfix-Compilation\Texture Fixes\ps2 textures\OPAQUE\bp_remade\w01_dr01u.bmp.png
w01a0_box002.bmp,C:\Development\Git\Afevis-MGS2-Bugfix-Compilation\Texture Fixes\ps2 textures\OPAQUE\bp_remade\w01a0_box002.bmp.png
w01a0_box01b.bmp,C:\Development\Git\Afevis-MGS2-Bugfix-Compilation\Texture Fixes\ps2 textures\OPAQUE\same sha1\w01a0_box01b.bmp.png
w01a0_box02a.bmp,C:\Development\Git\Afevis-MGS2-Bugfix-Compilation\Texture Fixes\ps2 textures\OPAQUE\same sha1\w01a0_box02a.bmp.png
w01a0_box03.bmp,C:\Development\Git\Afevis-MGS2-Bugfix-Compilation\Texture Fixes\ps2 textures\OPAQUE\bp_remade\w01a0_box03.bmp.png
w01a0_box07a.bmp,C:\Development\Git\Afevis-MGS2-Bugfix-Compilation\Texture Fixes\ps2 textures\OPAQUE\same sha1\w01a0_box07a.bmp.png
w01a0_box08.bmp,C:\Development\Git\Afevis-MGS2-Bugfix-Compilation\Texture Fixes\ps2 textures\OPAQUE\bp_remade\w01a0_box08.bmp.png
w01a0_clit03_add.bmp,C:\Development\Git\Afevis-MGS2-Bugfix-Compilation\Texture Fixes\ps2 textures\OPAQUE\same sha1\w01a0_clit03_add.bmp.png
w01a0_dr03.bmp,C:\Development\Git\Afevis-MGS2-Bugfix-Compilation\Texture Fixes\ps2 textures\OPAQUE\same sha1\w01a0_dr03.bmp.png
w01a0_ent01.bmp,C:\Development\Git\Afevis-MGS2-Bugfix-Compilation\Texture Fixes\ps2 textures\OPAQUE\bp_remade\w01a0_ent01.bmp.png
w01a0_ent04.bmp,C:\Development\Git\Afevis-MGS2-Bugfix-Compilation\Texture Fixes\ps2 textures\OPAQUE\bp_remade\w01a0_ent04.bmp.png
w01a0_fl04.bmp,C:\Development\Git\Afevis-MGS2-Bugfix-Compilation\Texture Fixes\ps2 textures\OPAQUE\bp_remade\w01a0_fl04.bmp.png
w01a0_fl06.bmp,C:\Development\Git\Afevis-MGS2-Bugfix-Compilation\Texture Fixes\ps2 textures\OPAQUE\bp_remade\w01a0_fl06.bmp.png
w01a0_fl06a.bmp,C:\Development\Git\Afevis-MGS2-Bugfix-Compilation\Texture Fixes\ps2 textures\OPAQUE\bp_remade\w01a0_fl06a.bmp.png
w01a0_fl06b.bmp,C:\Development\Git\Afevis-MGS2-Bugfix-Compilation\Texture Fixes\ps2 textures\OPAQUE\bp_remade\w01a0_fl06b.bmp.png
w01a0_pp01.bmp_c4f68f448cb866fd05ff299f47307e75,C:\Development\Git\Afevis-MGS2-Bugfix-Compilation\Texture Fixes\ps2 textures\OPAQUE\bp_remade\w01a0_pp01.bmp_c4f68f448cb866fd05ff299f47307e75.png
w01a0_pp02.bmp,C:\Development\Git\Afevis-MGS2-Bugfix-Compilation\Texture Fixes\ps2 textures\OPAQUE\same sha1\w01a0_pp02.bmp.png
w01a0_pp02a.bmp,C:\Development\Git\Afevis-MGS2-Bugfix-Compilation\Texture Fixes\ps2 textures\OPAQUE\bp_remade\w01a0_pp02a.bmp.png
w01a0_pp02b.bmp,C:\Development\Git\Afevis-MGS2-Bugfix-Compilation\Texture Fixes\ps2 textures\OPAQUE\same sha1\w01a0_pp02b.bmp.png
w01a0_pp03.bmp,C:\Development\Git\Afevis-MGS2-Bugfix-Compilation\Texture Fixes\ps2 textures\OPAQUE\bp_remade\w01a0_pp03.bmp.png
w01a0_pp04.bmp,C:\Development\Git\Afevis-MGS2-Bugfix-Compilation\Texture Fixes\ps2 textures\OPAQUE\same sha1\w01a0_pp04.bmp.png
w01a0_pp05.bmp,C:\Development\Git\Afevis-MGS2-Bugfix-Compilation\Texture Fixes\ps2 textures\OPAQUE\same sha1\w01a0_pp05.bmp.png
w01a0_pp06.bmp,C:\Development\Git\Afevis-MGS2-Bugfix-Compilation\Texture Fixes\ps2 textures\OPAQUE\same sha1\w01a0_pp06.bmp.png
w01a0_ppb01.bmp,C:\Development\Git\Afevis-MGS2-Bugfix-Compilation\Texture Fixes\ps2 textures\OPAQUE\same sha1\w01a0_ppb01.bmp.png
w01a0_ppb01a.bmp,C:\Development\Git\Afevis-MGS2-Bugfix-Compilation\Texture Fixes\ps2 textures\OPAQUE\same sha1\w01a0_ppb01a.bmp.png
w01a0_ppb01b.bmp,C:\Development\Git\Afevis-MGS2-Bugfix-Compilation\Texture Fixes\ps2 textures\OPAQUE\same sha1\w01a0_ppb01b.bmp.png
w01a0_rf03.bmp,C:\Development\Git\Afevis-MGS2-Bugfix-Compilation\Texture Fixes\ps2 textures\OPAQUE\bp_remade\w01a0_rf03.bmp.png
w01a0_rf03a.bmp,C:\Development\Git\Afevis-MGS2-Bugfix-Compilation\Texture Fixes\ps2 textures\OPAQUE\bp_remade\w01a0_rf03a.bmp.png
w01a0_rf03b.bmp,C:\Development\Git\Afevis-MGS2-Bugfix-Compilation\Texture Fixes\ps2 textures\OPAQUE\same sha1\w01a0_rf03b.bmp.png
w01a0_rf04.bmp,C:\Development\Git\Afevis-MGS2-Bugfix-Compilation\Texture Fixes\ps2 textures\OPAQUE\same sha1\w01a0_rf04.bmp.png
w01a0_rf04_under.bmp,C:\Development\Git\Afevis-MGS2-Bugfix-Compilation\Texture Fixes\ps2 textures\OPAQUE\same sha1\w01a0_rf04_under.bmp.png
w01a0_rf05.bmp,C:\Development\Git\Afevis-MGS2-Bugfix-Compilation\Texture Fixes\ps2 textures\OPAQUE\bp_remade\w01a0_rf05.bmp.png
w01a0_rf06.bmp_90fa0509b87ab68d3b12af560259157d,C:\Development\Git\Afevis-MGS2-Bugfix-Compilation\Texture Fixes\ps2 textures\OPAQUE\same sha1\w01a0_rf06.bmp_90fa0509b87ab68d3b12af560259157d.png
w01a0_w05.bmp,C:\Development\Git\Afevis-MGS2-Bugfix-Compilation\Texture Fixes\ps2 textures\OPAQUE\bp_remade\w01a0_w05.bmp.png
w01a0_w06.bmp,C:\Development\Git\Afevis-MGS2-Bugfix-Compilation\Texture Fixes\ps2 textures\OPAQUE\bp_remade\w01a0_w06.bmp.png
w01a0_w09e.bmp,C:\Development\Git\Afevis-MGS2-Bugfix-Compilation\Texture Fixes\ps2 textures\OPAQUE\bp_remade\w01a0_w09e.bmp.png
w01a0_w09f.bmp,C:\Development\Git\Afevis-MGS2-Bugfix-Compilation\Texture Fixes\ps2 textures\OPAQUE\bp_remade\w01a0_w09f.bmp.png
w01a0_w09g.bmp,C:\Development\Git\Afevis-MGS2-Bugfix-Compilation\Texture Fixes\ps2 textures\OPAQUE\bp_remade\w01a0_w09g.bmp.png
w01a0_w10bu.bmp,C:\Development\Git\Afevis-MGS2-Bugfix-Compilation\Texture Fixes\ps2 textures\OPAQUE\bp_remade\w01a0_w10bu.bmp.png
w01a0_w10cd.bmp,C:\Development\Git\Afevis-MGS2-Bugfix-Compilation\Texture Fixes\ps2 textures\OPAQUE\bp_remade\w01a0_w10cd.bmp.png
w01a0_w10cu.bmp,C:\Development\Git\Afevis-MGS2-Bugfix-Compilation\Texture Fixes\ps2 textures\OPAQUE\bp_remade\w01a0_w10cu.bmp.png
w01a0_w10du.bmp,C:\Development\Git\Afevis-MGS2-Bugfix-Compilation\Texture Fixes\ps2 textures\OPAQUE\bp_remade\w01a0_w10du.bmp.png
w01a0_w10e.bmp,C:\Development\Git\Afevis-MGS2-Bugfix-Compilation\Texture Fixes\ps2 textures\OPAQUE\bp_remade\w01a0_w10e.bmp.png
w01a0_w11.bmp,C:\Development\Git\Afevis-MGS2-Bugfix-Compilation\Texture Fixes\ps2 textures\OPAQUE\bp_remade\w01a0_w11.bmp.png
w01a0_w12a.bmp,C:\Development\Git\Afevis-MGS2-Bugfix-Compilation\Texture Fixes\ps2 textures\OPAQUE\same sha1\w01a0_w12a.bmp.png
w01a0_w15a.bmp,C:\Development\Git\Afevis-MGS2-Bugfix-Compilation\Texture Fixes\ps2 textures\OPAQUE\bp_remade\w01a0_w15a.bmp.png
w01a0_w15b.bmp,C:\Development\Git\Afevis-MGS2-Bugfix-Compilation\Texture Fixes\ps2 textures\OPAQUE\bp_remade\w01a0_w15b.bmp.png
w01a0_wh02.bmp,C:\Development\Git\Afevis-MGS2-Bugfix-Compilation\Texture Fixes\ps2 textures\OPAQUE\bp_remade\w01a0_wh02.bmp.png
w01a0_wh02a.bmp,C:\Development\Git\Afevis-MGS2-Bugfix-Compilation\Texture Fixes\ps2 textures\OPAQUE\same sha1\w01a0_wh02a.bmp.png
w01a0lc_loc2.bmp,C:\Development\Git\Afevis-MGS2-Bugfix-Compilation\Texture Fixes\ps2 textures\OPAQUE\bp_remade\w01a0lc_loc2.bmp.png
w01a13_wall_step.bmp,C:\Development\Git\Afevis-MGS2-Bugfix-Compilation\Texture Fixes\ps2 textures\OPAQUE\same sha1\w01a13_wall_step.bmp.png
w01a1_barrf00a.bmp,C:\Development\Git\Afevis-MGS2-Bugfix-Compilation\Texture Fixes\ps2 textures\OPAQUE\same sha1\w01a1_barrf00a.bmp.png
w01a1_cfl00a.bmp,C:\Development\Git\Afevis-MGS2-Bugfix-Compilation\Texture Fixes\ps2 textures\OPAQUE\bp_remade\w01a1_cfl00a.bmp.png
w01a1_clit01.bmp,C:\Development\Git\Afevis-MGS2-Bugfix-Compilation\Texture Fixes\ps2 textures\OPAQUE\same sha1\w01a1_clit01.bmp.png
w01a1_clit01.bmp_642f81b45669749eafe80f4018a5d87c,C:\Development\Git\Afevis-MGS2-Bugfix-Compilation\Texture Fixes\ps2 textures\OPAQUE\same sha1\w01a1_clit01.bmp_642f81b45669749eafe80f4018a5d87c.png
w01a1_cw00.bmp,C:\Development\Git\Afevis-MGS2-Bugfix-Compilation\Texture Fixes\ps2 textures\OPAQUE\bp_remade\w01a1_cw00.bmp.png
w01a1_cw00a.bmp,C:\Development\Git\Afevis-MGS2-Bugfix-Compilation\Texture Fixes\ps2 textures\OPAQUE\bp_remade\w01a1_cw00a.bmp.png
w01a1_cw00b.bmp,C:\Development\Git\Afevis-MGS2-Bugfix-Compilation\Texture Fixes\ps2 textures\OPAQUE\bp_remade\w01a1_cw00b.bmp.png
w01a1_cw01a.bmp,C:\Development\Git\Afevis-MGS2-Bugfix-Compilation\Texture Fixes\ps2 textures\OPAQUE\bp_remade\w01a1_cw01a.bmp.png
w01a1_cw01b.bmp,C:\Development\Git\Afevis-MGS2-Bugfix-Compilation\Texture Fixes\ps2 textures\OPAQUE\bp_remade\w01a1_cw01b.bmp.png
w01a1_cw01c.bmp,C:\Development\Git\Afevis-MGS2-Bugfix-Compilation\Texture Fixes\ps2 textures\OPAQUE\bp_remade\w01a1_cw01c.bmp.png
w01a1_cw02.bmp,C:\Development\Git\Afevis-MGS2-Bugfix-Compilation\Texture Fixes\ps2 textures\OPAQUE\bp_remade\w01a1_cw02.bmp.png
w01a1_cw02a.bmp,C:\Development\Git\Afevis-MGS2-Bugfix-Compilation\Texture Fixes\ps2 textures\OPAQUE\bp_remade\w01a1_cw02a.bmp.png
w01a1_ent04.bmp,C:\Development\Git\Afevis-MGS2-Bugfix-Compilation\Texture Fixes\ps2 textures\OPAQUE\same sha1\w01a1_ent04.bmp.png
w01a1_glswl00.bmp,C:\Development\Git\Afevis-MGS2-Bugfix-Compilation\Texture Fixes\ps2 textures\OPAQUE\bp_remade\w01a1_glswl00.bmp.png
w01a1_glswl01.bmp,C:\Development\Git\Afevis-MGS2-Bugfix-Compilation\Texture Fixes\ps2 textures\OPAQUE\bp_remade\w01a1_glswl01.bmp.png
w01a1_glswl02.bmp,C:\Development\Git\Afevis-MGS2-Bugfix-Compilation\Texture Fixes\ps2 textures\OPAQUE\bp_remade\w01a1_glswl02.bmp.png
w01a1_gw00_bld050.bmp,C:\Development\Git\Afevis-MGS2-Bugfix-Compilation\Texture Fixes\ps2 textures\HAS ALPHA\same sha1\w01a1_gw00_bld050.bmp.png
w01a1_gwl01.bmp,C:\Development\Git\Afevis-MGS2-Bugfix-Compilation\Texture Fixes\ps2 textures\OPAQUE\same sha1\w01a1_gwl01.bmp.png
w01a1_rfb00.bmp,C:\Development\Git\Afevis-MGS2-Bugfix-Compilation\Texture Fixes\ps2 textures\OPAQUE\same sha1\w01a1_rfb00.bmp.png
w01a1_rfb00b.bmp,C:\Development\Git\Afevis-MGS2-Bugfix-Compilation\Texture Fixes\ps2 textures\OPAQUE\same sha1\w01a1_rfb00b.bmp.png
w01a1_rfb00c.bmp,C:\Development\Git\Afevis-MGS2-Bugfix-Compilation\Texture Fixes\ps2 textures\OPAQUE\same sha1\w01a1_rfb00c.bmp.png
w01a1_rfb00c2.bmp,C:\Development\Git\Afevis-MGS2-Bugfix-Compilation\Texture Fixes\ps2 textures\OPAQUE\same sha1\w01a1_rfb00c2.bmp.png
w01a1_rfb00d.bmp,C:\Development\Git\Afevis-MGS2-Bugfix-Compilation\Texture Fixes\ps2 textures\OPAQUE\same sha1\w01a1_rfb00d.bmp.png
w01a1_rfb00e.bmp,C:\Development\Git\Afevis-MGS2-Bugfix-Compilation\Texture Fixes\ps2 textures\OPAQUE\same sha1\w01a1_rfb00e.bmp.png
w01a1_rfb00f2.bmp,C:\Development\Git\Afevis-MGS2-Bugfix-Compilation\Texture Fixes\ps2 textures\OPAQUE\same sha1\w01a1_rfb00f2.bmp.png
w01a1_rfb00f3.bmp,C:\Development\Git\Afevis-MGS2-Bugfix-Compilation\Texture Fixes\ps2 textures\OPAQUE\same sha1\w01a1_rfb00f3.bmp.png
w01a1_rfb00g.bmp,C:\Development\Git\Afevis-MGS2-Bugfix-Compilation\Texture Fixes\ps2 textures\OPAQUE\same sha1\w01a1_rfb00g.bmp.png
w01a1_rfb01.bmp,C:\Development\Git\Afevis-MGS2-Bugfix-Compilation\Texture Fixes\ps2 textures\OPAQUE\same sha1\w01a1_rfb01.bmp.png
w01a1_rfb02.bmp,C:\Development\Git\Afevis-MGS2-Bugfix-Compilation\Texture Fixes\ps2 textures\OPAQUE\same sha1\w01a1_rfb02.bmp.png
w01a1_rfb02b.bmp,C:\Development\Git\Afevis-MGS2-Bugfix-Compilation\Texture Fixes\ps2 textures\OPAQUE\same sha1\w01a1_rfb02b.bmp.png
w01a1_rfc00.bmp,C:\Development\Git\Afevis-MGS2-Bugfix-Compilation\Texture Fixes\ps2 textures\OPAQUE\bp_remade\w01a1_rfc00.bmp.png
w01a1_rfc01.bmp,C:\Development\Git\Afevis-MGS2-Bugfix-Compilation\Texture Fixes\ps2 textures\OPAQUE\same sha1\w01a1_rfc01.bmp.png
w01a1_rfc04.bmp,C:\Development\Git\Afevis-MGS2-Bugfix-Compilation\Texture Fixes\ps2 textures\OPAQUE\same sha1\w01a1_rfc04.bmp.png
w01a1_rflit01_add_alp.bmp,C:\Development\Git\Afevis-MGS2-Bugfix-Compilation\Texture Fixes\ps2 textures\HAS ALPHA\same sha1\w01a1_rflit01_add_alp.bmp.png
w01a1_sptlit00.bmp,C:\Development\Git\Afevis-MGS2-Bugfix-Compilation\Texture Fixes\ps2 textures\OPAQUE\same sha1\w01a1_sptlit00.bmp.png
w01a1_sptlit01.bmp,C:\Development\Git\Afevis-MGS2-Bugfix-Compilation\Texture Fixes\ps2 textures\OPAQUE\same sha1\w01a1_sptlit01.bmp.png
w01a1_stp01.bmp,C:\Development\Git\Afevis-MGS2-Bugfix-Compilation\Texture Fixes\ps2 textures\OPAQUE\same sha1\w01a1_stp01.bmp.png
w01a1_stp02.bmp,C:\Development\Git\Afevis-MGS2-Bugfix-Compilation\Texture Fixes\ps2 textures\OPAQUE\same sha1\w01a1_stp02.bmp.png
w01a1_tb02.bmp,C:\Development\Git\Afevis-MGS2-Bugfix-Compilation\Texture Fixes\ps2 textures\OPAQUE\same sha1\w01a1_tb02.bmp.png
w01a1_wb03.bmp,C:\Development\Git\Afevis-MGS2-Bugfix-Compilation\Texture Fixes\ps2 textures\OPAQUE\bp_remade\w01a1_wb03.bmp.png
w01a1_wlp01.bmp,C:\Development\Git\Afevis-MGS2-Bugfix-Compilation\Texture Fixes\ps2 textures\OPAQUE\bp_remade\w01a1_wlp01.bmp.png
w01a1_wlp04.bmp,C:\Development\Git\Afevis-MGS2-Bugfix-Compilation\Texture Fixes\ps2 textures\OPAQUE\same sha1\w01a1_wlp04.bmp.png
w01a1_wp01a.bmp,C:\Development\Git\Afevis-MGS2-Bugfix-Compilation\Texture Fixes\ps2 textures\OPAQUE\same sha1\w01a1_wp01a.bmp.png
w01a_00a_fl00.bmp,C:\Development\Git\Afevis-MGS2-Bugfix-Compilation\Texture Fixes\ps2 textures\OPAQUE\same sha1\w01a_00a_fl00.bmp.png
w01a_barc_01.bmp,C:\Development\Git\Afevis-MGS2-Bugfix-Compilation\Texture Fixes\ps2 textures\OPAQUE\same sha1\w01a_barc_01.bmp.png
w01a_bardr00.bmp,C:\Development\Git\Afevis-MGS2-Bugfix-Compilation\Texture Fixes\ps2 textures\OPAQUE\bp_remade\w01a_bardr00.bmp.png
w01a_bardr02.bmp,C:\Development\Git\Afevis-MGS2-Bugfix-Compilation\Texture Fixes\ps2 textures\OPAQUE\same sha1\w01a_bardr02.bmp.png
w01a_bardr03.bmp,C:\Development\Git\Afevis-MGS2-Bugfix-Compilation\Texture Fixes\ps2 textures\OPAQUE\same sha1\w01a_bardr03.bmp.png
w01a_bark02.bmp,C:\Development\Git\Afevis-MGS2-Bugfix-Compilation\Texture Fixes\ps2 textures\OPAQUE\same sha1\w01a_bark02.bmp.png
w01a_bart02.bmp,C:\Development\Git\Afevis-MGS2-Bugfix-Compilation\Texture Fixes\ps2 textures\OPAQUE\same sha1\w01a_bart02.bmp.png
w01a_bart03.bmp,C:\Development\Git\Afevis-MGS2-Bugfix-Compilation\Texture Fixes\ps2 textures\OPAQUE\same sha1\w01a_bart03.bmp.png
w01a_bart04.bmp,C:\Development\Git\Afevis-MGS2-Bugfix-Compilation\Texture Fixes\ps2 textures\OPAQUE\same sha1\w01a_bart04.bmp.png
w01a_barwl01.bmp,C:\Development\Git\Afevis-MGS2-Bugfix-Compilation\Texture Fixes\ps2 textures\OPAQUE\same sha1\w01a_barwl01.bmp.png
w01a_barwl02.bmp,C:\Development\Git\Afevis-MGS2-Bugfix-Compilation\Texture Fixes\ps2 textures\OPAQUE\bp_remade\w01a_barwl02.bmp.png
w01a_barwl02a.bmp,C:\Development\Git\Afevis-MGS2-Bugfix-Compilation\Texture Fixes\ps2 textures\OPAQUE\same sha1\w01a_barwl02a.bmp.png
w01a_barwtr01.bmp,C:\Development\Git\Afevis-MGS2-Bugfix-Compilation\Texture Fixes\ps2 textures\OPAQUE\same sha1\w01a_barwtr01.bmp.png
w01a_barwtr03.bmp,C:\Development\Git\Afevis-MGS2-Bugfix-Compilation\Texture Fixes\ps2 textures\OPAQUE\same sha1\w01a_barwtr03.bmp.png
w01a_chrb00.bmp,C:\Development\Git\Afevis-MGS2-Bugfix-Compilation\Texture Fixes\ps2 textures\OPAQUE\bp_remade\w01a_chrb00.bmp.png
w01a_dr04a.bmp,C:\Development\Git\Afevis-MGS2-Bugfix-Compilation\Texture Fixes\ps2 textures\OPAQUE\bp_remade\w01a_dr04a.bmp.png
w01a_fp01.bmp,C:\Development\Git\Afevis-MGS2-Bugfix-Compilation\Texture Fixes\ps2 textures\OPAQUE\same sha1\w01a_fp01.bmp.png
w01a_gwl00.bmp,C:\Development\Git\Afevis-MGS2-Bugfix-Compilation\Texture Fixes\ps2 textures\OPAQUE\same sha1\w01a_gwl00.bmp.png
w01a_gwl02.bmp,C:\Development\Git\Afevis-MGS2-Bugfix-Compilation\Texture Fixes\ps2 textures\OPAQUE\same sha1\w01a_gwl02.bmp.png
w01a_lit01.bmp,C:\Development\Git\Afevis-MGS2-Bugfix-Compilation\Texture Fixes\ps2 textures\OPAQUE\same sha1\w01a_lit01.bmp.png
w01a_lit01_add_ovl.bmp,C:\Development\Git\Afevis-MGS2-Bugfix-Compilation\Texture Fixes\ps2 textures\OPAQUE\same sha1\w01a_lit01_add_ovl.bmp.png
w01a_rfb03.bmp,C:\Development\Git\Afevis-MGS2-Bugfix-Compilation\Texture Fixes\ps2 textures\OPAQUE\same sha1\w01a_rfb03.bmp.png
w01a_rfc01.bmp,C:\Development\Git\Afevis-MGS2-Bugfix-Compilation\Texture Fixes\ps2 textures\OPAQUE\same sha1\w01a_rfc01.bmp.png
w01a_rfc02.bmp,C:\Development\Git\Afevis-MGS2-Bugfix-Compilation\Texture Fixes\ps2 textures\OPAQUE\same sha1\w01a_rfc02.bmp.png
w01a_stp00.bmp,C:\Development\Git\Afevis-MGS2-Bugfix-Compilation\Texture Fixes\ps2 textures\OPAQUE\same sha1\w01a_stp00.bmp.png
w01a_stp00a.bmp,C:\Development\Git\Afevis-MGS2-Bugfix-Compilation\Texture Fixes\ps2 textures\OPAQUE\same sha1\w01a_stp00a.bmp.png
w01a_stp00b.bmp,C:\Development\Git\Afevis-MGS2-Bugfix-Compilation\Texture Fixes\ps2 textures\OPAQUE\bp_remade\w01a_stp00b.bmp.png
w01a_stp03.bmp,C:\Development\Git\Afevis-MGS2-Bugfix-Compilation\Texture Fixes\ps2 textures\OPAQUE\same sha1\w01a_stp03.bmp.png
w01a_stp04.bmp,C:\Development\Git\Afevis-MGS2-Bugfix-Compilation\Texture Fixes\ps2 textures\OPAQUE\same sha1\w01a_stp04.bmp.png
w01a_stpt01.bmp,C:\Development\Git\Afevis-MGS2-Bugfix-Compilation\Texture Fixes\ps2 textures\OPAQUE\same sha1\w01a_stpt01.bmp.png
w01a_stpt02.bmp,C:\Development\Git\Afevis-MGS2-Bugfix-Compilation\Texture Fixes\ps2 textures\OPAQUE\same sha1\w01a_stpt02.bmp.png
w01a_undtsr00.bmp,C:\Development\Git\Afevis-MGS2-Bugfix-Compilation\Texture Fixes\ps2 textures\OPAQUE\same sha1\w01a_undtsr00.bmp.png
w01a_undw00a.bmp,C:\Development\Git\Afevis-MGS2-Bugfix-Compilation\Texture Fixes\ps2 textures\OPAQUE\same sha1\w01a_undw00a.bmp.png
w01a_w16b.bmp,C:\Development\Git\Afevis-MGS2-Bugfix-Compilation\Texture Fixes\ps2 textures\OPAQUE\bp_remade\w01a_w16b.bmp.png
w01a_wlin00a.bmp,C:\Development\Git\Afevis-MGS2-Bugfix-Compilation\Texture Fixes\ps2 textures\OPAQUE\same sha1\w01a_wlin00a.bmp.png
w01a_wlin01a.bmp,C:\Development\Git\Afevis-MGS2-Bugfix-Compilation\Texture Fixes\ps2 textures\OPAQUE\same sha1\w01a_wlin01a.bmp.png
w01a_wlin02a.bmp,C:\Development\Git\Afevis-MGS2-Bugfix-Compilation\Texture Fixes\ps2 textures\OPAQUE\same sha1\w01a_wlin02a.bmp.png
w01a_wlin03a.bmp,C:\Development\Git\Afevis-MGS2-Bugfix-Compilation\Texture Fixes\ps2 textures\OPAQUE\same sha1\w01a_wlin03a.bmp.png
w01a_wlin03b.bmp,C:\Development\Git\Afevis-MGS2-Bugfix-Compilation\Texture Fixes\ps2 textures\OPAQUE\same sha1\w01a_wlin03b.bmp.png
w01a_wlin04.bmp,C:\Development\Git\Afevis-MGS2-Bugfix-Compilation\Texture Fixes\ps2 textures\OPAQUE\same sha1\w01a_wlin04.bmp.png
w01a_wlin04b.bmp,C:\Development\Git\Afevis-MGS2-Bugfix-Compilation\Texture Fixes\ps2 textures\OPAQUE\same sha1\w01a_wlin04b.bmp.png
w01alc_gmen3.bmp,C:\Development\Git\Afevis-MGS2-Bugfix-Compilation\Texture Fixes\ps2 textures\OPAQUE\bp_remade\w01alc_gmen3.bmp.png
w01alc_sdw00_alp_ovl.bmp,C:\Development\Git\Afevis-MGS2-Bugfix-Compilation\Texture Fixes\ps2 textures\HAS ALPHA\same sha1\w01alc_sdw00_alp_ovl.bmp.png
w01alc_tes1.bmp,C:\Development\Git\Afevis-MGS2-Bugfix-Compilation\Texture Fixes\ps2 textures\OPAQUE\bp_remade\w01alc_tes1.bmp.png
w01alc_tes2.bmp,C:\Development\Git\Afevis-MGS2-Bugfix-Compilation\Texture Fixes\ps2 textures\OPAQUE\bp_remade\w01alc_tes2.bmp.png
w01alc_tes3.bmp,C:\Development\Git\Afevis-MGS2-Bugfix-Compilation\Texture Fixes\ps2 textures\OPAQUE\bp_remade\w01alc_tes3.bmp.png
w01b0_wa05d.bmp,C:\Development\Git\Afevis-MGS2-Bugfix-Compilation\Texture Fixes\ps2 textures\OPAQUE\bp_remade\w01b0_wa05d.bmp.png
w01b1_kage00_alp_ovl.bmp,C:\Development\Git\Afevis-MGS2-Bugfix-Compilation\Texture Fixes\ps2 textures\HAS ALPHA\same sha1\w01b1_kage00_alp_ovl.bmp.png
w01b_00ak_flr2.bmp,C:\Development\Git\Afevis-MGS2-Bugfix-Compilation\Texture Fixes\ps2 textures\OPAQUE\same sha1\w01b_00ak_flr2.bmp.png
w01b_00ak_gateflor1.bmp,C:\Development\Git\Afevis-MGS2-Bugfix-Compilation\Texture Fixes\ps2 textures\OPAQUE\same sha1\w01b_00ak_gateflor1.bmp.png
w01b_00ak_sf1.bmp,C:\Development\Git\Afevis-MGS2-Bugfix-Compilation\Texture Fixes\ps2 textures\OPAQUE\same sha1\w01b_00ak_sf1.bmp.png
w01b_00ak_tailflr1.bmp,C:\Development\Git\Afevis-MGS2-Bugfix-Compilation\Texture Fixes\ps2 textures\OPAQUE\same sha1\w01b_00ak_tailflr1.bmp.png
w01b_01c_ppb00.bmp,C:\Development\Git\Afevis-MGS2-Bugfix-Compilation\Texture Fixes\ps2 textures\OPAQUE\same sha1\w01b_01c_ppb00.bmp.png
w01b_01c_wb00a.bmp,C:\Development\Git\Afevis-MGS2-Bugfix-Compilation\Texture Fixes\ps2 textures\OPAQUE\same sha1\w01b_01c_wb00a.bmp.png
w01b_01f_rf00.bmp,C:\Development\Git\Afevis-MGS2-Bugfix-Compilation\Texture Fixes\ps2 textures\OPAQUE\same sha1\w01b_01f_rf00.bmp.png
w01b_01f_stp00a.bmp,C:\Development\Git\Afevis-MGS2-Bugfix-Compilation\Texture Fixes\ps2 textures\OPAQUE\same sha1\w01b_01f_stp00a.bmp.png
w01b_01f_stp01.bmp,C:\Development\Git\Afevis-MGS2-Bugfix-Compilation\Texture Fixes\ps2 textures\OPAQUE\same sha1\w01b_01f_stp01.bmp.png
w01b_dr03b.bmp,C:\Development\Git\Afevis-MGS2-Bugfix-Compilation\Texture Fixes\ps2 textures\OPAQUE\same sha1\w01b_dr03b.bmp.png
w01b_fla00_bld080_ovl.bmp,C:\Development\Git\Afevis-MGS2-Bugfix-Compilation\Texture Fixes\ps2 textures\HAS ALPHA\same sha1\w01b_fla00_bld080_ovl.bmp.png
w01b_fla00a_bld080_ovl.bmp,C:\Development\Git\Afevis-MGS2-Bugfix-Compilation\Texture Fixes\ps2 textures\HAS ALPHA\same sha1\w01b_fla00a_bld080_ovl.bmp.png
w01b_fla00u_alp_ovl.bmp,C:\Development\Git\Afevis-MGS2-Bugfix-Compilation\Texture Fixes\ps2 textures\HAS ALPHA\same sha1\w01b_fla00u_alp_ovl.bmp.png
w01b_fla03_bld080_ovl.bmp,C:\Development\Git\Afevis-MGS2-Bugfix-Compilation\Texture Fixes\ps2 textures\HAS ALPHA\same sha1\w01b_fla03_bld080_ovl.bmp.png
w01b_fla03u_alp_ovl.bmp,C:\Development\Git\Afevis-MGS2-Bugfix-Compilation\Texture Fixes\ps2 textures\HAS ALPHA\same sha1\w01b_fla03u_alp_ovl.bmp.png
w01b_fla04_bld080_ovl.bmp,C:\Development\Git\Afevis-MGS2-Bugfix-Compilation\Texture Fixes\ps2 textures\HAS ALPHA\same sha1\w01b_fla04_bld080_ovl.bmp.png
w01b_fla06_bld080_ovl.bmp,C:\Development\Git\Afevis-MGS2-Bugfix-Compilation\Texture Fixes\ps2 textures\HAS ALPHA\same sha1\w01b_fla06_bld080_ovl.bmp.png
w01b_fla07_bld080_ovl.bmp,C:\Development\Git\Afevis-MGS2-Bugfix-Compilation\Texture Fixes\ps2 textures\HAS ALPHA\same sha1\w01b_fla07_bld080_ovl.bmp.png
w01b_fla07u_alp_ovl.bmp,C:\Development\Git\Afevis-MGS2-Bugfix-Compilation\Texture Fixes\ps2 textures\HAS ALPHA\same sha1\w01b_fla07u_alp_ovl.bmp.png
w01b_flc00.bmp,C:\Development\Git\Afevis-MGS2-Bugfix-Compilation\Texture Fixes\ps2 textures\OPAQUE\bp_remade\w01b_flc00.bmp.png
w01b_flc00c.bmp,C:\Development\Git\Afevis-MGS2-Bugfix-Compilation\Texture Fixes\ps2 textures\OPAQUE\bp_remade\w01b_flc00c.bmp.png
w01b_flc00d.bmp,C:\Development\Git\Afevis-MGS2-Bugfix-Compilation\Texture Fixes\ps2 textures\OPAQUE\bp_remade\w01b_flc00d.bmp.png
w01b_gas_dai00.bmp,C:\Development\Git\Afevis-MGS2-Bugfix-Compilation\Texture Fixes\ps2 textures\OPAQUE\same sha1\w01b_gas_dai00.bmp.png
w01b_lit00_add_alp.bmp,C:\Development\Git\Afevis-MGS2-Bugfix-Compilation\Texture Fixes\ps2 textures\HAS ALPHA\same sha1\w01b_lit00_add_alp.bmp.png
w01b_rfa00.bmp,C:\Development\Git\Afevis-MGS2-Bugfix-Compilation\Texture Fixes\ps2 textures\OPAQUE\bp_remade\w01b_rfa00.bmp.png
w01b_rfa00a.bmp,C:\Development\Git\Afevis-MGS2-Bugfix-Compilation\Texture Fixes\ps2 textures\OPAQUE\bp_remade\w01b_rfa00a.bmp.png
w01b_rfa02a.bmp,C:\Development\Git\Afevis-MGS2-Bugfix-Compilation\Texture Fixes\ps2 textures\OPAQUE\bp_remade\w01b_rfa02a.bmp.png
w01b_rfa04a.bmp,C:\Development\Git\Afevis-MGS2-Bugfix-Compilation\Texture Fixes\ps2 textures\OPAQUE\bp_remade\w01b_rfa04a.bmp.png
w01b_rfb01a.bmp,C:\Development\Git\Afevis-MGS2-Bugfix-Compilation\Texture Fixes\ps2 textures\OPAQUE\same sha1\w01b_rfb01a.bmp.png
w01b_stpw00.bmp,C:\Development\Git\Afevis-MGS2-Bugfix-Compilation\Texture Fixes\ps2 textures\OPAQUE\same sha1\w01b_stpw00.bmp.png
w01b_tsr00.bmp,C:\Development\Git\Afevis-MGS2-Bugfix-Compilation\Texture Fixes\ps2 textures\OPAQUE\same sha1\w01b_tsr00.bmp.png
w01b_tsr01.bmp,C:\Development\Git\Afevis-MGS2-Bugfix-Compilation\Texture Fixes\ps2 textures\OPAQUE\same sha1\w01b_tsr01.bmp.png
w01b_wa05e.bmp,C:\Development\Git\Afevis-MGS2-Bugfix-Compilation\Texture Fixes\ps2 textures\OPAQUE\bp_remade\w01b_wa05e.bmp.png
w01b_wb00a.bmp,C:\Development\Git\Afevis-MGS2-Bugfix-Compilation\Texture Fixes\ps2 textures\OPAQUE\bp_remade\w01b_wb00a.bmp.png
w01b_wb00b.bmp,C:\Development\Git\Afevis-MGS2-Bugfix-Compilation\Texture Fixes\ps2 textures\OPAQUE\bp_remade\w01b_wb00b.bmp.png
w01b_wb03.bmp_6ef77a2ce547246938dd483099ada51f,C:\Development\Git\Afevis-MGS2-Bugfix-Compilation\Texture Fixes\ps2 textures\OPAQUE\bp_remade\w01b_wb03.bmp_6ef77a2ce547246938dd483099ada51f.png
w01b_wb03a.bmp_3c286437256f3582b52a76fe837f09a0,C:\Development\Git\Afevis-MGS2-Bugfix-Compilation\Texture Fixes\ps2 textures\OPAQUE\same sha1\w01b_wb03a.bmp_3c286437256f3582b52a76fe837f09a0.png
w01b_wc00j.bmp,C:\Development\Git\Afevis-MGS2-Bugfix-Compilation\Texture Fixes\ps2 textures\OPAQUE\bp_remade\w01b_wc00j.bmp.png
w01b_wc00k.bmp,C:\Development\Git\Afevis-MGS2-Bugfix-Compilation\Texture Fixes\ps2 textures\OPAQUE\bp_remade\w01b_wc00k.bmp.png
w01b_wc01a.bmp,C:\Development\Git\Afevis-MGS2-Bugfix-Compilation\Texture Fixes\ps2 textures\OPAQUE\bp_remade\w01b_wc01a.bmp.png
w01b_wc01b.bmp,C:\Development\Git\Afevis-MGS2-Bugfix-Compilation\Texture Fixes\ps2 textures\OPAQUE\bp_remade\w01b_wc01b.bmp.png
w01b_wc13b.bmp,C:\Development\Git\Afevis-MGS2-Bugfix-Compilation\Texture Fixes\ps2 textures\OPAQUE\same sha1\w01b_wc13b.bmp.png
w01b_wc13c.bmp,C:\Development\Git\Afevis-MGS2-Bugfix-Compilation\Texture Fixes\ps2 textures\OPAQUE\same sha1\w01b_wc13c.bmp.png
w01b_winc02.bmp,C:\Development\Git\Afevis-MGS2-Bugfix-Compilation\Texture Fixes\ps2 textures\OPAQUE\same sha1\w01b_winc02.bmp.png
w01c_ana00.bmp,C:\Development\Git\Afevis-MGS2-Bugfix-Compilation\Texture Fixes\ps2 textures\OPAQUE\bp_remade\w01c_ana00.bmp.png
w01c_box00.bmp,C:\Development\Git\Afevis-MGS2-Bugfix-Compilation\Texture Fixes\ps2 textures\OPAQUE\bp_remade\w01c_box00.bmp.png
w01c_box00a.bmp,C:\Development\Git\Afevis-MGS2-Bugfix-Compilation\Texture Fixes\ps2 textures\OPAQUE\bp_remade\w01c_box00a.bmp.png
w01c_box00b.bmp,C:\Development\Git\Afevis-MGS2-Bugfix-Compilation\Texture Fixes\ps2 textures\OPAQUE\bp_remade\w01c_box00b.bmp.png
w01c_fla00b_bld080_ovl.bmp,C:\Development\Git\Afevis-MGS2-Bugfix-Compilation\Texture Fixes\ps2 textures\HAS ALPHA\same sha1\w01c_fla00b_bld080_ovl.bmp.png
w01c_fla05_bld080_ovl.bmp,C:\Development\Git\Afevis-MGS2-Bugfix-Compilation\Texture Fixes\ps2 textures\HAS ALPHA\same sha1\w01c_fla05_bld080_ovl.bmp.png
w01c_fla05u_alp_ovl.bmp,C:\Development\Git\Afevis-MGS2-Bugfix-Compilation\Texture Fixes\ps2 textures\HAS ALPHA\same sha1\w01c_fla05u_alp_ovl.bmp.png
w01c_flc00_alp_ovl.bmp,C:\Development\Git\Afevis-MGS2-Bugfix-Compilation\Texture Fixes\ps2 textures\HAS ALPHA\same sha1\w01c_flc00_alp_ovl.bmp.png
w01c_flc00_d1.bmp,C:\Development\Git\Afevis-MGS2-Bugfix-Compilation\Texture Fixes\ps2 textures\OPAQUE\same sha1\w01c_flc00_d1.bmp.png
w01c_lit01_add_alp_ovl.bmp,C:\Development\Git\Afevis-MGS2-Bugfix-Compilation\Texture Fixes\ps2 textures\HAS ALPHA\same sha1\w01c_lit01_add_alp_ovl.bmp.png
w01c_lit01b_add_alp_ovl.bmp,C:\Development\Git\Afevis-MGS2-Bugfix-Compilation\Texture Fixes\ps2 textures\HAS ALPHA\same sha1\w01c_lit01b_add_alp_ovl.bmp.png
w01c_pnl00.bmp,C:\Development\Git\Afevis-MGS2-Bugfix-Compilation\Texture Fixes\ps2 textures\OPAQUE\bp_remade\w01c_pnl00.bmp.png
w01c_pp00.bmp,C:\Development\Git\Afevis-MGS2-Bugfix-Compilation\Texture Fixes\ps2 textures\OPAQUE\same sha1\w01c_pp00.bmp.png
w01c_pp01.bmp,C:\Development\Git\Afevis-MGS2-Bugfix-Compilation\Texture Fixes\ps2 textures\OPAQUE\bp_remade\w01c_pp01.bmp.png
w01c_pp01a.bmp,C:\Development\Git\Afevis-MGS2-Bugfix-Compilation\Texture Fixes\ps2 textures\OPAQUE\bp_remade\w01c_pp01a.bmp.png
w01c_pp02.bmp,C:\Development\Git\Afevis-MGS2-Bugfix-Compilation\Texture Fixes\ps2 textures\OPAQUE\bp_remade\w01c_pp02.bmp.png
w01c_rf00.bmp,C:\Development\Git\Afevis-MGS2-Bugfix-Compilation\Texture Fixes\ps2 textures\OPAQUE\same sha1\w01c_rf00.bmp.png
w01c_rf01.bmp,C:\Development\Git\Afevis-MGS2-Bugfix-Compilation\Texture Fixes\ps2 textures\OPAQUE\bp_remade\w01c_rf01.bmp.png
w01c_rf01a.bmp,C:\Development\Git\Afevis-MGS2-Bugfix-Compilation\Texture Fixes\ps2 textures\OPAQUE\bp_remade\w01c_rf01a.bmp.png
w01c_rf02.bmp,C:\Development\Git\Afevis-MGS2-Bugfix-Compilation\Texture Fixes\ps2 textures\OPAQUE\same sha1\w01c_rf02.bmp.png
w01c_rf03.bmp,C:\Development\Git\Afevis-MGS2-Bugfix-Compilation\Texture Fixes\ps2 textures\OPAQUE\same sha1\w01c_rf03.bmp.png
w01c_rfb00.bmp,C:\Development\Git\Afevis-MGS2-Bugfix-Compilation\Texture Fixes\ps2 textures\OPAQUE\bp_remade\w01c_rfb00.bmp.png
w01c_rfb02.bmp,C:\Development\Git\Afevis-MGS2-Bugfix-Compilation\Texture Fixes\ps2 textures\OPAQUE\same sha1\w01c_rfb02.bmp.png
w01c_rfb03.bmp,C:\Development\Git\Afevis-MGS2-Bugfix-Compilation\Texture Fixes\ps2 textures\OPAQUE\same sha1\w01c_rfb03.bmp.png
w01c_rfb04.bmp,C:\Development\Git\Afevis-MGS2-Bugfix-Compilation\Texture Fixes\ps2 textures\OPAQUE\bp_remade\w01c_rfb04.bmp.png
w01c_rfc00.bmp,C:\Development\Git\Afevis-MGS2-Bugfix-Compilation\Texture Fixes\ps2 textures\OPAQUE\bp_remade\w01c_rfc00.bmp.png
w01c_stpw00.bmp,C:\Development\Git\Afevis-MGS2-Bugfix-Compilation\Texture Fixes\ps2 textures\OPAQUE\same sha1\w01c_stpw00.bmp.png
w01c_wb02.bmp,C:\Development\Git\Afevis-MGS2-Bugfix-Compilation\Texture Fixes\ps2 textures\OPAQUE\bp_remade\w01c_wb02.bmp.png
w01c_wb02a.bmp,C:\Development\Git\Afevis-MGS2-Bugfix-Compilation\Texture Fixes\ps2 textures\OPAQUE\bp_remade\w01c_wb02a.bmp.png
w01c_wb02b.bmp,C:\Development\Git\Afevis-MGS2-Bugfix-Compilation\Texture Fixes\ps2 textures\OPAQUE\same sha1\w01c_wb02b.bmp.png
w01c_wb03a.bmp,C:\Development\Git\Afevis-MGS2-Bugfix-Compilation\Texture Fixes\ps2 textures\OPAQUE\bp_remade\w01c_wb03a.bmp.png
w01c_wb03e2.bmp,C:\Development\Git\Afevis-MGS2-Bugfix-Compilation\Texture Fixes\ps2 textures\OPAQUE\bp_remade\w01c_wb03e2.bmp.png
w01c_win00.bmp,C:\Development\Git\Afevis-MGS2-Bugfix-Compilation\Texture Fixes\ps2 textures\OPAQUE\same sha1\w01c_win00.bmp.png
w01c_win00a.bmp,C:\Development\Git\Afevis-MGS2-Bugfix-Compilation\Texture Fixes\ps2 textures\OPAQUE\same sha1\w01c_win00a.bmp.png
w01c_win00b.bmp,C:\Development\Git\Afevis-MGS2-Bugfix-Compilation\Texture Fixes\ps2 textures\OPAQUE\same sha1\w01c_win00b.bmp.png
w01c_wlin00_alp_ovl.bmp,C:\Development\Git\Afevis-MGS2-Bugfix-Compilation\Texture Fixes\ps2 textures\HAS ALPHA\same sha1\w01c_wlin00_alp_ovl.bmp.png
w01d0_lit.bmp,C:\Development\Git\Afevis-MGS2-Bugfix-Compilation\Texture Fixes\ps2 textures\OPAQUE\same sha1\w01d0_lit.bmp.png
w01d0_lit_add.bmp,C:\Development\Git\Afevis-MGS2-Bugfix-Compilation\Texture Fixes\ps2 textures\OPAQUE\same sha1\w01d0_lit_add.bmp.png
w01d1_dr00.bmp,C:\Development\Git\Afevis-MGS2-Bugfix-Compilation\Texture Fixes\ps2 textures\OPAQUE\bp_remade\w01d1_dr00.bmp.png
w01d1_fl00a_bld080_ovl.bmp,C:\Development\Git\Afevis-MGS2-Bugfix-Compilation\Texture Fixes\ps2 textures\HAS ALPHA\same sha1\w01d1_fl00a_bld080_ovl.bmp.png
w01d1_fla00_bld080_ovl.bmp,C:\Development\Git\Afevis-MGS2-Bugfix-Compilation\Texture Fixes\ps2 textures\HAS ALPHA\same sha1\w01d1_fla00_bld080_ovl.bmp.png
w01d1_fla00b_bld080_ovl.bmp,C:\Development\Git\Afevis-MGS2-Bugfix-Compilation\Texture Fixes\ps2 textures\HAS ALPHA\same sha1\w01d1_fla00b_bld080_ovl.bmp.png
w01d1_fla00c_bld080_ovl.bmp,C:\Development\Git\Afevis-MGS2-Bugfix-Compilation\Texture Fixes\ps2 textures\HAS ALPHA\same sha1\w01d1_fla00c_bld080_ovl.bmp.png
w01d1_fla00d_bld080_ovl.bmp,C:\Development\Git\Afevis-MGS2-Bugfix-Compilation\Texture Fixes\ps2 textures\HAS ALPHA\same sha1\w01d1_fla00d_bld080_ovl.bmp.png
w01d1_fla01_bld080_ovl.bmp,C:\Development\Git\Afevis-MGS2-Bugfix-Compilation\Texture Fixes\ps2 textures\HAS ALPHA\same sha1\w01d1_fla01_bld080_ovl.bmp.png
w01d1_fla01a_bld080_ovl.bmp,C:\Development\Git\Afevis-MGS2-Bugfix-Compilation\Texture Fixes\ps2 textures\HAS ALPHA\same sha1\w01d1_fla01a_bld080_ovl.bmp.png
w01d1_fla02_bld080_ovl.bmp,C:\Development\Git\Afevis-MGS2-Bugfix-Compilation\Texture Fixes\ps2 textures\HAS ALPHA\same sha1\w01d1_fla02_bld080_ovl.bmp.png
w01d1_flc00a.bmp,C:\Development\Git\Afevis-MGS2-Bugfix-Compilation\Texture Fixes\ps2 textures\OPAQUE\bp_remade\w01d1_flc00a.bmp.png
w01d1_flc00b.bmp,C:\Development\Git\Afevis-MGS2-Bugfix-Compilation\Texture Fixes\ps2 textures\OPAQUE\bp_remade\w01d1_flc00b.bmp.png
w01d1_fu00_alp_ovl.bmp,C:\Development\Git\Afevis-MGS2-Bugfix-Compilation\Texture Fixes\ps2 textures\HAS ALPHA\same sha1\w01d1_fu00_alp_ovl.bmp.png
w01d1_fu01_alp_ovl.bmp,C:\Development\Git\Afevis-MGS2-Bugfix-Compilation\Texture Fixes\ps2 textures\HAS ALPHA\same sha1\w01d1_fu01_alp_ovl.bmp.png
w01d1_fu02_alp_ovl.bmp,C:\Development\Git\Afevis-MGS2-Bugfix-Compilation\Texture Fixes\ps2 textures\HAS ALPHA\same sha1\w01d1_fu02_alp_ovl.bmp.png
w01d1_inobj00_hlf_ovl.bmp,C:\Development\Git\Afevis-MGS2-Bugfix-Compilation\Texture Fixes\ps2 textures\HAS ALPHA\same sha1\w01d1_inobj00_hlf_ovl.bmp.png
w01d1_pp00.bmp,C:\Development\Git\Afevis-MGS2-Bugfix-Compilation\Texture Fixes\ps2 textures\OPAQUE\same sha1\w01d1_pp00.bmp.png
w01d1_rfb00.bmp,C:\Development\Git\Afevis-MGS2-Bugfix-Compilation\Texture Fixes\ps2 textures\OPAQUE\bp_remade\w01d1_rfb00.bmp.png
w01d1_rfb01.bmp,C:\Development\Git\Afevis-MGS2-Bugfix-Compilation\Texture Fixes\ps2 textures\OPAQUE\bp_remade\w01d1_rfb01.bmp.png
w01d1_stpb02.bmp,C:\Development\Git\Afevis-MGS2-Bugfix-Compilation\Texture Fixes\ps2 textures\OPAQUE\same sha1\w01d1_stpb02.bmp.png
w01d1_wb00.bmp,C:\Development\Git\Afevis-MGS2-Bugfix-Compilation\Texture Fixes\ps2 textures\OPAQUE\bp_remade\w01d1_wb00.bmp.png
w01d1_wb00b.bmp,C:\Development\Git\Afevis-MGS2-Bugfix-Compilation\Texture Fixes\ps2 textures\OPAQUE\bp_remade\w01d1_wb00b.bmp.png
w01d_bucu.bmp,C:\Development\Git\Afevis-MGS2-Bugfix-Compilation\Texture Fixes\ps2 textures\OPAQUE\same sha1\w01d_bucu.bmp.png
w01d_lits.bmp,C:\Development\Git\Afevis-MGS2-Bugfix-Compilation\Texture Fixes\ps2 textures\OPAQUE\same sha1\w01d_lits.bmp.png
w01d_soko_flour_new.bmp,C:\Development\Git\Afevis-MGS2-Bugfix-Compilation\Texture Fixes\ps2 textures\OPAQUE\bp_remade\w01d_soko_flour_new.bmp.png
w01d_soko_mado_oku_yoko.bmp,C:\Development\Git\Afevis-MGS2-Bugfix-Compilation\Texture Fixes\ps2 textures\OPAQUE\same sha1\w01d_soko_mado_oku_yoko.bmp.png
w01e_00b_flr1.bmp,C:\Development\Git\Afevis-MGS2-Bugfix-Compilation\Texture Fixes\ps2 textures\OPAQUE\same sha1\w01e_00b_flr1.bmp.png
w01e_00b_wingflr1.bmp,C:\Development\Git\Afevis-MGS2-Bugfix-Compilation\Texture Fixes\ps2 textures\OPAQUE\same sha1\w01e_00b_wingflr1.bmp.png
w01e_com01_b.bmp,C:\Development\Git\Afevis-MGS2-Bugfix-Compilation\Texture Fixes\ps2 textures\OPAQUE\bp_remade\w01e_com01_b.bmp.png
w01e_com01_f.bmp,C:\Development\Git\Afevis-MGS2-Bugfix-Compilation\Texture Fixes\ps2 textures\OPAQUE\same sha1\w01e_com01_f.bmp.png
w01e_com01_s.bmp,C:\Development\Git\Afevis-MGS2-Bugfix-Compilation\Texture Fixes\ps2 textures\OPAQUE\bp_remade\w01e_com01_s.bmp.png
w01e_com02_f.bmp,C:\Development\Git\Afevis-MGS2-Bugfix-Compilation\Texture Fixes\ps2 textures\OPAQUE\bp_remade\w01e_com02_f.bmp.png
w01e_com04_f.bmp,C:\Development\Git\Afevis-MGS2-Bugfix-Compilation\Texture Fixes\ps2 textures\OPAQUE\bp_remade\w01e_com04_f.bmp.png
w01e_door_u.bmp,C:\Development\Git\Afevis-MGS2-Bugfix-Compilation\Texture Fixes\ps2 textures\OPAQUE\same sha1\w01e_door_u.bmp.png
w01e_drwl_b.bmp,C:\Development\Git\Afevis-MGS2-Bugfix-Compilation\Texture Fixes\ps2 textures\OPAQUE\bp_remade\w01e_drwl_b.bmp.png
w01e_fan_pipe.bmp,C:\Development\Git\Afevis-MGS2-Bugfix-Compilation\Texture Fixes\ps2 textures\OPAQUE\same sha1\w01e_fan_pipe.bmp.png
w01e_fan_pipe_alp.bmp,C:\Development\Git\Afevis-MGS2-Bugfix-Compilation\Texture Fixes\ps2 textures\HAS ALPHA\same sha1\w01e_fan_pipe_alp.bmp.png
w01e_fan_s.bmp,C:\Development\Git\Afevis-MGS2-Bugfix-Compilation\Texture Fixes\ps2 textures\OPAQUE\same sha1\w01e_fan_s.bmp.png
w01e_fan_s_alp.bmp,C:\Development\Git\Afevis-MGS2-Bugfix-Compilation\Texture Fixes\ps2 textures\HAS ALPHA\same sha1\w01e_fan_s_alp.bmp.png
w01e_fan_temp.bmp,C:\Development\Git\Afevis-MGS2-Bugfix-Compilation\Texture Fixes\ps2 textures\OPAQUE\same sha1\w01e_fan_temp.bmp.png
w01e_fan_temp_alp.bmp,C:\Development\Git\Afevis-MGS2-Bugfix-Compilation\Texture Fixes\ps2 textures\HAS ALPHA\same sha1\w01e_fan_temp_alp.bmp.png
w01e_kaji_handle.bmp,C:\Development\Git\Afevis-MGS2-Bugfix-Compilation\Texture Fixes\ps2 textures\OPAQUE\same sha1\w01e_kaji_handle.bmp.png
w01e_meter01.bmp,C:\Development\Git\Afevis-MGS2-Bugfix-Compilation\Texture Fixes\ps2 textures\OPAQUE\bp_remade\w01e_meter01.bmp.png
w01e_pan_hl_add_alp_ovl.bmp,C:\Development\Git\Afevis-MGS2-Bugfix-Compilation\Texture Fixes\ps2 textures\HAS ALPHA\same sha1\w01e_pan_hl_add_alp_ovl.bmp.png
w01e_panel03.bmp,C:\Development\Git\Afevis-MGS2-Bugfix-Compilation\Texture Fixes\ps2 textures\OPAQUE\same sha1\w01e_panel03.bmp.png
w01e_panel04.bmp,C:\Development\Git\Afevis-MGS2-Bugfix-Compilation\Texture Fixes\ps2 textures\OPAQUE\same sha1\w01e_panel04.bmp.png
w01e_ref_com02_t.bmp,C:\Development\Git\Afevis-MGS2-Bugfix-Compilation\Texture Fixes\ps2 textures\OPAQUE\same sha1\w01e_ref_com02_t.bmp.png
w01e_ref_comp3_f.bmp,C:\Development\Git\Afevis-MGS2-Bugfix-Compilation\Texture Fixes\ps2 textures\OPAQUE\same sha1\w01e_ref_comp3_f.bmp.png
w01e_ref_door_s.bmp,C:\Development\Git\Afevis-MGS2-Bugfix-Compilation\Texture Fixes\ps2 textures\OPAQUE\same sha1\w01e_ref_door_s.bmp.png
w01e_ref_rf_obj01.bmp,C:\Development\Git\Afevis-MGS2-Bugfix-Compilation\Texture Fixes\ps2 textures\OPAQUE\same sha1\w01e_ref_rf_obj01.bmp.png
w01e_ref_rouka_rf.bmp,C:\Development\Git\Afevis-MGS2-Bugfix-Compilation\Texture Fixes\ps2 textures\OPAQUE\same sha1\w01e_ref_rouka_rf.bmp.png
w01e_ref_wndwall01.bmp,C:\Development\Git\Afevis-MGS2-Bugfix-Compilation\Texture Fixes\ps2 textures\OPAQUE\same sha1\w01e_ref_wndwall01.bmp.png
w01e_rf01_bld80_ovl.bmp,C:\Development\Git\Afevis-MGS2-Bugfix-Compilation\Texture Fixes\ps2 textures\HAS ALPHA\same sha1\w01e_rf01_bld80_ovl.bmp.png
w01e_rf01_ref.bmp,C:\Development\Git\Afevis-MGS2-Bugfix-Compilation\Texture Fixes\ps2 textures\OPAQUE\same sha1\w01e_rf01_ref.bmp.png
w01e_rf_obj01.bmp_8aa481574227a8f769b24d7af4556fb5,C:\Development\Git\Afevis-MGS2-Bugfix-Compilation\Texture Fixes\ps2 textures\OPAQUE\bp_remade\w01e_rf_obj01.bmp_8aa481574227a8f769b24d7af4556fb5.png
w01e_rfr_lit01_add_ovl.bmp,C:\Development\Git\Afevis-MGS2-Bugfix-Compilation\Texture Fixes\ps2 textures\OPAQUE\same sha1\w01e_rfr_lit01_add_ovl.bmp.png
w01e_rouka_lit_alp_ovl.bmp,C:\Development\Git\Afevis-MGS2-Bugfix-Compilation\Texture Fixes\ps2 textures\HAS ALPHA\same sha1\w01e_rouka_lit_alp_ovl.bmp.png
w01e_rouka_rf.bmp,C:\Development\Git\Afevis-MGS2-Bugfix-Compilation\Texture Fixes\ps2 textures\OPAQUE\bp_remade\w01e_rouka_rf.bmp.png
w01e_rouka_rf_fade.bmp,C:\Development\Git\Afevis-MGS2-Bugfix-Compilation\Texture Fixes\ps2 textures\OPAQUE\bp_remade\w01e_rouka_rf_fade.bmp.png
w01e_rouka_wall1.bmp,C:\Development\Git\Afevis-MGS2-Bugfix-Compilation\Texture Fixes\ps2 textures\OPAQUE\bp_remade\w01e_rouka_wall1.bmp.png
w01e_rouka_wall2_fade.bmp,C:\Development\Git\Afevis-MGS2-Bugfix-Compilation\Texture Fixes\ps2 textures\OPAQUE\bp_remade\w01e_rouka_wall2_fade.bmp.png
w01e_speaker01.bmp,C:\Development\Git\Afevis-MGS2-Bugfix-Compilation\Texture Fixes\ps2 textures\OPAQUE\bp_remade\w01e_speaker01.bmp.png
w01e_sphere.bmp,C:\Development\Git\Afevis-MGS2-Bugfix-Compilation\Texture Fixes\ps2 textures\OPAQUE\same sha1\w01e_sphere.bmp.png
w01e_sphere.bmp_cc6fa07eed8c490b1e8a125854432898,C:\Development\Git\Afevis-MGS2-Bugfix-Compilation\Texture Fixes\ps2 textures\OPAQUE\same sha1\w01e_sphere.bmp_cc6fa07eed8c490b1e8a125854432898.png
w01e_sphere_hall.bmp,C:\Development\Git\Afevis-MGS2-Bugfix-Compilation\Texture Fixes\ps2 textures\OPAQUE\same sha1\w01e_sphere_hall.bmp.png
w01e_stair.bmp,C:\Development\Git\Afevis-MGS2-Bugfix-Compilation\Texture Fixes\ps2 textures\OPAQUE\same sha1\w01e_stair.bmp.png
w01e_stair.bmp_fecee9d1e92ec2eec97c4680a5992abb,C:\Development\Git\Afevis-MGS2-Bugfix-Compilation\Texture Fixes\ps2 textures\OPAQUE\same sha1\w01e_stair.bmp_fecee9d1e92ec2eec97c4680a5992abb.png
w01e_suimitu_handle.bmp,C:\Development\Git\Afevis-MGS2-Bugfix-Compilation\Texture Fixes\ps2 textures\OPAQUE\same sha1\w01e_suimitu_handle.bmp.png
w01e_wall01.bmp,C:\Development\Git\Afevis-MGS2-Bugfix-Compilation\Texture Fixes\ps2 textures\OPAQUE\bp_remade\w01e_wall01.bmp.png
w01e_wall02.bmp,C:\Development\Git\Afevis-MGS2-Bugfix-Compilation\Texture Fixes\ps2 textures\OPAQUE\bp_remade\w01e_wall02.bmp.png
w01e_wl_hl02_add_alp_ovl.bmp,C:\Development\Git\Afevis-MGS2-Bugfix-Compilation\Texture Fixes\ps2 textures\HAS ALPHA\same sha1\w01e_wl_hl02_add_alp_ovl.bmp.png
w01e_wndwall01.bmp,C:\Development\Git\Afevis-MGS2-Bugfix-Compilation\Texture Fixes\ps2 textures\OPAQUE\bp_remade\w01e_wndwall01.bmp.png
w01e_wndwall02.bmp,C:\Development\Git\Afevis-MGS2-Bugfix-Compilation\Texture Fixes\ps2 textures\OPAQUE\bp_remade\w01e_wndwall02.bmp.png
w01e_wndwall03.bmp,C:\Development\Git\Afevis-MGS2-Bugfix-Compilation\Texture Fixes\ps2 textures\OPAQUE\same sha1\w01e_wndwall03.bmp.png
w01f_01b_tsr00.bmp,C:\Development\Git\Afevis-MGS2-Bugfix-Compilation\Texture Fixes\ps2 textures\OPAQUE\same sha1\w01f_01b_tsr00.bmp.png
w01f_01b_w07a.bmp,C:\Development\Git\Afevis-MGS2-Bugfix-Compilation\Texture Fixes\ps2 textures\OPAQUE\same sha1\w01f_01b_w07a.bmp.png
w01f_02_w00.bmp,C:\Development\Git\Afevis-MGS2-Bugfix-Compilation\Texture Fixes\ps2 textures\OPAQUE\same sha1\w01f_02_w00.bmp.png
w01f_02_w01.bmp,C:\Development\Git\Afevis-MGS2-Bugfix-Compilation\Texture Fixes\ps2 textures\OPAQUE\same sha1\w01f_02_w01.bmp.png
w01f_02_w02.bmp,C:\Development\Git\Afevis-MGS2-Bugfix-Compilation\Texture Fixes\ps2 textures\OPAQUE\same sha1\w01f_02_w02.bmp.png
w01f_bark01a.bmp,C:\Development\Git\Afevis-MGS2-Bugfix-Compilation\Texture Fixes\ps2 textures\OPAQUE\same sha1\w01f_bark01a.bmp.png
w01f_bark03.bmp,C:\Development\Git\Afevis-MGS2-Bugfix-Compilation\Texture Fixes\ps2 textures\OPAQUE\bp_remade\w01f_bark03.bmp.png
w01f_barrf00.bmp,C:\Development\Git\Afevis-MGS2-Bugfix-Compilation\Texture Fixes\ps2 textures\OPAQUE\same sha1\w01f_barrf00.bmp.png
w01f_barrf00a.bmp,C:\Development\Git\Afevis-MGS2-Bugfix-Compilation\Texture Fixes\ps2 textures\OPAQUE\same sha1\w01f_barrf00a.bmp.png
w01f_barw03b.bmp,C:\Development\Git\Afevis-MGS2-Bugfix-Compilation\Texture Fixes\ps2 textures\OPAQUE\bp_remade\w01f_barw03b.bmp.png
w01f_bk01.bmp,C:\Development\Git\Afevis-MGS2-Bugfix-Compilation\Texture Fixes\ps2 textures\OPAQUE\same sha1\w01f_bk01.bmp.png
w01f_bk03.bmp,C:\Development\Git\Afevis-MGS2-Bugfix-Compilation\Texture Fixes\ps2 textures\OPAQUE\same sha1\w01f_bk03.bmp.png
w01f_bk03.bmp_49afa9388aa24ff6be4b0b957e0b5aad,C:\Development\Git\Afevis-MGS2-Bugfix-Compilation\Texture Fixes\ps2 textures\OPAQUE\same sha1\w01f_bk03.bmp_49afa9388aa24ff6be4b0b957e0b5aad.png
w01f_bk05a.bmp,C:\Development\Git\Afevis-MGS2-Bugfix-Compilation\Texture Fixes\ps2 textures\OPAQUE\same sha1\w01f_bk05a.bmp.png
w01f_bk05a.bmp_cb1da9da53d36138e7ae6da7da26b56d,C:\Development\Git\Afevis-MGS2-Bugfix-Compilation\Texture Fixes\ps2 textures\OPAQUE\same sha1\w01f_bk05a.bmp_cb1da9da53d36138e7ae6da7da26b56d.png
w01f_bk05b.bmp,C:\Development\Git\Afevis-MGS2-Bugfix-Compilation\Texture Fixes\ps2 textures\OPAQUE\same sha1\w01f_bk05b.bmp.png
w01f_bk05b.bmp_7024cd196195b3300deab5a8a0b24b41,C:\Development\Git\Afevis-MGS2-Bugfix-Compilation\Texture Fixes\ps2 textures\OPAQUE\same sha1\w01f_bk05b.bmp_7024cd196195b3300deab5a8a0b24b41.png
w01f_pos00.bmp,C:\Development\Git\Afevis-MGS2-Bugfix-Compilation\Texture Fixes\ps2 textures\OPAQUE\bp_remade\w01f_pos00.bmp.png
w01f_sdwbox00c2_alp_ovl.bmp,C:\Development\Git\Afevis-MGS2-Bugfix-Compilation\Texture Fixes\ps2 textures\HAS ALPHA\same sha1\w01f_sdwbox00c2_alp_ovl.bmp.png
w01f_speaker00.bmp,C:\Development\Git\Afevis-MGS2-Bugfix-Compilation\Texture Fixes\ps2 textures\OPAQUE\same sha1\w01f_speaker00.bmp.png
w01f_tvlit01.bmp,C:\Development\Git\Afevis-MGS2-Bugfix-Compilation\Texture Fixes\ps2 textures\OPAQUE\same sha1\w01f_tvlit01.bmp.png
w01f_tvpnl00a.bmp,C:\Development\Git\Afevis-MGS2-Bugfix-Compilation\Texture Fixes\ps2 textures\OPAQUE\same sha1\w01f_tvpnl00a.bmp.png
w01f_tvtb00.bmp,C:\Development\Git\Afevis-MGS2-Bugfix-Compilation\Texture Fixes\ps2 textures\OPAQUE\same sha1\w01f_tvtb00.bmp.png
w01f_tvtb01.bmp,C:\Development\Git\Afevis-MGS2-Bugfix-Compilation\Texture Fixes\ps2 textures\OPAQUE\same sha1\w01f_tvtb01.bmp.png
w01f_tvtb02.bmp,C:\Development\Git\Afevis-MGS2-Bugfix-Compilation\Texture Fixes\ps2 textures\OPAQUE\bp_remade\w01f_tvtb02.bmp.png
w01f_wlin_00.bmp,C:\Development\Git\Afevis-MGS2-Bugfix-Compilation\Texture Fixes\ps2 textures\OPAQUE\same sha1\w01f_wlin_00.bmp.png
w024dn_lit01_alp_ovl.bmp,C:\Development\Git\Afevis-MGS2-Bugfix-Compilation\Texture Fixes\ps2 textures\HAS ALPHA\same sha1\w024dn_lit01_alp_ovl.bmp.png
w02_1f_hashira_01.bmp,C:\Development\Git\Afevis-MGS2-Bugfix-Compilation\Texture Fixes\ps2 textures\OPAQUE\bp_remade\w02_1f_hashira_01.bmp.png
w02_1f_hashira_02.bmp,C:\Development\Git\Afevis-MGS2-Bugfix-Compilation\Texture Fixes\ps2 textures\OPAQUE\bp_remade\w02_1f_hashira_02.bmp.png
w02_box_1.bmp,C:\Development\Git\Afevis-MGS2-Bugfix-Compilation\Texture Fixes\ps2 textures\OPAQUE\bp_remade\w02_box_1.bmp.png
w02_box_2.bmp,C:\Development\Git\Afevis-MGS2-Bugfix-Compilation\Texture Fixes\ps2 textures\OPAQUE\bp_remade\w02_box_2.bmp.png
w02_box_3.bmp,C:\Development\Git\Afevis-MGS2-Bugfix-Compilation\Texture Fixes\ps2 textures\OPAQUE\bp_remade\w02_box_3.bmp.png
w02_box_new.bmp,C:\Development\Git\Afevis-MGS2-Bugfix-Compilation\Texture Fixes\ps2 textures\OPAQUE\bp_remade\w02_box_new.bmp.png
w02_box_new_up.bmp,C:\Development\Git\Afevis-MGS2-Bugfix-Compilation\Texture Fixes\ps2 textures\OPAQUE\bp_remade\w02_box_new_up.bmp.png
w02_eng_base_side5.bmp,C:\Development\Git\Afevis-MGS2-Bugfix-Compilation\Texture Fixes\ps2 textures\OPAQUE\same sha1\w02_eng_base_side5.bmp.png
w02_eng_big.bmp,C:\Development\Git\Afevis-MGS2-Bugfix-Compilation\Texture Fixes\ps2 textures\OPAQUE\bp_remade\w02_eng_big.bmp.png
w02_eng_prg_base.bmp,C:\Development\Git\Afevis-MGS2-Bugfix-Compilation\Texture Fixes\ps2 textures\OPAQUE\bp_remade\w02_eng_prg_base.bmp.png
w02_eng_prg_base5.bmp,C:\Development\Git\Afevis-MGS2-Bugfix-Compilation\Texture Fixes\ps2 textures\OPAQUE\bp_remade\w02_eng_prg_base5.bmp.png
w02_eng_prg_base6.bmp,C:\Development\Git\Afevis-MGS2-Bugfix-Compilation\Texture Fixes\ps2 textures\OPAQUE\bp_remade\w02_eng_prg_base6.bmp.png
w02_eng_prg_body.bmp,C:\Development\Git\Afevis-MGS2-Bugfix-Compilation\Texture Fixes\ps2 textures\OPAQUE\bp_remade\w02_eng_prg_body.bmp.png
w02_eng_prg_head_side.bmp,C:\Development\Git\Afevis-MGS2-Bugfix-Compilation\Texture Fixes\ps2 textures\OPAQUE\bp_remade\w02_eng_prg_head_side.bmp.png
w02_eng_prg_pipe1.bmp,C:\Development\Git\Afevis-MGS2-Bugfix-Compilation\Texture Fixes\ps2 textures\OPAQUE\bp_remade\w02_eng_prg_pipe1.bmp.png
w02_eng_prg_pipe2.bmp,C:\Development\Git\Afevis-MGS2-Bugfix-Compilation\Texture Fixes\ps2 textures\OPAQUE\bp_remade\w02_eng_prg_pipe2.bmp.png
w02_eng_prg_pipe_top.bmp,C:\Development\Git\Afevis-MGS2-Bugfix-Compilation\Texture Fixes\ps2 textures\OPAQUE\same sha1\w02_eng_prg_pipe_top.bmp.png
w02_eng_prg_top2.bmp,C:\Development\Git\Afevis-MGS2-Bugfix-Compilation\Texture Fixes\ps2 textures\OPAQUE\bp_remade\w02_eng_prg_top2.bmp.png
w02_eng_prg_top_side.bmp,C:\Development\Git\Afevis-MGS2-Bugfix-Compilation\Texture Fixes\ps2 textures\OPAQUE\bp_remade\w02_eng_prg_top_side.bmp.png
w02_floor_ura.bmp,C:\Development\Git\Afevis-MGS2-Bugfix-Compilation\Texture Fixes\ps2 textures\OPAQUE\same sha1\w02_floor_ura.bmp.png
w02_floor_ura_half.bmp,C:\Development\Git\Afevis-MGS2-Bugfix-Compilation\Texture Fixes\ps2 textures\OPAQUE\same sha1\w02_floor_ura_half.bmp.png
w02_kabe_4.bmp,C:\Development\Git\Afevis-MGS2-Bugfix-Compilation\Texture Fixes\ps2 textures\OPAQUE\bp_remade\w02_kabe_4.bmp.png
w02_kabe_big.bmp,C:\Development\Git\Afevis-MGS2-Bugfix-Compilation\Texture Fixes\ps2 textures\OPAQUE\bp_remade\w02_kabe_big.bmp.png
w02_kabe_big2.bmp,C:\Development\Git\Afevis-MGS2-Bugfix-Compilation\Texture Fixes\ps2 textures\OPAQUE\bp_remade\w02_kabe_big2.bmp.png
w02_kabe_big4.bmp,C:\Development\Git\Afevis-MGS2-Bugfix-Compilation\Texture Fixes\ps2 textures\OPAQUE\bp_remade\w02_kabe_big4.bmp.png
w02_kabe_duct.bmp,C:\Development\Git\Afevis-MGS2-Bugfix-Compilation\Texture Fixes\ps2 textures\OPAQUE\bp_remade\w02_kabe_duct.bmp.png
w02_kabe_fire3.bmp,C:\Development\Git\Afevis-MGS2-Bugfix-Compilation\Texture Fixes\ps2 textures\OPAQUE\bp_remade\w02_kabe_fire3.bmp.png
w02_kabe_hashira.bmp,C:\Development\Git\Afevis-MGS2-Bugfix-Compilation\Texture Fixes\ps2 textures\OPAQUE\bp_remade\w02_kabe_hashira.bmp.png
w02_kabe_light.bmp,C:\Development\Git\Afevis-MGS2-Bugfix-Compilation\Texture Fixes\ps2 textures\OPAQUE\bp_remade\w02_kabe_light.bmp.png
w02_kabe_light2.bmp,C:\Development\Git\Afevis-MGS2-Bugfix-Compilation\Texture Fixes\ps2 textures\OPAQUE\bp_remade\w02_kabe_light2.bmp.png
w02_kabe_light4.bmp,C:\Development\Git\Afevis-MGS2-Bugfix-Compilation\Texture Fixes\ps2 textures\OPAQUE\bp_remade\w02_kabe_light4.bmp.png
w02_kabe_light5.bmp,C:\Development\Git\Afevis-MGS2-Bugfix-Compilation\Texture Fixes\ps2 textures\OPAQUE\bp_remade\w02_kabe_light5.bmp.png
w02_kabe_metal.bmp,C:\Development\Git\Afevis-MGS2-Bugfix-Compilation\Texture Fixes\ps2 textures\OPAQUE\bp_remade\w02_kabe_metal.bmp.png
w02_kabe_pipe3.bmp,C:\Development\Git\Afevis-MGS2-Bugfix-Compilation\Texture Fixes\ps2 textures\OPAQUE\bp_remade\w02_kabe_pipe3.bmp.png
w02_kai_side.bmp,C:\Development\Git\Afevis-MGS2-Bugfix-Compilation\Texture Fixes\ps2 textures\OPAQUE\bp_remade\w02_kai_side.bmp.png
w02_kaidan_rail.bmp,C:\Development\Git\Afevis-MGS2-Bugfix-Compilation\Texture Fixes\ps2 textures\OPAQUE\same sha1\w02_kaidan_rail.bmp.png
w02_kaidan_side4.bmp,C:\Development\Git\Afevis-MGS2-Bugfix-Compilation\Texture Fixes\ps2 textures\OPAQUE\bp_remade\w02_kaidan_side4.bmp.png
w02_kaidan_step_top.bmp,C:\Development\Git\Afevis-MGS2-Bugfix-Compilation\Texture Fixes\ps2 textures\OPAQUE\bp_remade\w02_kaidan_step_top.bmp.png
w02_metalica.bmp,C:\Development\Git\Afevis-MGS2-Bugfix-Compilation\Texture Fixes\ps2 textures\OPAQUE\same sha1\w02_metalica.bmp.png
w02_obj_box.bmp,C:\Development\Git\Afevis-MGS2-Bugfix-Compilation\Texture Fixes\ps2 textures\OPAQUE\bp_remade\w02_obj_box.bmp.png
w02_obj_fire.bmp,C:\Development\Git\Afevis-MGS2-Bugfix-Compilation\Texture Fixes\ps2 textures\OPAQUE\bp_remade\w02_obj_fire.bmp.png
w02_pipe_box.bmp,C:\Development\Git\Afevis-MGS2-Bugfix-Compilation\Texture Fixes\ps2 textures\OPAQUE\bp_remade\w02_pipe_box.bmp.png
w02_roof1.bmp,C:\Development\Git\Afevis-MGS2-Bugfix-Compilation\Texture Fixes\ps2 textures\OPAQUE\bp_remade\w02_roof1.bmp.png
w02_roof2.bmp,C:\Development\Git\Afevis-MGS2-Bugfix-Compilation\Texture Fixes\ps2 textures\OPAQUE\bp_remade\w02_roof2.bmp.png
w02_saku_ita.bmp,C:\Development\Git\Afevis-MGS2-Bugfix-Compilation\Texture Fixes\ps2 textures\OPAQUE\bp_remade\w02_saku_ita.bmp.png
w02_saku_itas.bmp,C:\Development\Git\Afevis-MGS2-Bugfix-Compilation\Texture Fixes\ps2 textures\OPAQUE\bp_remade\w02_saku_itas.bmp.png
w02_sr_code_side.bmp,C:\Development\Git\Afevis-MGS2-Bugfix-Compilation\Texture Fixes\ps2 textures\OPAQUE\same sha1\w02_sr_code_side.bmp.png
w02_sr_contena5.bmp,C:\Development\Git\Afevis-MGS2-Bugfix-Compilation\Texture Fixes\ps2 textures\OPAQUE\bp_remade\w02_sr_contena5.bmp.png
w02_sr_door2_full.bmp,C:\Development\Git\Afevis-MGS2-Bugfix-Compilation\Texture Fixes\ps2 textures\OPAQUE\bp_remade\w02_sr_door2_full.bmp.png
w02_sr_roof.bmp,C:\Development\Git\Afevis-MGS2-Bugfix-Compilation\Texture Fixes\ps2 textures\OPAQUE\bp_remade\w02_sr_roof.bmp.png
w02_sr_roof2.bmp,C:\Development\Git\Afevis-MGS2-Bugfix-Compilation\Texture Fixes\ps2 textures\OPAQUE\bp_remade\w02_sr_roof2.bmp.png
w02_sr_roof3.bmp_d344ae9df9a1fddfbccf5e3b51634b41,C:\Development\Git\Afevis-MGS2-Bugfix-Compilation\Texture Fixes\ps2 textures\OPAQUE\bp_remade\w02_sr_roof3.bmp_d344ae9df9a1fddfbccf5e3b51634b41.png
w02_sr_yuka2.bmp,C:\Development\Git\Afevis-MGS2-Bugfix-Compilation\Texture Fixes\ps2 textures\OPAQUE\bp_remade\w02_sr_yuka2.bmp.png
w02_sr_yuka4.bmp,C:\Development\Git\Afevis-MGS2-Bugfix-Compilation\Texture Fixes\ps2 textures\OPAQUE\bp_remade\w02_sr_yuka4.bmp.png
w02_sr_yuka6.bmp,C:\Development\Git\Afevis-MGS2-Bugfix-Compilation\Texture Fixes\ps2 textures\OPAQUE\bp_remade\w02_sr_yuka6.bmp.png
w02_wall_door1.bmp,C:\Development\Git\Afevis-MGS2-Bugfix-Compilation\Texture Fixes\ps2 textures\OPAQUE\bp_remade\w02_wall_door1.bmp.png
w02_y_light_f1a1.bmp,C:\Development\Git\Afevis-MGS2-Bugfix-Compilation\Texture Fixes\ps2 textures\OPAQUE\same sha1\w02_y_light_f1a1.bmp.png
w02_y_light_f1b.bmp,C:\Development\Git\Afevis-MGS2-Bugfix-Compilation\Texture Fixes\ps2 textures\OPAQUE\bp_remade\w02_y_light_f1b.bmp.png
w02_yuka3.bmp,C:\Development\Git\Afevis-MGS2-Bugfix-Compilation\Texture Fixes\ps2 textures\OPAQUE\bp_remade\w02_yuka3.bmp.png
w02_yuka4.bmp,C:\Development\Git\Afevis-MGS2-Bugfix-Compilation\Texture Fixes\ps2 textures\OPAQUE\same sha1\w02_yuka4.bmp.png
w02_yuka_f.bmp,C:\Development\Git\Afevis-MGS2-Bugfix-Compilation\Texture Fixes\ps2 textures\OPAQUE\bp_remade\w02_yuka_f.bmp.png
w02_yuka_f4.bmp,C:\Development\Git\Afevis-MGS2-Bugfix-Compilation\Texture Fixes\ps2 textures\OPAQUE\bp_remade\w02_yuka_f4.bmp.png
w02_yuka_light.bmp,C:\Development\Git\Afevis-MGS2-Bugfix-Compilation\Texture Fixes\ps2 textures\OPAQUE\same sha1\w02_yuka_light.bmp.png
w02_yuka_pipe.bmp,C:\Development\Git\Afevis-MGS2-Bugfix-Compilation\Texture Fixes\ps2 textures\OPAQUE\bp_remade\w02_yuka_pipe.bmp.png
w02_yuka_rail.bmp,C:\Development\Git\Afevis-MGS2-Bugfix-Compilation\Texture Fixes\ps2 textures\OPAQUE\bp_remade\w02_yuka_rail.bmp.png
w02_yuka_s.bmp,C:\Development\Git\Afevis-MGS2-Bugfix-Compilation\Texture Fixes\ps2 textures\OPAQUE\bp_remade\w02_yuka_s.bmp.png
w02_yukaf_s.bmp,C:\Development\Git\Afevis-MGS2-Bugfix-Compilation\Texture Fixes\ps2 textures\OPAQUE\bp_remade\w02_yukaf_s.bmp.png
w02_yukaf_s2.bmp,C:\Development\Git\Afevis-MGS2-Bugfix-Compilation\Texture Fixes\ps2 textures\OPAQUE\bp_remade\w02_yukaf_s2.bmp.png
w02a_door.bmp,C:\Development\Git\Afevis-MGS2-Bugfix-Compilation\Texture Fixes\ps2 textures\OPAQUE\bp_remade\w02a_door.bmp.png
w02a_sdw_alp_ovl_02.bmp,C:\Development\Git\Afevis-MGS2-Bugfix-Compilation\Texture Fixes\ps2 textures\HAS ALPHA\same sha1\w02a_sdw_alp_ovl_02.bmp.png
w02a_suimitu_dr.bmp,C:\Development\Git\Afevis-MGS2-Bugfix-Compilation\Texture Fixes\ps2 textures\OPAQUE\bp_remade\w02a_suimitu_dr.bmp.png
w02a_suimitu_handle.bmp,C:\Development\Git\Afevis-MGS2-Bugfix-Compilation\Texture Fixes\ps2 textures\OPAQUE\same sha1\w02a_suimitu_handle.bmp.png
w02a_yuka_s_alp.bmp,C:\Development\Git\Afevis-MGS2-Bugfix-Compilation\Texture Fixes\ps2 textures\HAS ALPHA\same sha1\w02a_yuka_s_alp.bmp.png
w03_cat_sasae_ura.bmp,C:\Development\Git\Afevis-MGS2-Bugfix-Compilation\Texture Fixes\ps2 textures\OPAQUE\bp_remade\w03_cat_sasae_ura.bmp.png
w03a2_dr00.bmp,C:\Development\Git\Afevis-MGS2-Bugfix-Compilation\Texture Fixes\ps2 textures\OPAQUE\same sha1\w03a2_dr00.bmp.png
w03a2_dr10.bmp,C:\Development\Git\Afevis-MGS2-Bugfix-Compilation\Texture Fixes\ps2 textures\OPAQUE\same sha1\w03a2_dr10.bmp.png
w03a2_flb00a.bmp,C:\Development\Git\Afevis-MGS2-Bugfix-Compilation\Texture Fixes\ps2 textures\OPAQUE\bp_remade\w03a2_flb00a.bmp.png
w03a_pp01.bmp,C:\Development\Git\Afevis-MGS2-Bugfix-Compilation\Texture Fixes\ps2 textures\OPAQUE\same sha1\w03a_pp01.bmp.png
w03a_pp02.bmp,C:\Development\Git\Afevis-MGS2-Bugfix-Compilation\Texture Fixes\ps2 textures\OPAQUE\bp_remade\w03a_pp02.bmp.png
w03a_pp02.bmp_09b1a01b9996f568e8ca8e878bee4475,C:\Development\Git\Afevis-MGS2-Bugfix-Compilation\Texture Fixes\ps2 textures\OPAQUE\same sha1\w03a_pp02.bmp_09b1a01b9996f568e8ca8e878bee4475.png
w03a_pp05.bmp,C:\Development\Git\Afevis-MGS2-Bugfix-Compilation\Texture Fixes\ps2 textures\OPAQUE\bp_remade\w03a_pp05.bmp.png
w03a_w00.bmp,C:\Development\Git\Afevis-MGS2-Bugfix-Compilation\Texture Fixes\ps2 textures\OPAQUE\bp_remade\w03a_w00.bmp.png
w03a_w04.bmp,C:\Development\Git\Afevis-MGS2-Bugfix-Compilation\Texture Fixes\ps2 textures\OPAQUE\bp_remade\w03a_w04.bmp.png
w03b_dr00.bmp,C:\Development\Git\Afevis-MGS2-Bugfix-Compilation\Texture Fixes\ps2 textures\OPAQUE\bp_remade\w03b_dr00.bmp.png
w03b_dr00.bmp_055dfa2c29b900d1ca7a6c2116d1090c,C:\Development\Git\Afevis-MGS2-Bugfix-Compilation\Texture Fixes\ps2 textures\OPAQUE\same sha1\w03b_dr00.bmp_055dfa2c29b900d1ca7a6c2116d1090c.png
w03b_dr00a.bmp,C:\Development\Git\Afevis-MGS2-Bugfix-Compilation\Texture Fixes\ps2 textures\OPAQUE\bp_remade\w03b_dr00a.bmp.png
w03b_dr03.bmp,C:\Development\Git\Afevis-MGS2-Bugfix-Compilation\Texture Fixes\ps2 textures\OPAQUE\same sha1\w03b_dr03.bmp.png
w03b_dr03.bmp_ec8e39c4fd79a206717a537ad8d13895,C:\Development\Git\Afevis-MGS2-Bugfix-Compilation\Texture Fixes\ps2 textures\OPAQUE\same sha1\w03b_dr03.bmp_ec8e39c4fd79a206717a537ad8d13895.png
w03b_fl01.bmp,C:\Development\Git\Afevis-MGS2-Bugfix-Compilation\Texture Fixes\ps2 textures\OPAQUE\bp_remade\w03b_fl01.bmp.png
w03b_fl01a.bmp,C:\Development\Git\Afevis-MGS2-Bugfix-Compilation\Texture Fixes\ps2 textures\OPAQUE\bp_remade\w03b_fl01a.bmp.png
w03b_fl02.bmp_ecc5dba2548560f42c6a73e07c3b1ae7,C:\Development\Git\Afevis-MGS2-Bugfix-Compilation\Texture Fixes\ps2 textures\OPAQUE\bp_remade\w03b_fl02.bmp_ecc5dba2548560f42c6a73e07c3b1ae7.png
w03b_fl04.bmp,C:\Development\Git\Afevis-MGS2-Bugfix-Compilation\Texture Fixes\ps2 textures\OPAQUE\bp_remade\w03b_fl04.bmp.png
w03b_ha00.bmp,C:\Development\Git\Afevis-MGS2-Bugfix-Compilation\Texture Fixes\ps2 textures\OPAQUE\bp_remade\w03b_ha00.bmp.png
w03b_hab00.bmp,C:\Development\Git\Afevis-MGS2-Bugfix-Compilation\Texture Fixes\ps2 textures\OPAQUE\same sha1\w03b_hab00.bmp.png
w03b_hab00a.bmp,C:\Development\Git\Afevis-MGS2-Bugfix-Compilation\Texture Fixes\ps2 textures\OPAQUE\same sha1\w03b_hab00a.bmp.png
w03b_hab00b.bmp,C:\Development\Git\Afevis-MGS2-Bugfix-Compilation\Texture Fixes\ps2 textures\OPAQUE\same sha1\w03b_hab00b.bmp.png
w03b_hab01.bmp,C:\Development\Git\Afevis-MGS2-Bugfix-Compilation\Texture Fixes\ps2 textures\OPAQUE\same sha1\w03b_hab01.bmp.png
w03b_hab01a.bmp,C:\Development\Git\Afevis-MGS2-Bugfix-Compilation\Texture Fixes\ps2 textures\OPAQUE\same sha1\w03b_hab01a.bmp.png
w03b_hab03.bmp,C:\Development\Git\Afevis-MGS2-Bugfix-Compilation\Texture Fixes\ps2 textures\OPAQUE\same sha1\w03b_hab03.bmp.png
w03b_hab03a.bmp,C:\Development\Git\Afevis-MGS2-Bugfix-Compilation\Texture Fixes\ps2 textures\OPAQUE\same sha1\w03b_hab03a.bmp.png
w03b_hab03b.bmp,C:\Development\Git\Afevis-MGS2-Bugfix-Compilation\Texture Fixes\ps2 textures\OPAQUE\same sha1\w03b_hab03b.bmp.png
w03b_hab03c.bmp,C:\Development\Git\Afevis-MGS2-Bugfix-Compilation\Texture Fixes\ps2 textures\OPAQUE\same sha1\w03b_hab03c.bmp.png
w03b_hab03d.bmp,C:\Development\Git\Afevis-MGS2-Bugfix-Compilation\Texture Fixes\ps2 textures\OPAQUE\same sha1\w03b_hab03d.bmp.png
w03b_hab03e.bmp,C:\Development\Git\Afevis-MGS2-Bugfix-Compilation\Texture Fixes\ps2 textures\OPAQUE\same sha1\w03b_hab03e.bmp.png
w03b_hab03f.bmp,C:\Development\Git\Afevis-MGS2-Bugfix-Compilation\Texture Fixes\ps2 textures\OPAQUE\same sha1\w03b_hab03f.bmp.png
w03b_hab03g.bmp,C:\Development\Git\Afevis-MGS2-Bugfix-Compilation\Texture Fixes\ps2 textures\OPAQUE\same sha1\w03b_hab03g.bmp.png
w03b_hab03h.bmp,C:\Development\Git\Afevis-MGS2-Bugfix-Compilation\Texture Fixes\ps2 textures\OPAQUE\same sha1\w03b_hab03h.bmp.png
w03b_hab04.bmp,C:\Development\Git\Afevis-MGS2-Bugfix-Compilation\Texture Fixes\ps2 textures\OPAQUE\same sha1\w03b_hab04.bmp.png
w03b_hab04a.bmp,C:\Development\Git\Afevis-MGS2-Bugfix-Compilation\Texture Fixes\ps2 textures\OPAQUE\same sha1\w03b_hab04a.bmp.png
w03b_hab04b.bmp,C:\Development\Git\Afevis-MGS2-Bugfix-Compilation\Texture Fixes\ps2 textures\OPAQUE\same sha1\w03b_hab04b.bmp.png
w03b_rf02amsk.bmp,C:\Development\Git\Afevis-MGS2-Bugfix-Compilation\Texture Fixes\ps2 textures\HAS ALPHA\same sha1\w03b_rf02amsk.bmp.png
w03b_rf02bmsk.bmp,C:\Development\Git\Afevis-MGS2-Bugfix-Compilation\Texture Fixes\ps2 textures\HAS ALPHA\same sha1\w03b_rf02bmsk.bmp.png
w03b_rfb01.bmp,C:\Development\Git\Afevis-MGS2-Bugfix-Compilation\Texture Fixes\ps2 textures\OPAQUE\bp_remade\w03b_rfb01.bmp.png
w03b_rfb01a.bmp,C:\Development\Git\Afevis-MGS2-Bugfix-Compilation\Texture Fixes\ps2 textures\OPAQUE\same sha1\w03b_rfb01a.bmp.png
w03b_rfb02.bmp,C:\Development\Git\Afevis-MGS2-Bugfix-Compilation\Texture Fixes\ps2 textures\OPAQUE\same sha1\w03b_rfb02.bmp.png
w03b_rfb02a.bmp,C:\Development\Git\Afevis-MGS2-Bugfix-Compilation\Texture Fixes\ps2 textures\OPAQUE\same sha1\w03b_rfb02a.bmp.png
w03b_rfb03.bmp,C:\Development\Git\Afevis-MGS2-Bugfix-Compilation\Texture Fixes\ps2 textures\OPAQUE\same sha1\w03b_rfb03.bmp.png
w03b_rfb03a.bmp,C:\Development\Git\Afevis-MGS2-Bugfix-Compilation\Texture Fixes\ps2 textures\OPAQUE\same sha1\w03b_rfb03a.bmp.png
w03b_rfb04.bmp,C:\Development\Git\Afevis-MGS2-Bugfix-Compilation\Texture Fixes\ps2 textures\OPAQUE\bp_remade\w03b_rfb04.bmp.png
w03b_w02a.bmp,C:\Development\Git\Afevis-MGS2-Bugfix-Compilation\Texture Fixes\ps2 textures\OPAQUE\bp_remade\w03b_w02a.bmp.png
w03b_w02b.bmp,C:\Development\Git\Afevis-MGS2-Bugfix-Compilation\Texture Fixes\ps2 textures\OPAQUE\bp_remade\w03b_w02b.bmp.png
w03b_w03a.bmp,C:\Development\Git\Afevis-MGS2-Bugfix-Compilation\Texture Fixes\ps2 textures\OPAQUE\bp_remade\w03b_w03a.bmp.png
w03c_flb00a.bmp,C:\Development\Git\Afevis-MGS2-Bugfix-Compilation\Texture Fixes\ps2 textures\OPAQUE\bp_remade\w03c_flb00a.bmp.png
w03c_flb00b.bmp,C:\Development\Git\Afevis-MGS2-Bugfix-Compilation\Texture Fixes\ps2 textures\OPAQUE\bp_remade\w03c_flb00b.bmp.png
w03c_flb00c.bmp,C:\Development\Git\Afevis-MGS2-Bugfix-Compilation\Texture Fixes\ps2 textures\OPAQUE\bp_remade\w03c_flb00c.bmp.png
w03c_flb00d.bmp,C:\Development\Git\Afevis-MGS2-Bugfix-Compilation\Texture Fixes\ps2 textures\OPAQUE\bp_remade\w03c_flb00d.bmp.png
w03c_flb00e.bmp,C:\Development\Git\Afevis-MGS2-Bugfix-Compilation\Texture Fixes\ps2 textures\OPAQUE\bp_remade\w03c_flb00e.bmp.png
w03c_flb02.bmp,C:\Development\Git\Afevis-MGS2-Bugfix-Compilation\Texture Fixes\ps2 textures\OPAQUE\bp_remade\w03c_flb02.bmp.png
w03c_flb03a.bmp,C:\Development\Git\Afevis-MGS2-Bugfix-Compilation\Texture Fixes\ps2 textures\OPAQUE\bp_remade\w03c_flb03a.bmp.png
w03c_flb03b.bmp,C:\Development\Git\Afevis-MGS2-Bugfix-Compilation\Texture Fixes\ps2 textures\OPAQUE\bp_remade\w03c_flb03b.bmp.png
w03c_rfc01a.bmp,C:\Development\Git\Afevis-MGS2-Bugfix-Compilation\Texture Fixes\ps2 textures\OPAQUE\bp_remade\w03c_rfc01a.bmp.png
w03c_wc00.bmp,C:\Development\Git\Afevis-MGS2-Bugfix-Compilation\Texture Fixes\ps2 textures\OPAQUE\bp_remade\w03c_wc00.bmp.png
w03e_box_f.bmp,C:\Development\Git\Afevis-MGS2-Bugfix-Compilation\Texture Fixes\ps2 textures\OPAQUE\same sha1\w03e_box_f.bmp.png
w03e_box_mog1.bmp,C:\Development\Git\Afevis-MGS2-Bugfix-Compilation\Texture Fixes\ps2 textures\OPAQUE\same sha1\w03e_box_mog1.bmp.png
w03e_box_mog2.bmp,C:\Development\Git\Afevis-MGS2-Bugfix-Compilation\Texture Fixes\ps2 textures\OPAQUE\same sha1\w03e_box_mog2.bmp.png
w03e_box_s.bmp,C:\Development\Git\Afevis-MGS2-Bugfix-Compilation\Texture Fixes\ps2 textures\OPAQUE\same sha1\w03e_box_s.bmp.png
w03e_box_t.bmp,C:\Development\Git\Afevis-MGS2-Bugfix-Compilation\Texture Fixes\ps2 textures\OPAQUE\same sha1\w03e_box_t.bmp.png
w04_demo_scr_back.bmp,C:\Development\Git\Afevis-MGS2-Bugfix-Compilation\Texture Fixes\ps2 textures\OPAQUE\bp_remade\w04_demo_scr_back.bmp.png
w04_demo_scr_parts_01.bmp,C:\Development\Git\Afevis-MGS2-Bugfix-Compilation\Texture Fixes\ps2 textures\OPAQUE\bp_remade\w04_demo_scr_parts_01.bmp.png
w04_demo_scr_parts_02.bmp,C:\Development\Git\Afevis-MGS2-Bugfix-Compilation\Texture Fixes\ps2 textures\OPAQUE\bp_remade\w04_demo_scr_parts_02.bmp.png
w04_demo_scr_parts_03.bmp,C:\Development\Git\Afevis-MGS2-Bugfix-Compilation\Texture Fixes\ps2 textures\OPAQUE\bp_remade\w04_demo_scr_parts_03.bmp.png
w04_demo_scr_parts_bottom.bmp,C:\Development\Git\Afevis-MGS2-Bugfix-Compilation\Texture Fixes\ps2 textures\OPAQUE\bp_remade\w04_demo_scr_parts_bottom.bmp.png
w04_demo_scr_parts_left.bmp,C:\Development\Git\Afevis-MGS2-Bugfix-Compilation\Texture Fixes\ps2 textures\OPAQUE\bp_remade\w04_demo_scr_parts_left.bmp.png
w04_eisha2_back.bmp,C:\Development\Git\Afevis-MGS2-Bugfix-Compilation\Texture Fixes\ps2 textures\OPAQUE\bp_remade\w04_eisha2_back.bmp.png
w04_eisha2_front.bmp,C:\Development\Git\Afevis-MGS2-Bugfix-Compilation\Texture Fixes\ps2 textures\OPAQUE\same sha1\w04_eisha2_front.bmp.png
w04_eisha2_top.bmp,C:\Development\Git\Afevis-MGS2-Bugfix-Compilation\Texture Fixes\ps2 textures\OPAQUE\bp_remade\w04_eisha2_top.bmp.png
w04_eisha3_back.bmp,C:\Development\Git\Afevis-MGS2-Bugfix-Compilation\Texture Fixes\ps2 textures\OPAQUE\same sha1\w04_eisha3_back.bmp.png
w04_eisha3_side.bmp,C:\Development\Git\Afevis-MGS2-Bugfix-Compilation\Texture Fixes\ps2 textures\OPAQUE\same sha1\w04_eisha3_side.bmp.png
w04_yuka.bmp,C:\Development\Git\Afevis-MGS2-Bugfix-Compilation\Texture Fixes\ps2 textures\OPAQUE\bp_remade\w04_yuka.bmp.png
w04_yuka_02.bmp,C:\Development\Git\Afevis-MGS2-Bugfix-Compilation\Texture Fixes\ps2 textures\OPAQUE\bp_remade\w04_yuka_02.bmp.png
w04a1_hashira_face_bottom.bmp,C:\Development\Git\Afevis-MGS2-Bugfix-Compilation\Texture Fixes\ps2 textures\OPAQUE\bp_remade\w04a1_hashira_face_bottom.bmp.png
w04a1_hashira_side.bmp,C:\Development\Git\Afevis-MGS2-Bugfix-Compilation\Texture Fixes\ps2 textures\OPAQUE\bp_remade\w04a1_hashira_side.bmp.png
w04a1_hashira_side2.bmp,C:\Development\Git\Afevis-MGS2-Bugfix-Compilation\Texture Fixes\ps2 textures\OPAQUE\bp_remade\w04a1_hashira_side2.bmp.png
w04a1_pipe.bmp,C:\Development\Git\Afevis-MGS2-Bugfix-Compilation\Texture Fixes\ps2 textures\OPAQUE\same sha1\w04a1_pipe.bmp.png
w04a3_cam_base.bmp,C:\Development\Git\Afevis-MGS2-Bugfix-Compilation\Texture Fixes\ps2 textures\OPAQUE\bp_remade\w04a3_cam_base.bmp.png
w04a3_cam_body.bmp,C:\Development\Git\Afevis-MGS2-Bugfix-Compilation\Texture Fixes\ps2 textures\OPAQUE\bp_remade\w04a3_cam_body.bmp.png
w04a3_cam_body3.bmp,C:\Development\Git\Afevis-MGS2-Bugfix-Compilation\Texture Fixes\ps2 textures\OPAQUE\bp_remade\w04a3_cam_body3.bmp.png
w04a3_cam_renz.bmp,C:\Development\Git\Afevis-MGS2-Bugfix-Compilation\Texture Fixes\ps2 textures\OPAQUE\same sha1\w04a3_cam_renz.bmp.png
w04a3_contena.bmp,C:\Development\Git\Afevis-MGS2-Bugfix-Compilation\Texture Fixes\ps2 textures\OPAQUE\bp_remade\w04a3_contena.bmp.png
w04a3_contena_top.bmp,C:\Development\Git\Afevis-MGS2-Bugfix-Compilation\Texture Fixes\ps2 textures\OPAQUE\bp_remade\w04a3_contena_top.bmp.png
w04a3_lift_side1.bmp,C:\Development\Git\Afevis-MGS2-Bugfix-Compilation\Texture Fixes\ps2 textures\OPAQUE\bp_remade\w04a3_lift_side1.bmp.png
w04a3_lift_ura.bmp,C:\Development\Git\Afevis-MGS2-Bugfix-Compilation\Texture Fixes\ps2 textures\OPAQUE\bp_remade\w04a3_lift_ura.bmp.png
w04a3_mecha_dai.bmp,C:\Development\Git\Afevis-MGS2-Bugfix-Compilation\Texture Fixes\ps2 textures\OPAQUE\bp_remade\w04a3_mecha_dai.bmp.png
w04a3_mecha_dai_ura.bmp,C:\Development\Git\Afevis-MGS2-Bugfix-Compilation\Texture Fixes\ps2 textures\OPAQUE\bp_remade\w04a3_mecha_dai_ura.bmp.png
w04a3_mecha_hashi_face.bmp,C:\Development\Git\Afevis-MGS2-Bugfix-Compilation\Texture Fixes\ps2 textures\OPAQUE\bp_remade\w04a3_mecha_hashi_face.bmp.png
w04a3_ray_wire0.bmp,C:\Development\Git\Afevis-MGS2-Bugfix-Compilation\Texture Fixes\ps2 textures\OPAQUE\same sha1\w04a3_ray_wire0.bmp.png
w04a3_roof_hatch.bmp,C:\Development\Git\Afevis-MGS2-Bugfix-Compilation\Texture Fixes\ps2 textures\OPAQUE\same sha1\w04a3_roof_hatch.bmp.png
w04a3_tanmatu_wire2.bmp,C:\Development\Git\Afevis-MGS2-Bugfix-Compilation\Texture Fixes\ps2 textures\OPAQUE\same sha1\w04a3_tanmatu_wire2.bmp.png
w04a3_tanmatu_wire_alp.bmp,C:\Development\Git\Afevis-MGS2-Bugfix-Compilation\Texture Fixes\ps2 textures\HAS ALPHA\same sha1\w04a3_tanmatu_wire_alp.bmp.png
w04a_b1_tuuro_lit_pipe.bmp,C:\Development\Git\Afevis-MGS2-Bugfix-Compilation\Texture Fixes\ps2 textures\OPAQUE\same sha1\w04a_b1_tuuro_lit_pipe.bmp.png
w04a_box.bmp,C:\Development\Git\Afevis-MGS2-Bugfix-Compilation\Texture Fixes\ps2 textures\OPAQUE\bp_remade\w04a_box.bmp.png
w04a_box_face.bmp,C:\Development\Git\Afevis-MGS2-Bugfix-Compilation\Texture Fixes\ps2 textures\OPAQUE\bp_remade\w04a_box_face.bmp.png
w04a_box_side.bmp,C:\Development\Git\Afevis-MGS2-Bugfix-Compilation\Texture Fixes\ps2 textures\OPAQUE\bp_remade\w04a_box_side.bmp.png
w04a_door.bmp,C:\Development\Git\Afevis-MGS2-Bugfix-Compilation\Texture Fixes\ps2 textures\OPAQUE\bp_remade\w04a_door.bmp.png
w04a_floor1.bmp,C:\Development\Git\Afevis-MGS2-Bugfix-Compilation\Texture Fixes\ps2 textures\OPAQUE\bp_remade\w04a_floor1.bmp.png
w04a_floor2.bmp,C:\Development\Git\Afevis-MGS2-Bugfix-Compilation\Texture Fixes\ps2 textures\OPAQUE\bp_remade\w04a_floor2.bmp.png
w04a_floor2_center.bmp,C:\Development\Git\Afevis-MGS2-Bugfix-Compilation\Texture Fixes\ps2 textures\OPAQUE\bp_remade\w04a_floor2_center.bmp.png
w04a_floor4.bmp,C:\Development\Git\Afevis-MGS2-Bugfix-Compilation\Texture Fixes\ps2 textures\OPAQUE\bp_remade\w04a_floor4.bmp.png
w04a_floor5.bmp,C:\Development\Git\Afevis-MGS2-Bugfix-Compilation\Texture Fixes\ps2 textures\OPAQUE\bp_remade\w04a_floor5.bmp.png
w04a_floor_hatch.bmp,C:\Development\Git\Afevis-MGS2-Bugfix-Compilation\Texture Fixes\ps2 textures\OPAQUE\bp_remade\w04a_floor_hatch.bmp.png
w04a_floor_tuuro.bmp,C:\Development\Git\Afevis-MGS2-Bugfix-Compilation\Texture Fixes\ps2 textures\OPAQUE\bp_remade\w04a_floor_tuuro.bmp.png
w04a_hatch.bmp,C:\Development\Git\Afevis-MGS2-Bugfix-Compilation\Texture Fixes\ps2 textures\OPAQUE\bp_remade\w04a_hatch.bmp.png
w04a_loof.bmp,C:\Development\Git\Afevis-MGS2-Bugfix-Compilation\Texture Fixes\ps2 textures\OPAQUE\same sha1\w04a_loof.bmp.png
w04a_mecha_04.bmp,C:\Development\Git\Afevis-MGS2-Bugfix-Compilation\Texture Fixes\ps2 textures\OPAQUE\bp_remade\w04a_mecha_04.bmp.png
w04a_mecha_top2.bmp,C:\Development\Git\Afevis-MGS2-Bugfix-Compilation\Texture Fixes\ps2 textures\OPAQUE\bp_remade\w04a_mecha_top2.bmp.png
w04a_shadow_alp.bmp,C:\Development\Git\Afevis-MGS2-Bugfix-Compilation\Texture Fixes\ps2 textures\HAS ALPHA\same sha1\w04a_shadow_alp.bmp.png
w04a_slit.bmp,C:\Development\Git\Afevis-MGS2-Bugfix-Compilation\Texture Fixes\ps2 textures\OPAQUE\same sha1\w04a_slit.bmp.png
w04a_spk2_face.bmp,C:\Development\Git\Afevis-MGS2-Bugfix-Compilation\Texture Fixes\ps2 textures\OPAQUE\bp_remade\w04a_spk2_face.bmp.png
w04a_wall1.bmp,C:\Development\Git\Afevis-MGS2-Bugfix-Compilation\Texture Fixes\ps2 textures\OPAQUE\bp_remade\w04a_wall1.bmp.png
w04a_wall2.bmp,C:\Development\Git\Afevis-MGS2-Bugfix-Compilation\Texture Fixes\ps2 textures\OPAQUE\bp_remade\w04a_wall2.bmp.png
w04a_wall_tuuro.bmp,C:\Development\Git\Afevis-MGS2-Bugfix-Compilation\Texture Fixes\ps2 textures\OPAQUE\bp_remade\w04a_wall_tuuro.bmp.png
w04a_wire_alp.bmp,C:\Development\Git\Afevis-MGS2-Bugfix-Compilation\Texture Fixes\ps2 textures\HAS ALPHA\same sha1\w04a_wire_alp.bmp.png
w04b3_fade.bmp,C:\Development\Git\Afevis-MGS2-Bugfix-Compilation\Texture Fixes\ps2 textures\OPAQUE\same sha1\w04b3_fade.bmp.png
w04c_envmap_alp_ovl.bmp,C:\Development\Git\Afevis-MGS2-Bugfix-Compilation\Texture Fixes\ps2 textures\HAS ALPHA\same sha1\w04c_envmap_alp_ovl.bmp.png
w04c_fade_alp.bmp,C:\Development\Git\Afevis-MGS2-Bugfix-Compilation\Texture Fixes\ps2 textures\HAS ALPHA\same sha1\w04c_fade_alp.bmp.png
w04c_roof_hatch_x.bmp,C:\Development\Git\Afevis-MGS2-Bugfix-Compilation\Texture Fixes\ps2 textures\OPAQUE\same sha1\w04c_roof_hatch_x.bmp.png
w04ray_randing_arm1.bmp,C:\Development\Git\Afevis-MGS2-Bugfix-Compilation\Texture Fixes\ps2 textures\OPAQUE\same sha1\w04ray_randing_arm1.bmp.png
w04ray_randing_shaft.bmp,C:\Development\Git\Afevis-MGS2-Bugfix-Compilation\Texture Fixes\ps2 textures\OPAQUE\same sha1\w04ray_randing_shaft.bmp.png
w04ray_thigh_circle2.bmp,C:\Development\Git\Afevis-MGS2-Bugfix-Compilation\Texture Fixes\ps2 textures\OPAQUE\same sha1\w04ray_thigh_circle2.bmp.png
w04ray_thigh_hatch_iner.bmp,C:\Development\Git\Afevis-MGS2-Bugfix-Compilation\Texture Fixes\ps2 textures\OPAQUE\same sha1\w04ray_thigh_hatch_iner.bmp.png
w10a_brdg_obj_a01_alp.bmp,C:\Development\Git\Afevis-MGS2-Bugfix-Compilation\Texture Fixes\ps2 textures\HAS ALPHA\same sha1\w10a_brdg_obj_a01_alp.bmp.png
w10a_demo_eda01.bmp,C:\Development\Git\Afevis-MGS2-Bugfix-Compilation\Texture Fixes\ps2 textures\OPAQUE\same sha1\w10a_demo_eda01.bmp.png
w10a_emgan_bill_01.bmp,C:\Development\Git\Afevis-MGS2-Bugfix-Compilation\Texture Fixes\ps2 textures\OPAQUE\same sha1\w10a_emgan_bill_01.bmp.png
w10a_engan_huti_01.bmp,C:\Development\Git\Afevis-MGS2-Bugfix-Compilation\Texture Fixes\ps2 textures\OPAQUE\same sha1\w10a_engan_huti_01.bmp.png
w10a_fogsky_01.bmp,C:\Development\Git\Afevis-MGS2-Bugfix-Compilation\Texture Fixes\ps2 textures\OPAQUE\same sha1\w10a_fogsky_01.bmp.png
w10a_hyousiki_01_alp_ovl.bmp,C:\Development\Git\Afevis-MGS2-Bugfix-Compilation\Texture Fixes\ps2 textures\HAS ALPHA\same sha1\w10a_hyousiki_01_alp_ovl.bmp.png
w10a_jimentex_a01_1.bmp,C:\Development\Git\Afevis-MGS2-Bugfix-Compilation\Texture Fixes\ps2 textures\OPAQUE\same sha1\w10a_jimentex_a01_1.bmp.png
w10a_jimentex_a01_1.bmp_4caf5303b65514895abc691704f57d6a,C:\Development\Git\Afevis-MGS2-Bugfix-Compilation\Texture Fixes\ps2 textures\OPAQUE\same sha1\w10a_jimentex_a01_1.bmp_4caf5303b65514895abc691704f57d6a.png
w10a_jimentex_a01_2.bmp,C:\Development\Git\Afevis-MGS2-Bugfix-Compilation\Texture Fixes\ps2 textures\OPAQUE\same sha1\w10a_jimentex_a01_2.bmp.png
w10a_jimentex_a01_2.bmp_d74c4f1f82447b983110fd7b4c4ea7ac,C:\Development\Git\Afevis-MGS2-Bugfix-Compilation\Texture Fixes\ps2 textures\OPAQUE\same sha1\w10a_jimentex_a01_2.bmp_d74c4f1f82447b983110fd7b4c4ea7ac.png
w10a_jimentex_a02_1.bmp,C:\Development\Git\Afevis-MGS2-Bugfix-Compilation\Texture Fixes\ps2 textures\OPAQUE\same sha1\w10a_jimentex_a02_1.bmp.png
w10a_jimentex_a02_1.bmp_2b130b40b4db6f06f2d5e949a63c3269,C:\Development\Git\Afevis-MGS2-Bugfix-Compilation\Texture Fixes\ps2 textures\OPAQUE\same sha1\w10a_jimentex_a02_1.bmp_2b130b40b4db6f06f2d5e949a63c3269.png
w10a_jimentex_a02_2.bmp,C:\Development\Git\Afevis-MGS2-Bugfix-Compilation\Texture Fixes\ps2 textures\OPAQUE\same sha1\w10a_jimentex_a02_2.bmp.png
w10a_jimentex_a02_2.bmp_8059d21b56812fd0dd644ff02377ec7d,C:\Development\Git\Afevis-MGS2-Bugfix-Compilation\Texture Fixes\ps2 textures\OPAQUE\same sha1\w10a_jimentex_a02_2.bmp_8059d21b56812fd0dd644ff02377ec7d.png
w10a_rail_06.bmp,C:\Development\Git\Afevis-MGS2-Bugfix-Compilation\Texture Fixes\ps2 textures\OPAQUE\same sha1\w10a_rail_06.bmp.png
w10a_seakage_01_alp.bmp,C:\Development\Git\Afevis-MGS2-Bugfix-Compilation\Texture Fixes\ps2 textures\HAS ALPHA\same sha1\w10a_seakage_01_alp.bmp.png
w10a_sky_c00_1.bmp,C:\Development\Git\Afevis-MGS2-Bugfix-Compilation\Texture Fixes\ps2 textures\OPAQUE\same sha1\w10a_sky_c00_1.bmp.png
w10a_sky_c00_2.bmp,C:\Development\Git\Afevis-MGS2-Bugfix-Compilation\Texture Fixes\ps2 textures\OPAQUE\same sha1\w10a_sky_c00_2.bmp.png
w10a_sky_c00_3.bmp,C:\Development\Git\Afevis-MGS2-Bugfix-Compilation\Texture Fixes\ps2 textures\OPAQUE\same sha1\w10a_sky_c00_3.bmp.png
w10a_sky_hasira.bmp,C:\Development\Git\Afevis-MGS2-Bugfix-Compilation\Texture Fixes\ps2 textures\OPAQUE\same sha1\w10a_sky_hasira.bmp.png
w10a_sky_test_01.bmp,C:\Development\Git\Afevis-MGS2-Bugfix-Compilation\Texture Fixes\ps2 textures\OPAQUE\same sha1\w10a_sky_test_01.bmp.png
w10a_tree_01_alp.bmp,C:\Development\Git\Afevis-MGS2-Bugfix-Compilation\Texture Fixes\ps2 textures\HAS ALPHA\same sha1\w10a_tree_01_alp.bmp.png
w10a_tree_02_alp_ovl.bmp,C:\Development\Git\Afevis-MGS2-Bugfix-Compilation\Texture Fixes\ps2 textures\HAS ALPHA\same sha1\w10a_tree_02_alp_ovl.bmp.png
w10a_uturikomi_01.bmp,C:\Development\Git\Afevis-MGS2-Bugfix-Compilation\Texture Fixes\ps2 textures\OPAQUE\same sha1\w10a_uturikomi_01.bmp.png
w10a_uturikomi_02_alp_ovl.bmp,C:\Development\Git\Afevis-MGS2-Bugfix-Compilation\Texture Fixes\ps2 textures\HAS ALPHA\same sha1\w10a_uturikomi_02_alp_ovl.bmp.png
w10a_ved_lanr4.bmp,C:\Development\Git\Afevis-MGS2-Bugfix-Compilation\Texture Fixes\ps2 textures\OPAQUE\same sha1\w10a_ved_lanr4.bmp.png
w10a_ved_lanr5.bmp,C:\Development\Git\Afevis-MGS2-Bugfix-Compilation\Texture Fixes\ps2 textures\OPAQUE\same sha1\w10a_ved_lanr5.bmp.png
w10a_ved_lanr6.bmp,C:\Development\Git\Afevis-MGS2-Bugfix-Compilation\Texture Fixes\ps2 textures\OPAQUE\same sha1\w10a_ved_lanr6.bmp.png
w10a_ved_lanr7.bmp,C:\Development\Git\Afevis-MGS2-Bugfix-Compilation\Texture Fixes\ps2 textures\OPAQUE\same sha1\w10a_ved_lanr7.bmp.png
w10a_ved_lanr9.bmp,C:\Development\Git\Afevis-MGS2-Bugfix-Compilation\Texture Fixes\ps2 textures\OPAQUE\same sha1\w10a_ved_lanr9.bmp.png
w10b_ditail01.bmp,C:\Development\Git\Afevis-MGS2-Bugfix-Compilation\Texture Fixes\ps2 textures\OPAQUE\same sha1\w10b_ditail01.bmp.png
w10b_fence_04_alp_ovl.bmp,C:\Development\Git\Afevis-MGS2-Bugfix-Compilation\Texture Fixes\ps2 textures\HAS ALPHA\same sha1\w10b_fence_04_alp_ovl.bmp.png
w10b_fence_06_alp_ovl.bmp,C:\Development\Git\Afevis-MGS2-Bugfix-Compilation\Texture Fixes\ps2 textures\HAS ALPHA\same sha1\w10b_fence_06_alp_ovl.bmp.png
w10b_gurade_01_alp.bmp,C:\Development\Git\Afevis-MGS2-Bugfix-Compilation\Texture Fixes\ps2 textures\HAS ALPHA\same sha1\w10b_gurade_01_alp.bmp.png
w10b_gurade_03_alp.bmp,C:\Development\Git\Afevis-MGS2-Bugfix-Compilation\Texture Fixes\ps2 textures\HAS ALPHA\same sha1\w10b_gurade_03_alp.bmp.png
w10b_haisen_01_alp.bmp,C:\Development\Git\Afevis-MGS2-Bugfix-Compilation\Texture Fixes\ps2 textures\HAS ALPHA\same sha1\w10b_haisen_01_alp.bmp.png
w10b_right_01.bmp,C:\Development\Git\Afevis-MGS2-Bugfix-Compilation\Texture Fixes\ps2 textures\OPAQUE\same sha1\w10b_right_01.bmp.png
w10b_rightfurea_01_alp.bmp,C:\Development\Git\Afevis-MGS2-Bugfix-Compilation\Texture Fixes\ps2 textures\HAS ALPHA\same sha1\w10b_rightfurea_01_alp.bmp.png
w10b_rightfurea_04_alp.bmp,C:\Development\Git\Afevis-MGS2-Bugfix-Compilation\Texture Fixes\ps2 textures\HAS ALPHA\same sha1\w10b_rightfurea_04_alp.bmp.png
w10c_ashi00.bmp,C:\Development\Git\Afevis-MGS2-Bugfix-Compilation\Texture Fixes\ps2 textures\OPAQUE\bp_remade\w10c_ashi00.bmp.png
w10c_ashi02.bmp,C:\Development\Git\Afevis-MGS2-Bugfix-Compilation\Texture Fixes\ps2 textures\OPAQUE\same sha1\w10c_ashi02.bmp.png
w10c_ashi02b.bmp,C:\Development\Git\Afevis-MGS2-Bugfix-Compilation\Texture Fixes\ps2 textures\OPAQUE\same sha1\w10c_ashi02b.bmp.png
w10c_ashi02c.bmp,C:\Development\Git\Afevis-MGS2-Bugfix-Compilation\Texture Fixes\ps2 textures\OPAQUE\same sha1\w10c_ashi02c.bmp.png
w10c_cfk00.bmp,C:\Development\Git\Afevis-MGS2-Bugfix-Compilation\Texture Fixes\ps2 textures\OPAQUE\same sha1\w10c_cfk00.bmp.png
w10c_cntw03.bmp,C:\Development\Git\Afevis-MGS2-Bugfix-Compilation\Texture Fixes\ps2 textures\OPAQUE\same sha1\w10c_cntw03.bmp.png
w10c_entfl00.bmp,C:\Development\Git\Afevis-MGS2-Bugfix-Compilation\Texture Fixes\ps2 textures\OPAQUE\bp_remade\w10c_entfl00.bmp.png
w10c_entfl00.bmp_41079b5b76f61fb1621b76f73c73ce8b,C:\Development\Git\Afevis-MGS2-Bugfix-Compilation\Texture Fixes\ps2 textures\OPAQUE\same sha1\w10c_entfl00.bmp_41079b5b76f61fb1621b76f73c73ce8b.png
w10c_entfl01.bmp,C:\Development\Git\Afevis-MGS2-Bugfix-Compilation\Texture Fixes\ps2 textures\OPAQUE\bp_remade\w10c_entfl01.bmp.png
w10c_entw00.bmp_ebada4c5fb0cf21b95c03d700bd34525,C:\Development\Git\Afevis-MGS2-Bugfix-Compilation\Texture Fixes\ps2 textures\OPAQUE\bp_remade\w10c_entw00.bmp_ebada4c5fb0cf21b95c03d700bd34525.png
w10c_entw01.bmp,C:\Development\Git\Afevis-MGS2-Bugfix-Compilation\Texture Fixes\ps2 textures\OPAQUE\bp_remade\w10c_entw01.bmp.png
w10c_fl00a.bmp_f090db2c7d27de5ceaf7849bea3f7689,C:\Development\Git\Afevis-MGS2-Bugfix-Compilation\Texture Fixes\ps2 textures\OPAQUE\bp_remade\w10c_fl00a.bmp_f090db2c7d27de5ceaf7849bea3f7689.png
w10c_fl00b.bmp_4783af139eb8448160dc9fa885bd7451,C:\Development\Git\Afevis-MGS2-Bugfix-Compilation\Texture Fixes\ps2 textures\OPAQUE\bp_remade\w10c_fl00b.bmp_4783af139eb8448160dc9fa885bd7451.png
w10c_fl00c.bmp_79d5f05b0c8f02fa5ea3d8344309a532,C:\Development\Git\Afevis-MGS2-Bugfix-Compilation\Texture Fixes\ps2 textures\OPAQUE\bp_remade\w10c_fl00c.bmp_79d5f05b0c8f02fa5ea3d8344309a532.png
w10c_fl00d.bmp,C:\Development\Git\Afevis-MGS2-Bugfix-Compilation\Texture Fixes\ps2 textures\OPAQUE\bp_remade\w10c_fl00d.bmp.png
w10c_fl01.bmp_89b1600a0752b90e97de0d507585a5be,C:\Development\Git\Afevis-MGS2-Bugfix-Compilation\Texture Fixes\ps2 textures\OPAQUE\bp_remade\w10c_fl01.bmp_89b1600a0752b90e97de0d507585a5be.png
w10c_fl01_brk.bmp,C:\Development\Git\Afevis-MGS2-Bugfix-Compilation\Texture Fixes\ps2 textures\OPAQUE\bp_remade\w10c_fl01_brk.bmp.png
w10c_fl02.bmp,C:\Development\Git\Afevis-MGS2-Bugfix-Compilation\Texture Fixes\ps2 textures\OPAQUE\bp_remade\w10c_fl02.bmp.png
w10c_fl03.bmp,C:\Development\Git\Afevis-MGS2-Bugfix-Compilation\Texture Fixes\ps2 textures\OPAQUE\bp_remade\w10c_fl03.bmp.png
w10c_fl03a.bmp,C:\Development\Git\Afevis-MGS2-Bugfix-Compilation\Texture Fixes\ps2 textures\OPAQUE\bp_remade\w10c_fl03a.bmp.png
w10c_flu00a.bmp,C:\Development\Git\Afevis-MGS2-Bugfix-Compilation\Texture Fixes\ps2 textures\OPAQUE\bp_remade\w10c_flu00a.bmp.png
w10c_flu03.bmp_8c53753f36afb3cef63e6a663757b660,C:\Development\Git\Afevis-MGS2-Bugfix-Compilation\Texture Fixes\ps2 textures\OPAQUE\same sha1\w10c_flu03.bmp_8c53753f36afb3cef63e6a663757b660.png
w10c_ladder00_alp_ovl.bmp,C:\Development\Git\Afevis-MGS2-Bugfix-Compilation\Texture Fixes\ps2 textures\HAS ALPHA\same sha1\w10c_ladder00_alp_ovl.bmp.png
w10c_oil_sea_128_alp_ovl.bmp,C:\Development\Git\Afevis-MGS2-Bugfix-Compilation\Texture Fixes\ps2 textures\HAS ALPHA\same sha1\w10c_oil_sea_128_alp_ovl.bmp.png
w10c_oil_sea_256_alp_ovl.bmp,C:\Development\Git\Afevis-MGS2-Bugfix-Compilation\Texture Fixes\ps2 textures\HAS ALPHA\same sha1\w10c_oil_sea_256_alp_ovl.bmp.png
w10c_oil_sea_32_alp_ovl.bmp,C:\Development\Git\Afevis-MGS2-Bugfix-Compilation\Texture Fixes\ps2 textures\HAS ALPHA\same sha1\w10c_oil_sea_32_alp_ovl.bmp.png
w10c_oil_sea_64_alp_ovl.bmp,C:\Development\Git\Afevis-MGS2-Bugfix-Compilation\Texture Fixes\ps2 textures\HAS ALPHA\same sha1\w10c_oil_sea_64_alp_ovl.bmp.png
w10c_orange00.bmp,C:\Development\Git\Afevis-MGS2-Bugfix-Compilation\Texture Fixes\ps2 textures\OPAQUE\same sha1\w10c_orange00.bmp.png
w10c_orange01.bmp,C:\Development\Git\Afevis-MGS2-Bugfix-Compilation\Texture Fixes\ps2 textures\OPAQUE\same sha1\w10c_orange01.bmp.png
w10c_orange01.bmp_1dfa5c622d3aa78ffdf1144c094bc2ca,C:\Development\Git\Afevis-MGS2-Bugfix-Compilation\Texture Fixes\ps2 textures\OPAQUE\same sha1\w10c_orange01.bmp_1dfa5c622d3aa78ffdf1144c094bc2ca.png
w10c_pp00.bmp,C:\Development\Git\Afevis-MGS2-Bugfix-Compilation\Texture Fixes\ps2 textures\OPAQUE\same sha1\w10c_pp00.bmp.png
w10c_pp00.bmp_02dc037bcffa836a8857ebf50bcc67a7,C:\Development\Git\Afevis-MGS2-Bugfix-Compilation\Texture Fixes\ps2 textures\OPAQUE\same sha1\w10c_pp00.bmp_02dc037bcffa836a8857ebf50bcc67a7.png
w10c_pp01.bmp,C:\Development\Git\Afevis-MGS2-Bugfix-Compilation\Texture Fixes\ps2 textures\OPAQUE\bp_remade\w10c_pp01.bmp.png
w10c_pp01.bmp_ffdb967870ba68b15bb0414af2582240,C:\Development\Git\Afevis-MGS2-Bugfix-Compilation\Texture Fixes\ps2 textures\OPAQUE\bp_remade\w10c_pp01.bmp_ffdb967870ba68b15bb0414af2582240.png
w10c_pp01a.bmp,C:\Development\Git\Afevis-MGS2-Bugfix-Compilation\Texture Fixes\ps2 textures\OPAQUE\bp_remade\w10c_pp01a.bmp.png
w10c_pp01a2.bmp,C:\Development\Git\Afevis-MGS2-Bugfix-Compilation\Texture Fixes\ps2 textures\OPAQUE\same sha1\w10c_pp01a2.bmp.png
w10c_pp04.bmp_6c02c0734669b3b2af844bfb2a6f8caf,C:\Development\Git\Afevis-MGS2-Bugfix-Compilation\Texture Fixes\ps2 textures\OPAQUE\bp_remade\w10c_pp04.bmp_6c02c0734669b3b2af844bfb2a6f8caf.png
w10c_pp05.bmp,C:\Development\Git\Afevis-MGS2-Bugfix-Compilation\Texture Fixes\ps2 textures\OPAQUE\same sha1\w10c_pp05.bmp.png
w10c_pp05a_alp_ovl.bmp,C:\Development\Git\Afevis-MGS2-Bugfix-Compilation\Texture Fixes\ps2 textures\HAS ALPHA\same sha1\w10c_pp05a_alp_ovl.bmp.png
w10c_rf00.bmp,C:\Development\Git\Afevis-MGS2-Bugfix-Compilation\Texture Fixes\ps2 textures\OPAQUE\same sha1\w10c_rf00.bmp.png
w10c_sk00.bmp_080bd3d56c6e4437c207d0839cc27828,C:\Development\Git\Afevis-MGS2-Bugfix-Compilation\Texture Fixes\ps2 textures\OPAQUE\bp_remade\w10c_sk00.bmp_080bd3d56c6e4437c207d0839cc27828.png
w10c_sk00a.bmp_c23abf4bb26aa9b385f505c9436c87e3,C:\Development\Git\Afevis-MGS2-Bugfix-Compilation\Texture Fixes\ps2 textures\OPAQUE\bp_remade\w10c_sk00a.bmp_c23abf4bb26aa9b385f505c9436c87e3.png
w10c_sk00b.bmp_d9e12dccb9bcc4cf71139977cbfbc3e7,C:\Development\Git\Afevis-MGS2-Bugfix-Compilation\Texture Fixes\ps2 textures\OPAQUE\bp_remade\w10c_sk00b.bmp_d9e12dccb9bcc4cf71139977cbfbc3e7.png
w10c_sk00d.bmp_a9ee348f02fbca3d69c1ad8a9a23932a,C:\Development\Git\Afevis-MGS2-Bugfix-Compilation\Texture Fixes\ps2 textures\OPAQUE\bp_remade\w10c_sk00d.bmp_a9ee348f02fbca3d69c1ad8a9a23932a.png
w10c_sk00e.bmp_0e3bb1fb297f402705e2cad23f68ddf6,C:\Development\Git\Afevis-MGS2-Bugfix-Compilation\Texture Fixes\ps2 textures\OPAQUE\bp_remade\w10c_sk00e.bmp_0e3bb1fb297f402705e2cad23f68ddf6.png
w10c_sk01.bmp,C:\Development\Git\Afevis-MGS2-Bugfix-Compilation\Texture Fixes\ps2 textures\OPAQUE\bp_remade\w10c_sk01.bmp.png
w10c_sk01.bmp_b38fa6aa2149606ac364f449b0956d51,C:\Development\Git\Afevis-MGS2-Bugfix-Compilation\Texture Fixes\ps2 textures\OPAQUE\bp_remade\w10c_sk01.bmp_b38fa6aa2149606ac364f449b0956d51.png
w10c_sk01a.bmp_bac7874a3dfb93ad53d87c13aee33f56,C:\Development\Git\Afevis-MGS2-Bugfix-Compilation\Texture Fixes\ps2 textures\OPAQUE\bp_remade\w10c_sk01a.bmp_bac7874a3dfb93ad53d87c13aee33f56.png
w10c_sk01b.bmp_5dc6834c6bebd925dad973550e4c6fdf,C:\Development\Git\Afevis-MGS2-Bugfix-Compilation\Texture Fixes\ps2 textures\OPAQUE\bp_remade\w10c_sk01b.bmp_5dc6834c6bebd925dad973550e4c6fdf.png
w10c_sk01c.bmp_a7e8bcc841939628dc2dda275f4d60e0,C:\Development\Git\Afevis-MGS2-Bugfix-Compilation\Texture Fixes\ps2 textures\OPAQUE\bp_remade\w10c_sk01c.bmp_a7e8bcc841939628dc2dda275f4d60e0.png
w10c_sk02a.bmp,C:\Development\Git\Afevis-MGS2-Bugfix-Compilation\Texture Fixes\ps2 textures\OPAQUE\same sha1\w10c_sk02a.bmp.png
w10c_sk02a.bmp_a6356259f914b001c00227d286892831,C:\Development\Git\Afevis-MGS2-Bugfix-Compilation\Texture Fixes\ps2 textures\OPAQUE\same sha1\w10c_sk02a.bmp_a6356259f914b001c00227d286892831.png
w10c_sk02a_brk.bmp,C:\Development\Git\Afevis-MGS2-Bugfix-Compilation\Texture Fixes\ps2 textures\OPAQUE\same sha1\w10c_sk02a_brk.bmp.png
w10c_sk02b.bmp,C:\Development\Git\Afevis-MGS2-Bugfix-Compilation\Texture Fixes\ps2 textures\OPAQUE\bp_remade\w10c_sk02b.bmp.png
w10c_sk02b.bmp_3cb057c6841498620fc2fd642a4a68a2,C:\Development\Git\Afevis-MGS2-Bugfix-Compilation\Texture Fixes\ps2 textures\OPAQUE\same sha1\w10c_sk02b.bmp_3cb057c6841498620fc2fd642a4a68a2.png
w10c_sk02b.bmp_d7840351a2869c529b0d8da5f0388f53,C:\Development\Git\Afevis-MGS2-Bugfix-Compilation\Texture Fixes\ps2 textures\OPAQUE\same sha1\w10c_sk02b.bmp_d7840351a2869c529b0d8da5f0388f53.png
w10c_sk02b_brk.bmp,C:\Development\Git\Afevis-MGS2-Bugfix-Compilation\Texture Fixes\ps2 textures\OPAQUE\same sha1\w10c_sk02b_brk.bmp.png
w10c_sk02c.bmp,C:\Development\Git\Afevis-MGS2-Bugfix-Compilation\Texture Fixes\ps2 textures\OPAQUE\same sha1\w10c_sk02c.bmp.png
w10c_sk02c.bmp_318714409a819f892f38b32a06329358,C:\Development\Git\Afevis-MGS2-Bugfix-Compilation\Texture Fixes\ps2 textures\OPAQUE\same sha1\w10c_sk02c.bmp_318714409a819f892f38b32a06329358.png
w10c_sk02e.bmp,C:\Development\Git\Afevis-MGS2-Bugfix-Compilation\Texture Fixes\ps2 textures\OPAQUE\same sha1\w10c_sk02e.bmp.png
w10c_sk02e.bmp_707e0a153a38e1a6a63f997c7c49ed65,C:\Development\Git\Afevis-MGS2-Bugfix-Compilation\Texture Fixes\ps2 textures\OPAQUE\same sha1\w10c_sk02e.bmp_707e0a153a38e1a6a63f997c7c49ed65.png
w10c_sku00.bmp,C:\Development\Git\Afevis-MGS2-Bugfix-Compilation\Texture Fixes\ps2 textures\OPAQUE\bp_remade\w10c_sku00.bmp.png
w10c_sku00a.bmp,C:\Development\Git\Afevis-MGS2-Bugfix-Compilation\Texture Fixes\ps2 textures\OPAQUE\bp_remade\w10c_sku00a.bmp.png
w10c_sku00c.bmp,C:\Development\Git\Afevis-MGS2-Bugfix-Compilation\Texture Fixes\ps2 textures\OPAQUE\bp_remade\w10c_sku00c.bmp.png
w10c_sku00d.bmp,C:\Development\Git\Afevis-MGS2-Bugfix-Compilation\Texture Fixes\ps2 textures\OPAQUE\bp_remade\w10c_sku00d.bmp.png
w10c_sku01a.bmp,C:\Development\Git\Afevis-MGS2-Bugfix-Compilation\Texture Fixes\ps2 textures\OPAQUE\bp_remade\w10c_sku01a.bmp.png
w10c_tnk000.bmp,C:\Development\Git\Afevis-MGS2-Bugfix-Compilation\Texture Fixes\ps2 textures\OPAQUE\same sha1\w10c_tnk000.bmp.png
w10c_trapfl01.bmp,C:\Development\Git\Afevis-MGS2-Bugfix-Compilation\Texture Fixes\ps2 textures\OPAQUE\bp_remade\w10c_trapfl01.bmp.png
w10c_w00.bmp,C:\Development\Git\Afevis-MGS2-Bugfix-Compilation\Texture Fixes\ps2 textures\OPAQUE\bp_remade\w10c_w00.bmp.png
w10c_w00a.bmp,C:\Development\Git\Afevis-MGS2-Bugfix-Compilation\Texture Fixes\ps2 textures\OPAQUE\bp_remade\w10c_w00a.bmp.png
w10c_w00b.bmp,C:\Development\Git\Afevis-MGS2-Bugfix-Compilation\Texture Fixes\ps2 textures\OPAQUE\bp_remade\w10c_w00b.bmp.png
w10c_w00c.bmp_1a2ec7dfc72a4bdfc203becd5d5bccf6,C:\Development\Git\Afevis-MGS2-Bugfix-Compilation\Texture Fixes\ps2 textures\OPAQUE\bp_remade\w10c_w00c.bmp_1a2ec7dfc72a4bdfc203becd5d5bccf6.png
w10c_w00e.bmp,C:\Development\Git\Afevis-MGS2-Bugfix-Compilation\Texture Fixes\ps2 textures\OPAQUE\bp_remade\w10c_w00e.bmp.png
w10c_w00f2.bmp,C:\Development\Git\Afevis-MGS2-Bugfix-Compilation\Texture Fixes\ps2 textures\OPAQUE\bp_remade\w10c_w00f2.bmp.png
w10c_w02.bmp,C:\Development\Git\Afevis-MGS2-Bugfix-Compilation\Texture Fixes\ps2 textures\OPAQUE\bp_remade\w10c_w02.bmp.png
w10c_w06b2.bmp,C:\Development\Git\Afevis-MGS2-Bugfix-Compilation\Texture Fixes\ps2 textures\OPAQUE\bp_remade\w10c_w06b2.bmp.png
w10c_white_01.bmp,C:\Development\Git\Afevis-MGS2-Bugfix-Compilation\Texture Fixes\ps2 textures\OPAQUE\same sha1\w10c_white_01.bmp.png
w10c_wire00_alp.bmp,C:\Development\Git\Afevis-MGS2-Bugfix-Compilation\Texture Fixes\ps2 textures\HAS ALPHA\same sha1\w10c_wire00_alp.bmp.png
w10c_wire00a_alp.bmp,C:\Development\Git\Afevis-MGS2-Bugfix-Compilation\Texture Fixes\ps2 textures\HAS ALPHA\same sha1\w10c_wire00a_alp.bmp.png
w11_col1.bmp,C:\Development\Git\Afevis-MGS2-Bugfix-Compilation\Texture Fixes\ps2 textures\OPAQUE\same sha1\w11_col1.bmp.png
w11_col4.bmp,C:\Development\Git\Afevis-MGS2-Bugfix-Compilation\Texture Fixes\ps2 textures\OPAQUE\same sha1\w11_col4.bmp.png
w11_drum_f1.bmp,C:\Development\Git\Afevis-MGS2-Bugfix-Compilation\Texture Fixes\ps2 textures\OPAQUE\bp_remade\w11_drum_f1.bmp.png
w11_drum_frg_alp_ovl.bmp,C:\Development\Git\Afevis-MGS2-Bugfix-Compilation\Texture Fixes\ps2 textures\OPAQUE\same sha1\w11_drum_frg_alp_ovl.bmp.png
w11_explode_drum_f1.bmp,C:\Development\Git\Afevis-MGS2-Bugfix-Compilation\Texture Fixes\ps2 textures\OPAQUE\bp_remade\w11_explode_drum_f1.bmp.png
w11_ibx_danmen_burned_add.bmp,C:\Development\Git\Afevis-MGS2-Bugfix-Compilation\Texture Fixes\ps2 textures\OPAQUE\same sha1\w11_ibx_danmen_burned_add.bmp.png
w11_ironbox_danmen.bmp,C:\Development\Git\Afevis-MGS2-Bugfix-Compilation\Texture Fixes\ps2 textures\OPAQUE\same sha1\w11_ironbox_danmen.bmp.png
w11_woodbox_frg_alp_ovl.bmp,C:\Development\Git\Afevis-MGS2-Bugfix-Compilation\Texture Fixes\ps2 textures\OPAQUE\same sha1\w11_woodbox_frg_alp_ovl.bmp.png
w11a0_amiflr1.bmp,C:\Development\Git\Afevis-MGS2-Bugfix-Compilation\Texture Fixes\ps2 textures\OPAQUE\bp_remade\w11a0_amiflr1.bmp.png
w11a0_amiflr2.bmp,C:\Development\Git\Afevis-MGS2-Bugfix-Compilation\Texture Fixes\ps2 textures\OPAQUE\bp_remade\w11a0_amiflr2.bmp.png
w11a0_bonbe1.bmp,C:\Development\Git\Afevis-MGS2-Bugfix-Compilation\Texture Fixes\ps2 textures\OPAQUE\bp_remade\w11a0_bonbe1.bmp.png
w11a0_crane_box1.bmp,C:\Development\Git\Afevis-MGS2-Bugfix-Compilation\Texture Fixes\ps2 textures\OPAQUE\same sha1\w11a0_crane_box1.bmp.png
w11a0_crane_s1.bmp,C:\Development\Git\Afevis-MGS2-Bugfix-Compilation\Texture Fixes\ps2 textures\OPAQUE\same sha1\w11a0_crane_s1.bmp.png
w11a0_crn_wire1.bmp,C:\Development\Git\Afevis-MGS2-Bugfix-Compilation\Texture Fixes\ps2 textures\OPAQUE\same sha1\w11a0_crn_wire1.bmp.png
w11a0_crndesk_f1.bmp,C:\Development\Git\Afevis-MGS2-Bugfix-Compilation\Texture Fixes\ps2 textures\OPAQUE\bp_remade\w11a0_crndesk_f1.bmp.png
w11a0_deckwall1.bmp,C:\Development\Git\Afevis-MGS2-Bugfix-Compilation\Texture Fixes\ps2 textures\OPAQUE\bp_remade\w11a0_deckwall1.bmp.png
w11a0_drwall_panel_r.bmp,C:\Development\Git\Afevis-MGS2-Bugfix-Compilation\Texture Fixes\ps2 textures\OPAQUE\bp_remade\w11a0_drwall_panel_r.bmp.png
w11a0_duct1.bmp,C:\Development\Git\Afevis-MGS2-Bugfix-Compilation\Texture Fixes\ps2 textures\OPAQUE\bp_remade\w11a0_duct1.bmp.png
w11a0_floor1.bmp,C:\Development\Git\Afevis-MGS2-Bugfix-Compilation\Texture Fixes\ps2 textures\OPAQUE\bp_remade\w11a0_floor1.bmp.png
w11a0_floor1_side.bmp,C:\Development\Git\Afevis-MGS2-Bugfix-Compilation\Texture Fixes\ps2 textures\OPAQUE\bp_remade\w11a0_floor1_side.bmp.png
w11a0_gas_cap01.bmp,C:\Development\Git\Afevis-MGS2-Bugfix-Compilation\Texture Fixes\ps2 textures\OPAQUE\same sha1\w11a0_gas_cap01.bmp.png
w11a0_jmst_dai1.bmp,C:\Development\Git\Afevis-MGS2-Bugfix-Compilation\Texture Fixes\ps2 textures\OPAQUE\bp_remade\w11a0_jmst_dai1.bmp.png
w11a0_pillar1.bmp,C:\Development\Git\Afevis-MGS2-Bugfix-Compilation\Texture Fixes\ps2 textures\OPAQUE\bp_remade\w11a0_pillar1.bmp.png
w11a0_pool_entflor1.bmp,C:\Development\Git\Afevis-MGS2-Bugfix-Compilation\Texture Fixes\ps2 textures\OPAQUE\bp_remade\w11a0_pool_entflor1.bmp.png
w11a0_poollit.bmp,C:\Development\Git\Afevis-MGS2-Bugfix-Compilation\Texture Fixes\ps2 textures\OPAQUE\same sha1\w11a0_poollit.bmp.png
w11a0_raillit_u.bmp,C:\Development\Git\Afevis-MGS2-Bugfix-Compilation\Texture Fixes\ps2 textures\OPAQUE\same sha1\w11a0_raillit_u.bmp.png
w11a0_ref_water_alp_ovl.bmp,C:\Development\Git\Afevis-MGS2-Bugfix-Compilation\Texture Fixes\ps2 textures\OPAQUE\same sha1\w11a0_ref_water_alp_ovl.bmp.png
w11a0_sbmr_glass.bmp,C:\Development\Git\Afevis-MGS2-Bugfix-Compilation\Texture Fixes\ps2 textures\OPAQUE\same sha1\w11a0_sbmr_glass.bmp.png
w11a0_sbmr_ovl_mod1120_emap.bmp,C:\Development\Git\Afevis-MGS2-Bugfix-Compilation\Texture Fixes\ps2 textures\OPAQUE\same sha1\w11a0_sbmr_ovl_mod1120_emap.bmp.png
w11a0_southwall1.bmp,C:\Development\Git\Afevis-MGS2-Bugfix-Compilation\Texture Fixes\ps2 textures\OPAQUE\bp_remade\w11a0_southwall1.bmp.png
w11a0_southwall2.bmp,C:\Development\Git\Afevis-MGS2-Bugfix-Compilation\Texture Fixes\ps2 textures\OPAQUE\bp_remade\w11a0_southwall2.bmp.png
w11a0_southwall_hari1.bmp,C:\Development\Git\Afevis-MGS2-Bugfix-Compilation\Texture Fixes\ps2 textures\OPAQUE\bp_remade\w11a0_southwall_hari1.bmp.png
w11a0_step1.bmp,C:\Development\Git\Afevis-MGS2-Bugfix-Compilation\Texture Fixes\ps2 textures\OPAQUE\bp_remade\w11a0_step1.bmp.png
w11a0_tank1_asi2.bmp,C:\Development\Git\Afevis-MGS2-Bugfix-Compilation\Texture Fixes\ps2 textures\OPAQUE\bp_remade\w11a0_tank1_asi2.bmp.png
w11a0_tank1_ender.bmp,C:\Development\Git\Afevis-MGS2-Bugfix-Compilation\Texture Fixes\ps2 textures\OPAQUE\bp_remade\w11a0_tank1_ender.bmp.png
w11a0_tank1_geta.bmp,C:\Development\Git\Afevis-MGS2-Bugfix-Compilation\Texture Fixes\ps2 textures\OPAQUE\same sha1\w11a0_tank1_geta.bmp.png
w11a0_tank1_s.bmp,C:\Development\Git\Afevis-MGS2-Bugfix-Compilation\Texture Fixes\ps2 textures\OPAQUE\bp_remade\w11a0_tank1_s.bmp.png
w11a0_tsr1.bmp,C:\Development\Git\Afevis-MGS2-Bugfix-Compilation\Texture Fixes\ps2 textures\OPAQUE\bp_remade\w11a0_tsr1.bmp.png
w11a0_tsr2.bmp,C:\Development\Git\Afevis-MGS2-Bugfix-Compilation\Texture Fixes\ps2 textures\OPAQUE\bp_remade\w11a0_tsr2.bmp.png
w11a0_wall1.bmp,C:\Development\Git\Afevis-MGS2-Bugfix-Compilation\Texture Fixes\ps2 textures\OPAQUE\bp_remade\w11a0_wall1.bmp.png
w11a0_wall2.bmp,C:\Development\Git\Afevis-MGS2-Bugfix-Compilation\Texture Fixes\ps2 textures\OPAQUE\bp_remade\w11a0_wall2.bmp.png
w11a0_walllit_kkt.bmp,C:\Development\Git\Afevis-MGS2-Bugfix-Compilation\Texture Fixes\ps2 textures\OPAQUE\same sha1\w11a0_walllit_kkt.bmp.png
w11a1_ceillit_cov.bmp,C:\Development\Git\Afevis-MGS2-Bugfix-Compilation\Texture Fixes\ps2 textures\OPAQUE\same sha1\w11a1_ceillit_cov.bmp.png
w11a1_lowlit1.bmp,C:\Development\Git\Afevis-MGS2-Bugfix-Compilation\Texture Fixes\ps2 textures\OPAQUE\same sha1\w11a1_lowlit1.bmp.png
w11a1_pillar1.bmp,C:\Development\Git\Afevis-MGS2-Bugfix-Compilation\Texture Fixes\ps2 textures\OPAQUE\bp_remade\w11a1_pillar1.bmp.png
w11a1_pillar1_s.bmp,C:\Development\Git\Afevis-MGS2-Bugfix-Compilation\Texture Fixes\ps2 textures\OPAQUE\bp_remade\w11a1_pillar1_s.bmp.png
w11a1_pillar2.bmp,C:\Development\Git\Afevis-MGS2-Bugfix-Compilation\Texture Fixes\ps2 textures\OPAQUE\bp_remade\w11a1_pillar2.bmp.png
w11a1_pillar2_s.bmp,C:\Development\Git\Afevis-MGS2-Bugfix-Compilation\Texture Fixes\ps2 textures\OPAQUE\bp_remade\w11a1_pillar2_s.bmp.png
w11a1_pipe_endbox.bmp,C:\Development\Git\Afevis-MGS2-Bugfix-Compilation\Texture Fixes\ps2 textures\OPAQUE\bp_remade\w11a1_pipe_endbox.bmp.png
w11a1_wall1.bmp,C:\Development\Git\Afevis-MGS2-Bugfix-Compilation\Texture Fixes\ps2 textures\OPAQUE\bp_remade\w11a1_wall1.bmp.png
w11a1_wall2.bmp,C:\Development\Git\Afevis-MGS2-Bugfix-Compilation\Texture Fixes\ps2 textures\OPAQUE\bp_remade\w11a1_wall2.bmp.png
w11a1_wall3.bmp,C:\Development\Git\Afevis-MGS2-Bugfix-Compilation\Texture Fixes\ps2 textures\OPAQUE\bp_remade\w11a1_wall3.bmp.png
w11a2_ceillit_hanger1.bmp,C:\Development\Git\Afevis-MGS2-Bugfix-Compilation\Texture Fixes\ps2 textures\OPAQUE\bp_remade\w11a2_ceillit_hanger1.bmp.png
w11a2_closed_shatter.bmp,C:\Development\Git\Afevis-MGS2-Bugfix-Compilation\Texture Fixes\ps2 textures\OPAQUE\bp_remade\w11a2_closed_shatter.bmp.png
w11a2_drwall1_head.bmp,C:\Development\Git\Afevis-MGS2-Bugfix-Compilation\Texture Fixes\ps2 textures\OPAQUE\bp_remade\w11a2_drwall1_head.bmp.png
w11a2_evt_fade3_alp_ovl.bmp,C:\Development\Git\Afevis-MGS2-Bugfix-Compilation\Texture Fixes\ps2 textures\HAS ALPHA\same sha1\w11a2_evt_fade3_alp_ovl.bmp.png
w11a2_evt_hori_pillar1.bmp,C:\Development\Git\Afevis-MGS2-Bugfix-Compilation\Texture Fixes\ps2 textures\OPAQUE\same sha1\w11a2_evt_hori_pillar1.bmp.png
w11a2_evt_pipe1_alp_ovl.bmp,C:\Development\Git\Afevis-MGS2-Bugfix-Compilation\Texture Fixes\ps2 textures\HAS ALPHA\same sha1\w11a2_evt_pipe1_alp_ovl.bmp.png
w11a2_evt_wall1.bmp,C:\Development\Git\Afevis-MGS2-Bugfix-Compilation\Texture Fixes\ps2 textures\OPAQUE\same sha1\w11a2_evt_wall1.bmp.png
w11a2_evt_wall1.bmp_7c30018640e5e80f052e10020e03f427,C:\Development\Git\Afevis-MGS2-Bugfix-Compilation\Texture Fixes\ps2 textures\OPAQUE\same sha1\w11a2_evt_wall1.bmp_7c30018640e5e80f052e10020e03f427.png
w11a2_evt_wall2.bmp,C:\Development\Git\Afevis-MGS2-Bugfix-Compilation\Texture Fixes\ps2 textures\OPAQUE\same sha1\w11a2_evt_wall2.bmp.png
w11a2_floor_kage06_alp_ovl.bmp,C:\Development\Git\Afevis-MGS2-Bugfix-Compilation\Texture Fixes\ps2 textures\HAS ALPHA\same sha1\w11a2_floor_kage06_alp_ovl.bmp.png
w11a2_floor_kage07_alp_ovl.bmp,C:\Development\Git\Afevis-MGS2-Bugfix-Compilation\Texture Fixes\ps2 textures\HAS ALPHA\same sha1\w11a2_floor_kage07_alp_ovl.bmp.png
w11a2_gate_flr1.bmp,C:\Development\Git\Afevis-MGS2-Bugfix-Compilation\Texture Fixes\ps2 textures\OPAQUE\bp_remade\w11a2_gate_flr1.bmp.png
w11a2_hako_kage05_alp_ovl.bmp,C:\Development\Git\Afevis-MGS2-Bugfix-Compilation\Texture Fixes\ps2 textures\HAS ALPHA\same sha1\w11a2_hako_kage05_alp_ovl.bmp.png
w11a2_hako_kage15_alp_ovl.bmp,C:\Development\Git\Afevis-MGS2-Bugfix-Compilation\Texture Fixes\ps2 textures\HAS ALPHA\same sha1\w11a2_hako_kage15_alp_ovl.bmp.png
w11a2_hari_danmen1.bmp,C:\Development\Git\Afevis-MGS2-Bugfix-Compilation\Texture Fixes\ps2 textures\OPAQUE\same sha1\w11a2_hari_danmen1.bmp.png
w11a2_pillar2.bmp,C:\Development\Git\Afevis-MGS2-Bugfix-Compilation\Texture Fixes\ps2 textures\OPAQUE\bp_remade\w11a2_pillar2.bmp.png
w11a2_pipe3.bmp,C:\Development\Git\Afevis-MGS2-Bugfix-Compilation\Texture Fixes\ps2 textures\OPAQUE\bp_remade\w11a2_pipe3.bmp.png
w11a2_sunoko.bmp,C:\Development\Git\Afevis-MGS2-Bugfix-Compilation\Texture Fixes\ps2 textures\OPAQUE\bp_remade\w11a2_sunoko.bmp.png
w11a2_vlmlit_add_alp.bmp,C:\Development\Git\Afevis-MGS2-Bugfix-Compilation\Texture Fixes\ps2 textures\HAS ALPHA\same sha1\w11a2_vlmlit_add_alp.bmp.png
w11a2_wall_line_kage_alp_ovl.bmp,C:\Development\Git\Afevis-MGS2-Bugfix-Compilation\Texture Fixes\ps2 textures\HAS ALPHA\same sha1\w11a2_wall_line_kage_alp_ovl.bmp.png
w11a2_wall_r1_kage_alp_ovl.bmp,C:\Development\Git\Afevis-MGS2-Bugfix-Compilation\Texture Fixes\ps2 textures\HAS ALPHA\same sha1\w11a2_wall_r1_kage_alp_ovl.bmp.png
w11a_gas2_01_t.bmp,C:\Development\Git\Afevis-MGS2-Bugfix-Compilation\Texture Fixes\ps2 textures\OPAQUE\same sha1\w11a_gas2_01_t.bmp.png
w11a_gas2_02_t.bmp,C:\Development\Git\Afevis-MGS2-Bugfix-Compilation\Texture Fixes\ps2 textures\OPAQUE\bp_remade\w11a_gas2_02_t.bmp.png
w11a_gas2_03_t.bmp,C:\Development\Git\Afevis-MGS2-Bugfix-Compilation\Texture Fixes\ps2 textures\OPAQUE\bp_remade\w11a_gas2_03_t.bmp.png
w11a_gas2_04_t.bmp,C:\Development\Git\Afevis-MGS2-Bugfix-Compilation\Texture Fixes\ps2 textures\OPAQUE\bp_remade\w11a_gas2_04_t.bmp.png
w11a_gas_01_t.bmp,C:\Development\Git\Afevis-MGS2-Bugfix-Compilation\Texture Fixes\ps2 textures\OPAQUE\same sha1\w11a_gas_01_t.bmp.png
w11a_gas_02_t.bmp,C:\Development\Git\Afevis-MGS2-Bugfix-Compilation\Texture Fixes\ps2 textures\OPAQUE\bp_remade\w11a_gas_02_t.bmp.png
w11a_gas_03_t.bmp,C:\Development\Git\Afevis-MGS2-Bugfix-Compilation\Texture Fixes\ps2 textures\OPAQUE\same sha1\w11a_gas_03_t.bmp.png
w11a_kage_alp.bmp,C:\Development\Git\Afevis-MGS2-Bugfix-Compilation\Texture Fixes\ps2 textures\HAS ALPHA\same sha1\w11a_kage_alp.bmp.png
w11a_lit_add_alp.bmp,C:\Development\Git\Afevis-MGS2-Bugfix-Compilation\Texture Fixes\ps2 textures\HAS ALPHA\same sha1\w11a_lit_add_alp.bmp.png
w11a_node_areaname_alp_ovl.bmp,C:\Development\Git\Afevis-MGS2-Bugfix-Compilation\Texture Fixes\ps2 textures\HAS ALPHA\same sha1\w11a_node_areaname_alp_ovl.bmp.png
w11a_t_hako_c.bmp,C:\Development\Git\Afevis-MGS2-Bugfix-Compilation\Texture Fixes\ps2 textures\OPAQUE\bp_remade\w11a_t_hako_c.bmp.png
w11a_t_hako_d.bmp,C:\Development\Git\Afevis-MGS2-Bugfix-Compilation\Texture Fixes\ps2 textures\OPAQUE\bp_remade\w11a_t_hako_d.bmp.png
w11a_t_hako_e_2.bmp,C:\Development\Git\Afevis-MGS2-Bugfix-Compilation\Texture Fixes\ps2 textures\OPAQUE\bp_remade\w11a_t_hako_e_2.bmp.png
w11a_t_tana2_b.bmp,C:\Development\Git\Afevis-MGS2-Bugfix-Compilation\Texture Fixes\ps2 textures\OPAQUE\bp_remade\w11a_t_tana2_b.bmp.png
w11a_t_tana2_c.bmp,C:\Development\Git\Afevis-MGS2-Bugfix-Compilation\Texture Fixes\ps2 textures\OPAQUE\bp_remade\w11a_t_tana2_c.bmp.png
w11a_t_tana2_d.bmp,C:\Development\Git\Afevis-MGS2-Bugfix-Compilation\Texture Fixes\ps2 textures\OPAQUE\same sha1\w11a_t_tana2_d.bmp.png
w11a_t_tana_a.bmp,C:\Development\Git\Afevis-MGS2-Bugfix-Compilation\Texture Fixes\ps2 textures\OPAQUE\bp_remade\w11a_t_tana_a.bmp.png
w11a_walllit.bmp,C:\Development\Git\Afevis-MGS2-Bugfix-Compilation\Texture Fixes\ps2 textures\OPAQUE\same sha1\w11a_walllit.bmp.png
w11a_walllit_brk.bmp,C:\Development\Git\Afevis-MGS2-Bugfix-Compilation\Texture Fixes\ps2 textures\OPAQUE\same sha1\w11a_walllit_brk.bmp.png
w11a_walllit_cov_f.bmp,C:\Development\Git\Afevis-MGS2-Bugfix-Compilation\Texture Fixes\ps2 textures\OPAQUE\same sha1\w11a_walllit_cov_f.bmp.png
w11a_walllit_frame.bmp,C:\Development\Git\Afevis-MGS2-Bugfix-Compilation\Texture Fixes\ps2 textures\OPAQUE\same sha1\w11a_walllit_frame.bmp.png
w11b2_cont_dankon1_alp_ovl.bmp,C:\Development\Git\Afevis-MGS2-Bugfix-Compilation\Texture Fixes\ps2 textures\HAS ALPHA\same sha1\w11b2_cont_dankon1_alp_ovl.bmp.png
w11b2_cont_f.bmp,C:\Development\Git\Afevis-MGS2-Bugfix-Compilation\Texture Fixes\ps2 textures\OPAQUE\same sha1\w11b2_cont_f.bmp.png
w11b2_cont_floor.bmp,C:\Development\Git\Afevis-MGS2-Bugfix-Compilation\Texture Fixes\ps2 textures\OPAQUE\same sha1\w11b2_cont_floor.bmp.png
w11b2_cont_s.bmp,C:\Development\Git\Afevis-MGS2-Bugfix-Compilation\Texture Fixes\ps2 textures\OPAQUE\same sha1\w11b2_cont_s.bmp.png
w11b2_cont_t.bmp,C:\Development\Git\Afevis-MGS2-Bugfix-Compilation\Texture Fixes\ps2 textures\OPAQUE\same sha1\w11b2_cont_t.bmp.png
w11b2_contena_kirikuti.bmp,C:\Development\Git\Afevis-MGS2-Bugfix-Compilation\Texture Fixes\ps2 textures\OPAQUE\same sha1\w11b2_contena_kirikuti.bmp.png
w11b2_ironbox_brk3_t1.bmp,C:\Development\Git\Afevis-MGS2-Bugfix-Compilation\Texture Fixes\ps2 textures\OPAQUE\same sha1\w11b2_ironbox_brk3_t1.bmp.png
w11b2_ironbox_dankon_f1_alp.bmp,C:\Development\Git\Afevis-MGS2-Bugfix-Compilation\Texture Fixes\ps2 textures\HAS ALPHA\same sha1\w11b2_ironbox_dankon_f1_alp.bmp.png
w11b2_ironbox_dankon_s1_alp.bmp,C:\Development\Git\Afevis-MGS2-Bugfix-Compilation\Texture Fixes\ps2 textures\HAS ALPHA\same sha1\w11b2_ironbox_dankon_s1_alp.bmp.png
w11b2_ironbox_frg_alp_ovl.bmp,C:\Development\Git\Afevis-MGS2-Bugfix-Compilation\Texture Fixes\ps2 textures\OPAQUE\same sha1\w11b2_ironbox_frg_alp_ovl.bmp.png
w11b2_ironbox_t.bmp,C:\Development\Git\Afevis-MGS2-Bugfix-Compilation\Texture Fixes\ps2 textures\OPAQUE\same sha1\w11b2_ironbox_t.bmp.png
w11b2_railit_hl_add_alp_ovl.bmp,C:\Development\Git\Afevis-MGS2-Bugfix-Compilation\Texture Fixes\ps2 textures\HAS ALPHA\same sha1\w11b2_railit_hl_add_alp_ovl.bmp.png
w11b2_raillit_u.bmp,C:\Development\Git\Afevis-MGS2-Bugfix-Compilation\Texture Fixes\ps2 textures\OPAQUE\same sha1\w11b2_raillit_u.bmp.png
w11b2_raillit_u_brk.bmp,C:\Development\Git\Afevis-MGS2-Bugfix-Compilation\Texture Fixes\ps2 textures\OPAQUE\same sha1\w11b2_raillit_u_brk.bmp.png
w11b_box_backclip_alp_ovl.bmp,C:\Development\Git\Afevis-MGS2-Bugfix-Compilation\Texture Fixes\ps2 textures\HAS ALPHA\same sha1\w11b_box_backclip_alp_ovl.bmp.png
w11c2_fire1_alp.bmp,C:\Development\Git\Afevis-MGS2-Bugfix-Compilation\Texture Fixes\ps2 textures\HAS ALPHA\same sha1\w11c2_fire1_alp.bmp.png
w11c2_fire1_alp_grey.bmp,C:\Development\Git\Afevis-MGS2-Bugfix-Compilation\Texture Fixes\ps2 textures\HAS ALPHA\same sha1\w11c2_fire1_alp_grey.bmp.png
w11c2_fire2_alp.bmp,C:\Development\Git\Afevis-MGS2-Bugfix-Compilation\Texture Fixes\ps2 textures\HAS ALPHA\same sha1\w11c2_fire2_alp.bmp.png
w11c2_fire2_alp_grey.bmp,C:\Development\Git\Afevis-MGS2-Bugfix-Compilation\Texture Fixes\ps2 textures\HAS ALPHA\same sha1\w11c2_fire2_alp_grey.bmp.png
w11c2_fire3a_alp.bmp,C:\Development\Git\Afevis-MGS2-Bugfix-Compilation\Texture Fixes\ps2 textures\HAS ALPHA\same sha1\w11c2_fire3a_alp.bmp.png
w11c2_fire3b_alp.bmp,C:\Development\Git\Afevis-MGS2-Bugfix-Compilation\Texture Fixes\ps2 textures\HAS ALPHA\same sha1\w11c2_fire3b_alp.bmp.png
w11c2_fire3c_alp.bmp,C:\Development\Git\Afevis-MGS2-Bugfix-Compilation\Texture Fixes\ps2 textures\HAS ALPHA\same sha1\w11c2_fire3c_alp.bmp.png
w11c2_gatelit_frame_alp.bmp,C:\Development\Git\Afevis-MGS2-Bugfix-Compilation\Texture Fixes\ps2 textures\HAS ALPHA\same sha1\w11c2_gatelit_frame_alp.bmp.png
w11c2_gatelit_off.bmp,C:\Development\Git\Afevis-MGS2-Bugfix-Compilation\Texture Fixes\ps2 textures\OPAQUE\same sha1\w11c2_gatelit_off.bmp.png
w11c2_gatelit_on.bmp,C:\Development\Git\Afevis-MGS2-Bugfix-Compilation\Texture Fixes\ps2 textures\OPAQUE\same sha1\w11c2_gatelit_on.bmp.png
w11c2_lit_ele_box2.bmp,C:\Development\Git\Afevis-MGS2-Bugfix-Compilation\Texture Fixes\ps2 textures\OPAQUE\bp_remade\w11c2_lit_ele_box2.bmp.png
w11c2_smoke1_alp.bmp,C:\Development\Git\Afevis-MGS2-Bugfix-Compilation\Texture Fixes\ps2 textures\HAS ALPHA\same sha1\w11c2_smoke1_alp.bmp.png
w11c2_smoke2_alp.bmp,C:\Development\Git\Afevis-MGS2-Bugfix-Compilation\Texture Fixes\ps2 textures\HAS ALPHA\same sha1\w11c2_smoke2_alp.bmp.png
w11c2_spipe_temptex1.bmp,C:\Development\Git\Afevis-MGS2-Bugfix-Compilation\Texture Fixes\ps2 textures\OPAQUE\bp_remade\w11c2_spipe_temptex1.bmp.png
w11c2_spipe_temptex2.bmp,C:\Development\Git\Afevis-MGS2-Bugfix-Compilation\Texture Fixes\ps2 textures\OPAQUE\same sha1\w11c2_spipe_temptex2.bmp.png
w11c2_walhl_add_alp.bmp,C:\Development\Git\Afevis-MGS2-Bugfix-Compilation\Texture Fixes\ps2 textures\HAS ALPHA\same sha1\w11c2_walhl_add_alp.bmp.png
w12_elvwall_fader2_alp.bmp,C:\Development\Git\Afevis-MGS2-Bugfix-Compilation\Texture Fixes\ps2 textures\HAS ALPHA\same sha1\w12_elvwall_fader2_alp.bmp.png
w12a21_ironbox_sf.bmp,C:\Development\Git\Afevis-MGS2-Bugfix-Compilation\Texture Fixes\ps2 textures\OPAQUE\same sha1\w12a21_ironbox_sf.bmp.png
w12a_ami00_alp.bmp,C:\Development\Git\Afevis-MGS2-Bugfix-Compilation\Texture Fixes\ps2 textures\HAS ALPHA\same sha1\w12a_ami00_alp.bmp.png
w12a_boxsdw00.bmp,C:\Development\Git\Afevis-MGS2-Bugfix-Compilation\Texture Fixes\ps2 textures\OPAQUE\same sha1\w12a_boxsdw00.bmp.png
w12a_boxsdw01.bmp,C:\Development\Git\Afevis-MGS2-Bugfix-Compilation\Texture Fixes\ps2 textures\OPAQUE\same sha1\w12a_boxsdw01.bmp.png
w12a_boxsdw01a.bmp,C:\Development\Git\Afevis-MGS2-Bugfix-Compilation\Texture Fixes\ps2 textures\OPAQUE\same sha1\w12a_boxsdw01a.bmp.png
w12a_boxsdw01b.bmp,C:\Development\Git\Afevis-MGS2-Bugfix-Compilation\Texture Fixes\ps2 textures\OPAQUE\same sha1\w12a_boxsdw01b.bmp.png
w12a_boxsdw01c.bmp,C:\Development\Git\Afevis-MGS2-Bugfix-Compilation\Texture Fixes\ps2 textures\OPAQUE\same sha1\w12a_boxsdw01c.bmp.png
w12a_boxsdw01d.bmp,C:\Development\Git\Afevis-MGS2-Bugfix-Compilation\Texture Fixes\ps2 textures\OPAQUE\same sha1\w12a_boxsdw01d.bmp.png
w12a_dr00b.bmp,C:\Development\Git\Afevis-MGS2-Bugfix-Compilation\Texture Fixes\ps2 textures\OPAQUE\same sha1\w12a_dr00b.bmp.png
w12a_dr00b1.bmp,C:\Development\Git\Afevis-MGS2-Bugfix-Compilation\Texture Fixes\ps2 textures\OPAQUE\same sha1\w12a_dr00b1.bmp.png
w12a_dr00b2.bmp,C:\Development\Git\Afevis-MGS2-Bugfix-Compilation\Texture Fixes\ps2 textures\OPAQUE\same sha1\w12a_dr00b2.bmp.png
w12a_dr00b3.bmp,C:\Development\Git\Afevis-MGS2-Bugfix-Compilation\Texture Fixes\ps2 textures\OPAQUE\same sha1\w12a_dr00b3.bmp.png
w12a_dr00b4.bmp,C:\Development\Git\Afevis-MGS2-Bugfix-Compilation\Texture Fixes\ps2 textures\OPAQUE\same sha1\w12a_dr00b4.bmp.png
w12a_dr00b5.bmp,C:\Development\Git\Afevis-MGS2-Bugfix-Compilation\Texture Fixes\ps2 textures\OPAQUE\same sha1\w12a_dr00b5.bmp.png
w12a_dr00b6.bmp,C:\Development\Git\Afevis-MGS2-Bugfix-Compilation\Texture Fixes\ps2 textures\OPAQUE\same sha1\w12a_dr00b6.bmp.png
w12a_dr00b7.bmp,C:\Development\Git\Afevis-MGS2-Bugfix-Compilation\Texture Fixes\ps2 textures\OPAQUE\same sha1\w12a_dr00b7.bmp.png
w12a_dr00e2.bmp,C:\Development\Git\Afevis-MGS2-Bugfix-Compilation\Texture Fixes\ps2 textures\OPAQUE\same sha1\w12a_dr00e2.bmp.png
w12a_dr00e3.bmp,C:\Development\Git\Afevis-MGS2-Bugfix-Compilation\Texture Fixes\ps2 textures\OPAQUE\same sha1\w12a_dr00e3.bmp.png
w12a_dr01b.bmp,C:\Development\Git\Afevis-MGS2-Bugfix-Compilation\Texture Fixes\ps2 textures\OPAQUE\same sha1\w12a_dr01b.bmp.png
w12a_evfl00b.bmp,C:\Development\Git\Afevis-MGS2-Bugfix-Compilation\Texture Fixes\ps2 textures\OPAQUE\same sha1\w12a_evfl00b.bmp.png
w12a_fl00.bmp,C:\Development\Git\Afevis-MGS2-Bugfix-Compilation\Texture Fixes\ps2 textures\OPAQUE\bp_remade\w12a_fl00.bmp.png
w12a_fl00a.bmp,C:\Development\Git\Afevis-MGS2-Bugfix-Compilation\Texture Fixes\ps2 textures\OPAQUE\bp_remade\w12a_fl00a.bmp.png
w12a_fl00b.bmp,C:\Development\Git\Afevis-MGS2-Bugfix-Compilation\Texture Fixes\ps2 textures\OPAQUE\bp_remade\w12a_fl00b.bmp.png
w12a_fl00c.bmp,C:\Development\Git\Afevis-MGS2-Bugfix-Compilation\Texture Fixes\ps2 textures\OPAQUE\bp_remade\w12a_fl00c.bmp.png
w12a_fl00d.bmp,C:\Development\Git\Afevis-MGS2-Bugfix-Compilation\Texture Fixes\ps2 textures\OPAQUE\bp_remade\w12a_fl00d.bmp.png
w12a_fl00e.bmp,C:\Development\Git\Afevis-MGS2-Bugfix-Compilation\Texture Fixes\ps2 textures\OPAQUE\bp_remade\w12a_fl00e.bmp.png
w12a_fl00f.bmp,C:\Development\Git\Afevis-MGS2-Bugfix-Compilation\Texture Fixes\ps2 textures\OPAQUE\bp_remade\w12a_fl00f.bmp.png
w12a_fl00g.bmp,C:\Development\Git\Afevis-MGS2-Bugfix-Compilation\Texture Fixes\ps2 textures\OPAQUE\bp_remade\w12a_fl00g.bmp.png
w12a_fl01a.bmp,C:\Development\Git\Afevis-MGS2-Bugfix-Compilation\Texture Fixes\ps2 textures\OPAQUE\bp_remade\w12a_fl01a.bmp.png
w12a_fl01b.bmp,C:\Development\Git\Afevis-MGS2-Bugfix-Compilation\Texture Fixes\ps2 textures\OPAQUE\bp_remade\w12a_fl01b.bmp.png
w12a_fl01c.bmp,C:\Development\Git\Afevis-MGS2-Bugfix-Compilation\Texture Fixes\ps2 textures\OPAQUE\bp_remade\w12a_fl01c.bmp.png
w12a_fl01d.bmp,C:\Development\Git\Afevis-MGS2-Bugfix-Compilation\Texture Fixes\ps2 textures\OPAQUE\bp_remade\w12a_fl01d.bmp.png
w12a_fl04a.bmp,C:\Development\Git\Afevis-MGS2-Bugfix-Compilation\Texture Fixes\ps2 textures\OPAQUE\same sha1\w12a_fl04a.bmp.png
w12a_fl04c.bmp,C:\Development\Git\Afevis-MGS2-Bugfix-Compilation\Texture Fixes\ps2 textures\OPAQUE\same sha1\w12a_fl04c.bmp.png
w12a_fl05.bmp,C:\Development\Git\Afevis-MGS2-Bugfix-Compilation\Texture Fixes\ps2 textures\OPAQUE\bp_remade\w12a_fl05.bmp.png
w12a_fl05a.bmp,C:\Development\Git\Afevis-MGS2-Bugfix-Compilation\Texture Fixes\ps2 textures\OPAQUE\bp_remade\w12a_fl05a.bmp.png
w12a_fl05b.bmp,C:\Development\Git\Afevis-MGS2-Bugfix-Compilation\Texture Fixes\ps2 textures\OPAQUE\bp_remade\w12a_fl05b.bmp.png
w12a_fl05c.bmp,C:\Development\Git\Afevis-MGS2-Bugfix-Compilation\Texture Fixes\ps2 textures\OPAQUE\bp_remade\w12a_fl05c.bmp.png
w12a_fl05d.bmp,C:\Development\Git\Afevis-MGS2-Bugfix-Compilation\Texture Fixes\ps2 textures\OPAQUE\bp_remade\w12a_fl05d.bmp.png
w12a_fl05e.bmp,C:\Development\Git\Afevis-MGS2-Bugfix-Compilation\Texture Fixes\ps2 textures\OPAQUE\bp_remade\w12a_fl05e.bmp.png
w12a_flout00.bmp,C:\Development\Git\Afevis-MGS2-Bugfix-Compilation\Texture Fixes\ps2 textures\OPAQUE\same sha1\w12a_flout00.bmp.png
w12a_ironbox_sf.bmp,C:\Development\Git\Afevis-MGS2-Bugfix-Compilation\Texture Fixes\ps2 textures\OPAQUE\bp_remade\w12a_ironbox_sf.bmp.png
w12a_ironbox_sf.bmp_debb664cc3a392cbbde1f52d4bb316ed,C:\Development\Git\Afevis-MGS2-Bugfix-Compilation\Texture Fixes\ps2 textures\OPAQUE\same sha1\w12a_ironbox_sf.bmp_debb664cc3a392cbbde1f52d4bb316ed.png
w12a_ironbox_t.bmp,C:\Development\Git\Afevis-MGS2-Bugfix-Compilation\Texture Fixes\ps2 textures\OPAQUE\same sha1\w12a_ironbox_t.bmp.png
w12a_ironbox_t.bmp_baf38295f7ed64f4c915f5892b2e4f20,C:\Development\Git\Afevis-MGS2-Bugfix-Compilation\Texture Fixes\ps2 textures\OPAQUE\same sha1\w12a_ironbox_t.bmp_baf38295f7ed64f4c915f5892b2e4f20.png
w12a_pp02a.bmp,C:\Development\Git\Afevis-MGS2-Bugfix-Compilation\Texture Fixes\ps2 textures\OPAQUE\same sha1\w12a_pp02a.bmp.png
w12a_pp02a1.bmp,C:\Development\Git\Afevis-MGS2-Bugfix-Compilation\Texture Fixes\ps2 textures\OPAQUE\same sha1\w12a_pp02a1.bmp.png
w12a_pp02a2.bmp,C:\Development\Git\Afevis-MGS2-Bugfix-Compilation\Texture Fixes\ps2 textures\OPAQUE\same sha1\w12a_pp02a2.bmp.png
w12a_pp02a3.bmp,C:\Development\Git\Afevis-MGS2-Bugfix-Compilation\Texture Fixes\ps2 textures\OPAQUE\same sha1\w12a_pp02a3.bmp.png
w12a_pp02b.bmp,C:\Development\Git\Afevis-MGS2-Bugfix-Compilation\Texture Fixes\ps2 textures\OPAQUE\same sha1\w12a_pp02b.bmp.png
w12a_pp02b1.bmp,C:\Development\Git\Afevis-MGS2-Bugfix-Compilation\Texture Fixes\ps2 textures\OPAQUE\same sha1\w12a_pp02b1.bmp.png
w12a_pp02b2.bmp,C:\Development\Git\Afevis-MGS2-Bugfix-Compilation\Texture Fixes\ps2 textures\OPAQUE\same sha1\w12a_pp02b2.bmp.png
w12a_pp02b3.bmp,C:\Development\Git\Afevis-MGS2-Bugfix-Compilation\Texture Fixes\ps2 textures\OPAQUE\same sha1\w12a_pp02b3.bmp.png
w12a_rf00a.bmp,C:\Development\Git\Afevis-MGS2-Bugfix-Compilation\Texture Fixes\ps2 textures\OPAQUE\bp_remade\w12a_rf00a.bmp.png
w12a_sdw05_alp_ovl.bmp,C:\Development\Git\Afevis-MGS2-Bugfix-Compilation\Texture Fixes\ps2 textures\HAS ALPHA\same sha1\w12a_sdw05_alp_ovl.bmp.png
w12a_sdw05a_alp_ovl.bmp,C:\Development\Git\Afevis-MGS2-Bugfix-Compilation\Texture Fixes\ps2 textures\HAS ALPHA\same sha1\w12a_sdw05a_alp_ovl.bmp.png
w12a_sdwbox00_alp_ovl.bmp,C:\Development\Git\Afevis-MGS2-Bugfix-Compilation\Texture Fixes\ps2 textures\HAS ALPHA\same sha1\w12a_sdwbox00_alp_ovl.bmp.png
w12a_sdwbox00a_alp_ovl.bmp,C:\Development\Git\Afevis-MGS2-Bugfix-Compilation\Texture Fixes\ps2 textures\HAS ALPHA\same sha1\w12a_sdwbox00a_alp_ovl.bmp.png
w12a_sdwbox00b_alp_ovl.bmp,C:\Development\Git\Afevis-MGS2-Bugfix-Compilation\Texture Fixes\ps2 textures\HAS ALPHA\same sha1\w12a_sdwbox00b_alp_ovl.bmp.png
w12a_ste_wall2.bmp_7cdc755ca4902e424ba648159c2411f7,C:\Development\Git\Afevis-MGS2-Bugfix-Compilation\Texture Fixes\ps2 textures\OPAQUE\same sha1\w12a_ste_wall2.bmp_7cdc755ca4902e424ba648159c2411f7.png
w12a_t_hako_d.bmp,C:\Development\Git\Afevis-MGS2-Bugfix-Compilation\Texture Fixes\ps2 textures\OPAQUE\bp_remade\w12a_t_hako_d.bmp.png
w12a_tnk00a.bmp,C:\Development\Git\Afevis-MGS2-Bugfix-Compilation\Texture Fixes\ps2 textures\OPAQUE\same sha1\w12a_tnk00a.bmp.png
w12a_tnk00b.bmp,C:\Development\Git\Afevis-MGS2-Bugfix-Compilation\Texture Fixes\ps2 textures\OPAQUE\same sha1\w12a_tnk00b.bmp.png
w12a_tnk00b.bmp_74d58b570a387cac30d4dc8fb6a16cfb,C:\Development\Git\Afevis-MGS2-Bugfix-Compilation\Texture Fixes\ps2 textures\OPAQUE\same sha1\w12a_tnk00b.bmp_74d58b570a387cac30d4dc8fb6a16cfb.png
w12a_tnk00b1.bmp_c8b6e908bbc454f97a643bc8b8fbe728,C:\Development\Git\Afevis-MGS2-Bugfix-Compilation\Texture Fixes\ps2 textures\OPAQUE\same sha1\w12a_tnk00b1.bmp_c8b6e908bbc454f97a643bc8b8fbe728.png
w12a_tnk00b2.bmp,C:\Development\Git\Afevis-MGS2-Bugfix-Compilation\Texture Fixes\ps2 textures\OPAQUE\same sha1\w12a_tnk00b2.bmp.png
w12a_tnk00b3.bmp,C:\Development\Git\Afevis-MGS2-Bugfix-Compilation\Texture Fixes\ps2 textures\OPAQUE\same sha1\w12a_tnk00b3.bmp.png
w12a_tnk00c1.bmp,C:\Development\Git\Afevis-MGS2-Bugfix-Compilation\Texture Fixes\ps2 textures\OPAQUE\same sha1\w12a_tnk00c1.bmp.png
w12a_tnk00c2.bmp,C:\Development\Git\Afevis-MGS2-Bugfix-Compilation\Texture Fixes\ps2 textures\OPAQUE\same sha1\w12a_tnk00c2.bmp.png
w12a_tnk00c3.bmp,C:\Development\Git\Afevis-MGS2-Bugfix-Compilation\Texture Fixes\ps2 textures\OPAQUE\same sha1\w12a_tnk00c3.bmp.png
w12a_w00a.bmp,C:\Development\Git\Afevis-MGS2-Bugfix-Compilation\Texture Fixes\ps2 textures\OPAQUE\bp_remade\w12a_w00a.bmp.png
w12a_w00b.bmp,C:\Development\Git\Afevis-MGS2-Bugfix-Compilation\Texture Fixes\ps2 textures\OPAQUE\bp_remade\w12a_w00b.bmp.png
w12a_w01a.bmp,C:\Development\Git\Afevis-MGS2-Bugfix-Compilation\Texture Fixes\ps2 textures\OPAQUE\bp_remade\w12a_w01a.bmp.png
w12a_w01a1.bmp,C:\Development\Git\Afevis-MGS2-Bugfix-Compilation\Texture Fixes\ps2 textures\OPAQUE\same sha1\w12a_w01a1.bmp.png
w12a_w01a2.bmp,C:\Development\Git\Afevis-MGS2-Bugfix-Compilation\Texture Fixes\ps2 textures\OPAQUE\same sha1\w12a_w01a2.bmp.png
w12a_w01a3.bmp,C:\Development\Git\Afevis-MGS2-Bugfix-Compilation\Texture Fixes\ps2 textures\OPAQUE\same sha1\w12a_w01a3.bmp.png
w12a_w01a4.bmp,C:\Development\Git\Afevis-MGS2-Bugfix-Compilation\Texture Fixes\ps2 textures\OPAQUE\same sha1\w12a_w01a4.bmp.png
w12a_w01a4.bmp_a6382b66dc1a0cb0c307c5f7a46b7682,C:\Development\Git\Afevis-MGS2-Bugfix-Compilation\Texture Fixes\ps2 textures\OPAQUE\same sha1\w12a_w01a4.bmp_a6382b66dc1a0cb0c307c5f7a46b7682.png
w12a_w01e.bmp,C:\Development\Git\Afevis-MGS2-Bugfix-Compilation\Texture Fixes\ps2 textures\OPAQUE\bp_remade\w12a_w01e.bmp.png
w12a_w03.bmp_661e3b0b04936b908f29261f775d72d9,C:\Development\Git\Afevis-MGS2-Bugfix-Compilation\Texture Fixes\ps2 textures\OPAQUE\bp_remade\w12a_w03.bmp_661e3b0b04936b908f29261f775d72d9.png
w12a_w04b.bmp,C:\Development\Git\Afevis-MGS2-Bugfix-Compilation\Texture Fixes\ps2 textures\OPAQUE\same sha1\w12a_w04b.bmp.png
w12b0_enta03.bmp,C:\Development\Git\Afevis-MGS2-Bugfix-Compilation\Texture Fixes\ps2 textures\OPAQUE\bp_remade\w12b0_enta03.bmp.png
w12b0_kage_19_ovl_alp.bmp,C:\Development\Git\Afevis-MGS2-Bugfix-Compilation\Texture Fixes\ps2 textures\HAS ALPHA\same sha1\w12b0_kage_19_ovl_alp.bmp.png
w12b0_light_001.bmp,C:\Development\Git\Afevis-MGS2-Bugfix-Compilation\Texture Fixes\ps2 textures\OPAQUE\same sha1\w12b0_light_001.bmp.png
w12b0_partition_hukku_alp_ovl.bmp,C:\Development\Git\Afevis-MGS2-Bugfix-Compilation\Texture Fixes\ps2 textures\HAS ALPHA\same sha1\w12b0_partition_hukku_alp_ovl.bmp.png
w12b0_pipe_dark_brown.bmp,C:\Development\Git\Afevis-MGS2-Bugfix-Compilation\Texture Fixes\ps2 textures\OPAQUE\same sha1\w12b0_pipe_dark_brown.bmp.png
w12b0_wall_11.bmp,C:\Development\Git\Afevis-MGS2-Bugfix-Compilation\Texture Fixes\ps2 textures\OPAQUE\bp_remade\w12b0_wall_11.bmp.png
w12b0_wall_14.bmp,C:\Development\Git\Afevis-MGS2-Bugfix-Compilation\Texture Fixes\ps2 textures\OPAQUE\bp_remade\w12b0_wall_14.bmp.png
w12b0_wall_16.bmp,C:\Development\Git\Afevis-MGS2-Bugfix-Compilation\Texture Fixes\ps2 textures\OPAQUE\bp_remade\w12b0_wall_16.bmp.png
w12b0_wire.bmp,C:\Development\Git\Afevis-MGS2-Bugfix-Compilation\Texture Fixes\ps2 textures\OPAQUE\same sha1\w12b0_wire.bmp.png
w12b1_ceillit1_mk_alp_ovl.bmp,C:\Development\Git\Afevis-MGS2-Bugfix-Compilation\Texture Fixes\ps2 textures\HAS ALPHA\same sha1\w12b1_ceillit1_mk_alp_ovl.bmp.png
w12b1_floor1_mk.bmp,C:\Development\Git\Afevis-MGS2-Bugfix-Compilation\Texture Fixes\ps2 textures\OPAQUE\bp_remade\w12b1_floor1_mk.bmp.png
w12b1_floor_01.bmp,C:\Development\Git\Afevis-MGS2-Bugfix-Compilation\Texture Fixes\ps2 textures\OPAQUE\bp_remade\w12b1_floor_01.bmp.png
w12b1_floor_02mk.bmp,C:\Development\Git\Afevis-MGS2-Bugfix-Compilation\Texture Fixes\ps2 textures\OPAQUE\bp_remade\w12b1_floor_02mk.bmp.png
w12b1_floor_03mk.bmp,C:\Development\Git\Afevis-MGS2-Bugfix-Compilation\Texture Fixes\ps2 textures\OPAQUE\bp_remade\w12b1_floor_03mk.bmp.png
w12b1_floor_04mk.bmp,C:\Development\Git\Afevis-MGS2-Bugfix-Compilation\Texture Fixes\ps2 textures\OPAQUE\bp_remade\w12b1_floor_04mk.bmp.png
w12b1_floor_06.bmp,C:\Development\Git\Afevis-MGS2-Bugfix-Compilation\Texture Fixes\ps2 textures\OPAQUE\bp_remade\w12b1_floor_06.bmp.png
w12b1_light_01_ns_mk.bmp,C:\Development\Git\Afevis-MGS2-Bugfix-Compilation\Texture Fixes\ps2 textures\OPAQUE\same sha1\w12b1_light_01_ns_mk.bmp.png
w12b1_panel_03.bmp,C:\Development\Git\Afevis-MGS2-Bugfix-Compilation\Texture Fixes\ps2 textures\OPAQUE\bp_remade\w12b1_panel_03.bmp.png
w12b1_panel_04.bmp,C:\Development\Git\Afevis-MGS2-Bugfix-Compilation\Texture Fixes\ps2 textures\OPAQUE\bp_remade\w12b1_panel_04.bmp.png
w12b1_panel_20.bmp,C:\Development\Git\Afevis-MGS2-Bugfix-Compilation\Texture Fixes\ps2 textures\OPAQUE\bp_remade\w12b1_panel_20.bmp.png
w12b1_panel_23.bmp,C:\Development\Git\Afevis-MGS2-Bugfix-Compilation\Texture Fixes\ps2 textures\OPAQUE\bp_remade\w12b1_panel_23.bmp.png
w12b1_pipe__kanagu_06mk_s.bmp,C:\Development\Git\Afevis-MGS2-Bugfix-Compilation\Texture Fixes\ps2 textures\OPAQUE\same sha1\w12b1_pipe__kanagu_06mk_s.bmp.png
w12b1_pipe__kanagu_10.bmp,C:\Development\Git\Afevis-MGS2-Bugfix-Compilation\Texture Fixes\ps2 textures\OPAQUE\same sha1\w12b1_pipe__kanagu_10.bmp.png
w12b1_pipe__kanagu_11.bmp,C:\Development\Git\Afevis-MGS2-Bugfix-Compilation\Texture Fixes\ps2 textures\OPAQUE\same sha1\w12b1_pipe__kanagu_11.bmp.png
w12b1_pipe_shad1_mk_alp_ovl.bmp,C:\Development\Git\Afevis-MGS2-Bugfix-Compilation\Texture Fixes\ps2 textures\HAS ALPHA\same sha1\w12b1_pipe_shad1_mk_alp_ovl.bmp.png
w12b1_rail_01.bmp,C:\Development\Git\Afevis-MGS2-Bugfix-Compilation\Texture Fixes\ps2 textures\OPAQUE\same sha1\w12b1_rail_01.bmp.png
w12b1_step2.bmp,C:\Development\Git\Afevis-MGS2-Bugfix-Compilation\Texture Fixes\ps2 textures\OPAQUE\bp_remade\w12b1_step2.bmp.png
w12b1_step_mk.bmp,C:\Development\Git\Afevis-MGS2-Bugfix-Compilation\Texture Fixes\ps2 textures\OPAQUE\bp_remade\w12b1_step_mk.bmp.png
w12b1_tank_05.bmp,C:\Development\Git\Afevis-MGS2-Bugfix-Compilation\Texture Fixes\ps2 textures\OPAQUE\same sha1\w12b1_tank_05.bmp.png
w12b1_tank_07.bmp,C:\Development\Git\Afevis-MGS2-Bugfix-Compilation\Texture Fixes\ps2 textures\OPAQUE\same sha1\w12b1_tank_07.bmp.png
w12b1_tank_08mk.bmp,C:\Development\Git\Afevis-MGS2-Bugfix-Compilation\Texture Fixes\ps2 textures\OPAQUE\bp_remade\w12b1_tank_08mk.bmp.png
w12b1_vlm_mk_add_alp_ovl.bmp,C:\Development\Git\Afevis-MGS2-Bugfix-Compilation\Texture Fixes\ps2 textures\HAS ALPHA\same sha1\w12b1_vlm_mk_add_alp_ovl.bmp.png
w12b_blue.bmp,C:\Development\Git\Afevis-MGS2-Bugfix-Compilation\Texture Fixes\ps2 textures\OPAQUE\same sha1\w12b_blue.bmp.png
w12b_blue_01.bmp,C:\Development\Git\Afevis-MGS2-Bugfix-Compilation\Texture Fixes\ps2 textures\OPAQUE\same sha1\w12b_blue_01.bmp.png
w12b_blue_fade_alp_add_ovl.bmp,C:\Development\Git\Afevis-MGS2-Bugfix-Compilation\Texture Fixes\ps2 textures\HAS ALPHA\same sha1\w12b_blue_fade_alp_add_ovl.bmp.png
w12b_box02.bmp,C:\Development\Git\Afevis-MGS2-Bugfix-Compilation\Texture Fixes\ps2 textures\OPAQUE\bp_remade\w12b_box02.bmp.png
w12b_contorol_box_01.bmp,C:\Development\Git\Afevis-MGS2-Bugfix-Compilation\Texture Fixes\ps2 textures\OPAQUE\bp_remade\w12b_contorol_box_01.bmp.png
w12b_contorol_box_03.bmp,C:\Development\Git\Afevis-MGS2-Bugfix-Compilation\Texture Fixes\ps2 textures\OPAQUE\bp_remade\w12b_contorol_box_03.bmp.png
w12b_drum.bmp,C:\Development\Git\Afevis-MGS2-Bugfix-Compilation\Texture Fixes\ps2 textures\OPAQUE\same sha1\w12b_drum.bmp.png
w12b_drum_top.bmp,C:\Development\Git\Afevis-MGS2-Bugfix-Compilation\Texture Fixes\ps2 textures\OPAQUE\same sha1\w12b_drum_top.bmp.png
w12b_kurayami_alp.bmp,C:\Development\Git\Afevis-MGS2-Bugfix-Compilation\Texture Fixes\ps2 textures\HAS ALPHA\same sha1\w12b_kurayami_alp.bmp.png
w12b_line_alp_add_ovl.bmp,C:\Development\Git\Afevis-MGS2-Bugfix-Compilation\Texture Fixes\ps2 textures\HAS ALPHA\same sha1\w12b_line_alp_add_ovl.bmp.png
w12b_node_areaname_alp_ovl.bmp,C:\Development\Git\Afevis-MGS2-Bugfix-Compilation\Texture Fixes\ps2 textures\HAS ALPHA\same sha1\w12b_node_areaname_alp_ovl.bmp.png
w12b_partition.bmp,C:\Development\Git\Afevis-MGS2-Bugfix-Compilation\Texture Fixes\ps2 textures\OPAQUE\bp_remade\w12b_partition.bmp.png
w12b_scable1_mk.bmp,C:\Development\Git\Afevis-MGS2-Bugfix-Compilation\Texture Fixes\ps2 textures\OPAQUE\same sha1\w12b_scable1_mk.bmp.png
w12b_step.bmp,C:\Development\Git\Afevis-MGS2-Bugfix-Compilation\Texture Fixes\ps2 textures\OPAQUE\bp_remade\w12b_step.bmp.png
w12b_tana_kage_ovl_alp.bmp,C:\Development\Git\Afevis-MGS2-Bugfix-Compilation\Texture Fixes\ps2 textures\HAS ALPHA\same sha1\w12b_tana_kage_ovl_alp.bmp.png
w12c_boxsdw01a.bmp,C:\Development\Git\Afevis-MGS2-Bugfix-Compilation\Texture Fixes\ps2 textures\OPAQUE\same sha1\w12c_boxsdw01a.bmp.png
w12c_boxsdw01b.bmp,C:\Development\Git\Afevis-MGS2-Bugfix-Compilation\Texture Fixes\ps2 textures\OPAQUE\same sha1\w12c_boxsdw01b.bmp.png
w12c_boxsdw01c.bmp,C:\Development\Git\Afevis-MGS2-Bugfix-Compilation\Texture Fixes\ps2 textures\OPAQUE\same sha1\w12c_boxsdw01c.bmp.png
w12c_boxsdw01c2.bmp,C:\Development\Git\Afevis-MGS2-Bugfix-Compilation\Texture Fixes\ps2 textures\OPAQUE\same sha1\w12c_boxsdw01c2.bmp.png
w12c_drsdw00_alp_ovl.bmp,C:\Development\Git\Afevis-MGS2-Bugfix-Compilation\Texture Fixes\ps2 textures\HAS ALPHA\same sha1\w12c_drsdw00_alp_ovl.bmp.png
w12c_ironbox_t2.bmp,C:\Development\Git\Afevis-MGS2-Bugfix-Compilation\Texture Fixes\ps2 textures\OPAQUE\same sha1\w12c_ironbox_t2.bmp.png
w12c_pp00.bmp,C:\Development\Git\Afevis-MGS2-Bugfix-Compilation\Texture Fixes\ps2 textures\OPAQUE\same sha1\w12c_pp00.bmp.png
w12c_sdw00d_alp_ovl.bmp,C:\Development\Git\Afevis-MGS2-Bugfix-Compilation\Texture Fixes\ps2 textures\HAS ALPHA\same sha1\w12c_sdw00d_alp_ovl.bmp.png
w12c_sdw01a_alp_ovl.bmp,C:\Development\Git\Afevis-MGS2-Bugfix-Compilation\Texture Fixes\ps2 textures\HAS ALPHA\same sha1\w12c_sdw01a_alp_ovl.bmp.png
w12c_sdw02a_alp_ovl.bmp,C:\Development\Git\Afevis-MGS2-Bugfix-Compilation\Texture Fixes\ps2 textures\HAS ALPHA\same sha1\w12c_sdw02a_alp_ovl.bmp.png
w12c_sdw02b_alp_ovl.bmp,C:\Development\Git\Afevis-MGS2-Bugfix-Compilation\Texture Fixes\ps2 textures\HAS ALPHA\same sha1\w12c_sdw02b_alp_ovl.bmp.png
w12c_sdw02c_alp_ovl.bmp,C:\Development\Git\Afevis-MGS2-Bugfix-Compilation\Texture Fixes\ps2 textures\HAS ALPHA\same sha1\w12c_sdw02c_alp_ovl.bmp.png
w12c_sdw03_alp_ovl.bmp,C:\Development\Git\Afevis-MGS2-Bugfix-Compilation\Texture Fixes\ps2 textures\HAS ALPHA\same sha1\w12c_sdw03_alp_ovl.bmp.png
w12c_sdw03a_alp_ovl.bmp,C:\Development\Git\Afevis-MGS2-Bugfix-Compilation\Texture Fixes\ps2 textures\HAS ALPHA\same sha1\w12c_sdw03a_alp_ovl.bmp.png
w12c_sdw04_alp_ovl.bmp,C:\Development\Git\Afevis-MGS2-Bugfix-Compilation\Texture Fixes\ps2 textures\HAS ALPHA\same sha1\w12c_sdw04_alp_ovl.bmp.png
w12c_sdw04a_alp_ovl.bmp,C:\Development\Git\Afevis-MGS2-Bugfix-Compilation\Texture Fixes\ps2 textures\HAS ALPHA\same sha1\w12c_sdw04a_alp_ovl.bmp.png
w12c_sdw04d_alp_ovl.bmp,C:\Development\Git\Afevis-MGS2-Bugfix-Compilation\Texture Fixes\ps2 textures\HAS ALPHA\same sha1\w12c_sdw04d_alp_ovl.bmp.png
w12c_sdw05f2_alp_ovl.bmp,C:\Development\Git\Afevis-MGS2-Bugfix-Compilation\Texture Fixes\ps2 textures\HAS ALPHA\same sha1\w12c_sdw05f2_alp_ovl.bmp.png
w12c_sdw05f_alp.bmp,C:\Development\Git\Afevis-MGS2-Bugfix-Compilation\Texture Fixes\ps2 textures\HAS ALPHA\same sha1\w12c_sdw05f_alp.bmp.png
w12c_sdw06_alp_ovl.bmp,C:\Development\Git\Afevis-MGS2-Bugfix-Compilation\Texture Fixes\ps2 textures\HAS ALPHA\same sha1\w12c_sdw06_alp_ovl.bmp.png
w12c_sdw06a_alp_ovl.bmp,C:\Development\Git\Afevis-MGS2-Bugfix-Compilation\Texture Fixes\ps2 textures\HAS ALPHA\same sha1\w12c_sdw06a_alp_ovl.bmp.png
w12c_sdw06b_alp_ovl.bmp,C:\Development\Git\Afevis-MGS2-Bugfix-Compilation\Texture Fixes\ps2 textures\HAS ALPHA\same sha1\w12c_sdw06b_alp_ovl.bmp.png
w12c_sdw06c_alp_ovl.bmp,C:\Development\Git\Afevis-MGS2-Bugfix-Compilation\Texture Fixes\ps2 textures\HAS ALPHA\same sha1\w12c_sdw06c_alp_ovl.bmp.png
w12c_sdw07a_alp_ovl.bmp,C:\Development\Git\Afevis-MGS2-Bugfix-Compilation\Texture Fixes\ps2 textures\HAS ALPHA\same sha1\w12c_sdw07a_alp_ovl.bmp.png
w12c_sdw07d_alp_ovl.bmp,C:\Development\Git\Afevis-MGS2-Bugfix-Compilation\Texture Fixes\ps2 textures\HAS ALPHA\same sha1\w12c_sdw07d_alp_ovl.bmp.png
w12c_sdwbox00a_alp_ovl.bmp,C:\Development\Git\Afevis-MGS2-Bugfix-Compilation\Texture Fixes\ps2 textures\HAS ALPHA\same sha1\w12c_sdwbox00a_alp_ovl.bmp.png
w12c_sdwbox00b_alp_ovl.bmp,C:\Development\Git\Afevis-MGS2-Bugfix-Compilation\Texture Fixes\ps2 textures\HAS ALPHA\same sha1\w12c_sdwbox00b_alp_ovl.bmp.png
w12c_sdwpp00_alp_ovl.bmp,C:\Development\Git\Afevis-MGS2-Bugfix-Compilation\Texture Fixes\ps2 textures\HAS ALPHA\same sha1\w12c_sdwpp00_alp_ovl.bmp.png
w12c_ws01a.bmp,C:\Development\Git\Afevis-MGS2-Bugfix-Compilation\Texture Fixes\ps2 textures\OPAQUE\same sha1\w12c_ws01a.bmp.png
w12c_ws01a1.bmp,C:\Development\Git\Afevis-MGS2-Bugfix-Compilation\Texture Fixes\ps2 textures\OPAQUE\same sha1\w12c_ws01a1.bmp.png
w12c_ws01a3.bmp,C:\Development\Git\Afevis-MGS2-Bugfix-Compilation\Texture Fixes\ps2 textures\OPAQUE\same sha1\w12c_ws01a3.bmp.png
w12c_ws01a4.bmp,C:\Development\Git\Afevis-MGS2-Bugfix-Compilation\Texture Fixes\ps2 textures\OPAQUE\same sha1\w12c_ws01a4.bmp.png
w13a_fl00.bmp_8bb405078f955b69a05bdc9570cbde30,C:\Development\Git\Afevis-MGS2-Bugfix-Compilation\Texture Fixes\ps2 textures\OPAQUE\bp_remade\w13a_fl00.bmp_8bb405078f955b69a05bdc9570cbde30.png
w13a_fl01b.bmp,C:\Development\Git\Afevis-MGS2-Bugfix-Compilation\Texture Fixes\ps2 textures\OPAQUE\bp_remade\w13a_fl01b.bmp.png
w13a_fl04a.bmp_a813b6399aa0462f40543da64fc74c3e,C:\Development\Git\Afevis-MGS2-Bugfix-Compilation\Texture Fixes\ps2 textures\OPAQUE\bp_remade\w13a_fl04a.bmp_a813b6399aa0462f40543da64fc74c3e.png
w13a_fl05.bmp,C:\Development\Git\Afevis-MGS2-Bugfix-Compilation\Texture Fixes\ps2 textures\OPAQUE\bp_remade\w13a_fl05.bmp.png
w13a_h00.bmp,C:\Development\Git\Afevis-MGS2-Bugfix-Compilation\Texture Fixes\ps2 textures\OPAQUE\same sha1\w13a_h00.bmp.png
w13a_h00a.bmp,C:\Development\Git\Afevis-MGS2-Bugfix-Compilation\Texture Fixes\ps2 textures\OPAQUE\same sha1\w13a_h00a.bmp.png
w13a_h00b.bmp,C:\Development\Git\Afevis-MGS2-Bugfix-Compilation\Texture Fixes\ps2 textures\OPAQUE\same sha1\w13a_h00b.bmp.png
w13a_h00c.bmp,C:\Development\Git\Afevis-MGS2-Bugfix-Compilation\Texture Fixes\ps2 textures\OPAQUE\same sha1\w13a_h00c.bmp.png
w13a_h00c.bmp_1df3fec240b53d51cd5ac5b26650b90f,C:\Development\Git\Afevis-MGS2-Bugfix-Compilation\Texture Fixes\ps2 textures\OPAQUE\same sha1\w13a_h00c.bmp_1df3fec240b53d51cd5ac5b26650b90f.png
w13a_pp01b.bmp,C:\Development\Git\Afevis-MGS2-Bugfix-Compilation\Texture Fixes\ps2 textures\OPAQUE\bp_remade\w13a_pp01b.bmp.png
w13a_pp04b.bmp,C:\Development\Git\Afevis-MGS2-Bugfix-Compilation\Texture Fixes\ps2 textures\OPAQUE\bp_remade\w13a_pp04b.bmp.png
w13a_pp04d.bmp,C:\Development\Git\Afevis-MGS2-Bugfix-Compilation\Texture Fixes\ps2 textures\OPAQUE\bp_remade\w13a_pp04d.bmp.png
w13a_ppobj00.bmp,C:\Development\Git\Afevis-MGS2-Bugfix-Compilation\Texture Fixes\ps2 textures\OPAQUE\same sha1\w13a_ppobj00.bmp.png
w13a_sdw01e_alp_ovl.bmp,C:\Development\Git\Afevis-MGS2-Bugfix-Compilation\Texture Fixes\ps2 textures\HAS ALPHA\same sha1\w13a_sdw01e_alp_ovl.bmp.png
w13a_sdw04_alp_ovl.bmp,C:\Development\Git\Afevis-MGS2-Bugfix-Compilation\Texture Fixes\ps2 textures\HAS ALPHA\same sha1\w13a_sdw04_alp_ovl.bmp.png
w13a_sdw04a_alp_ovl.bmp,C:\Development\Git\Afevis-MGS2-Bugfix-Compilation\Texture Fixes\ps2 textures\HAS ALPHA\same sha1\w13a_sdw04a_alp_ovl.bmp.png
w13a_sdwpp00a_alp_ovl.bmp,C:\Development\Git\Afevis-MGS2-Bugfix-Compilation\Texture Fixes\ps2 textures\HAS ALPHA\same sha1\w13a_sdwpp00a_alp_ovl.bmp.png
w13a_sdwpp00b_alp_ovl.bmp,C:\Development\Git\Afevis-MGS2-Bugfix-Compilation\Texture Fixes\ps2 textures\HAS ALPHA\same sha1\w13a_sdwpp00b_alp_ovl.bmp.png
w13a_sdwpp00c_alp_ovl.bmp,C:\Development\Git\Afevis-MGS2-Bugfix-Compilation\Texture Fixes\ps2 textures\HAS ALPHA\same sha1\w13a_sdwpp00c_alp_ovl.bmp.png
w13a_sdwtagl_alp_ovl.bmp,C:\Development\Git\Afevis-MGS2-Bugfix-Compilation\Texture Fixes\ps2 textures\HAS ALPHA\same sha1\w13a_sdwtagl_alp_ovl.bmp.png
w13a_sk00a.bmp,C:\Development\Git\Afevis-MGS2-Bugfix-Compilation\Texture Fixes\ps2 textures\OPAQUE\bp_remade\w13a_sk00a.bmp.png
w13a_sk02b.bmp,C:\Development\Git\Afevis-MGS2-Bugfix-Compilation\Texture Fixes\ps2 textures\OPAQUE\same sha1\w13a_sk02b.bmp.png
w13a_sk02c.bmp,C:\Development\Git\Afevis-MGS2-Bugfix-Compilation\Texture Fixes\ps2 textures\OPAQUE\same sha1\w13a_sk02c.bmp.png
w13a_sk02c2.bmp,C:\Development\Git\Afevis-MGS2-Bugfix-Compilation\Texture Fixes\ps2 textures\OPAQUE\same sha1\w13a_sk02c2.bmp.png
w13a_w01b.bmp,C:\Development\Git\Afevis-MGS2-Bugfix-Compilation\Texture Fixes\ps2 textures\OPAQUE\bp_remade\w13a_w01b.bmp.png
w13a_w01j.bmp,C:\Development\Git\Afevis-MGS2-Bugfix-Compilation\Texture Fixes\ps2 textures\OPAQUE\bp_remade\w13a_w01j.bmp.png
w13b_dr00b.bmp,C:\Development\Git\Afevis-MGS2-Bugfix-Compilation\Texture Fixes\ps2 textures\OPAQUE\same sha1\w13b_dr00b.bmp.png
w13b_dr00c.bmp,C:\Development\Git\Afevis-MGS2-Bugfix-Compilation\Texture Fixes\ps2 textures\OPAQUE\same sha1\w13b_dr00c.bmp.png
w13b_dr00d.bmp,C:\Development\Git\Afevis-MGS2-Bugfix-Compilation\Texture Fixes\ps2 textures\OPAQUE\same sha1\w13b_dr00d.bmp.png
w13b_h00.bmp,C:\Development\Git\Afevis-MGS2-Bugfix-Compilation\Texture Fixes\ps2 textures\OPAQUE\same sha1\w13b_h00.bmp.png
w13b_h00a1.bmp,C:\Development\Git\Afevis-MGS2-Bugfix-Compilation\Texture Fixes\ps2 textures\OPAQUE\same sha1\w13b_h00a1.bmp.png
w13b_h00c.bmp,C:\Development\Git\Afevis-MGS2-Bugfix-Compilation\Texture Fixes\ps2 textures\OPAQUE\same sha1\w13b_h00c.bmp.png
w13b_h00c2.bmp,C:\Development\Git\Afevis-MGS2-Bugfix-Compilation\Texture Fixes\ps2 textures\OPAQUE\same sha1\w13b_h00c2.bmp.png
w13b_h01.bmp,C:\Development\Git\Afevis-MGS2-Bugfix-Compilation\Texture Fixes\ps2 textures\OPAQUE\same sha1\w13b_h01.bmp.png
w13b_h01a.bmp,C:\Development\Git\Afevis-MGS2-Bugfix-Compilation\Texture Fixes\ps2 textures\OPAQUE\same sha1\w13b_h01a.bmp.png
w13b_ppobj00.bmp,C:\Development\Git\Afevis-MGS2-Bugfix-Compilation\Texture Fixes\ps2 textures\OPAQUE\same sha1\w13b_ppobj00.bmp.png
w13b_ppobj01.bmp,C:\Development\Git\Afevis-MGS2-Bugfix-Compilation\Texture Fixes\ps2 textures\OPAQUE\same sha1\w13b_ppobj01.bmp.png
w13b_ppobj02.bmp,C:\Development\Git\Afevis-MGS2-Bugfix-Compilation\Texture Fixes\ps2 textures\OPAQUE\same sha1\w13b_ppobj02.bmp.png
w13b_ppobj03.bmp,C:\Development\Git\Afevis-MGS2-Bugfix-Compilation\Texture Fixes\ps2 textures\OPAQUE\same sha1\w13b_ppobj03.bmp.png
w13b_sdw00j_alp_ovl.bmp,C:\Development\Git\Afevis-MGS2-Bugfix-Compilation\Texture Fixes\ps2 textures\HAS ALPHA\same sha1\w13b_sdw00j_alp_ovl.bmp.png
w13b_sdw02d_alp_ovl.bmp,C:\Development\Git\Afevis-MGS2-Bugfix-Compilation\Texture Fixes\ps2 textures\HAS ALPHA\same sha1\w13b_sdw02d_alp_ovl.bmp.png
w13b_sdwpp00a_alp_ovl.bmp,C:\Development\Git\Afevis-MGS2-Bugfix-Compilation\Texture Fixes\ps2 textures\HAS ALPHA\same sha1\w13b_sdwpp00a_alp_ovl.bmp.png
w14a0_fl_a01.bmp,C:\Development\Git\Afevis-MGS2-Bugfix-Compilation\Texture Fixes\ps2 textures\OPAQUE\same sha1\w14a0_fl_a01.bmp.png
w14a0_floor_line_01_alp_ovl.bmp,C:\Development\Git\Afevis-MGS2-Bugfix-Compilation\Texture Fixes\ps2 textures\HAS ALPHA\same sha1\w14a0_floor_line_01_alp_ovl.bmp.png
w14a0_floor_moji_01_alp_ovl.bmp,C:\Development\Git\Afevis-MGS2-Bugfix-Compilation\Texture Fixes\ps2 textures\HAS ALPHA\same sha1\w14a0_floor_moji_01_alp_ovl.bmp.png
w14a0_gate_p01.bmp_e8d3842cc42ddc769fa3bd25c32587c0,C:\Development\Git\Afevis-MGS2-Bugfix-Compilation\Texture Fixes\ps2 textures\OPAQUE\same sha1\w14a0_gate_p01.bmp_e8d3842cc42ddc769fa3bd25c32587c0.png
w14a0_gate_p03.bmp_903ef6c6020bd7ef8667c33bbe0109e6,C:\Development\Git\Afevis-MGS2-Bugfix-Compilation\Texture Fixes\ps2 textures\OPAQUE\same sha1\w14a0_gate_p03.bmp_903ef6c6020bd7ef8667c33bbe0109e6.png
w14a0_kage_p01_alp_ovl.bmp,C:\Development\Git\Afevis-MGS2-Bugfix-Compilation\Texture Fixes\ps2 textures\HAS ALPHA\same sha1\w14a0_kage_p01_alp_ovl.bmp.png
w14a0_okuyuki_a07_alp_ovl.bmp,C:\Development\Git\Afevis-MGS2-Bugfix-Compilation\Texture Fixes\ps2 textures\HAS ALPHA\same sha1\w14a0_okuyuki_a07_alp_ovl.bmp.png
w14a0_pipeobj_02.bmp,C:\Development\Git\Afevis-MGS2-Bugfix-Compilation\Texture Fixes\ps2 textures\OPAQUE\same sha1\w14a0_pipeobj_02.bmp.png
w14a0_tinori_p02_1_alp_ovl.bmp_612d7897aaced51d96937d3a12e25e51,C:\Development\Git\Afevis-MGS2-Bugfix-Compilation\Texture Fixes\ps2 textures\HAS ALPHA\same sha1\w14a0_tinori_p02_1_alp_ovl.bmp_612d7897aaced51d96937d3a12e25e51.png
w14a0_tinori_p07_1_alp_ovl.bmp_48c9b691d85f68a386b68db491c46efb,C:\Development\Git\Afevis-MGS2-Bugfix-Compilation\Texture Fixes\ps2 textures\HAS ALPHA\same sha1\w14a0_tinori_p07_1_alp_ovl.bmp_48c9b691d85f68a386b68db491c46efb.png
w14a0_wall_a02.bmp,C:\Development\Git\Afevis-MGS2-Bugfix-Compilation\Texture Fixes\ps2 textures\OPAQUE\same sha1\w14a0_wall_a02.bmp.png
w14a0_wall_a02.bmp_008f67bac10c096740575ea8304493bf,C:\Development\Git\Afevis-MGS2-Bugfix-Compilation\Texture Fixes\ps2 textures\OPAQUE\bp_remade\w14a0_wall_a02.bmp_008f67bac10c096740575ea8304493bf.png
w14a0_wire_p01_alp_ovl.bmp,C:\Development\Git\Afevis-MGS2-Bugfix-Compilation\Texture Fixes\ps2 textures\HAS ALPHA\same sha1\w14a0_wire_p01_alp_ovl.bmp.png
w14a_blood_01_alp_ovl.bmp,C:\Development\Git\Afevis-MGS2-Bugfix-Compilation\Texture Fixes\ps2 textures\HAS ALPHA\same sha1\w14a_blood_01_alp_ovl.bmp.png
w14a_blood_02_alp_ovl.bmp,C:\Development\Git\Afevis-MGS2-Bugfix-Compilation\Texture Fixes\ps2 textures\HAS ALPHA\same sha1\w14a_blood_02_alp_ovl.bmp.png
w14a_blood_03_alp_ovl.bmp,C:\Development\Git\Afevis-MGS2-Bugfix-Compilation\Texture Fixes\ps2 textures\HAS ALPHA\same sha1\w14a_blood_03_alp_ovl.bmp.png
w14a_blood_04_alp_ovl.bmp,C:\Development\Git\Afevis-MGS2-Bugfix-Compilation\Texture Fixes\ps2 textures\HAS ALPHA\same sha1\w14a_blood_04_alp_ovl.bmp.png
w14a_blood_05_alp_ovl.bmp,C:\Development\Git\Afevis-MGS2-Bugfix-Compilation\Texture Fixes\ps2 textures\HAS ALPHA\same sha1\w14a_blood_05_alp_ovl.bmp.png
w14a_dankon3_alp_ovl.bmp,C:\Development\Git\Afevis-MGS2-Bugfix-Compilation\Texture Fixes\ps2 textures\HAS ALPHA\same sha1\w14a_dankon3_alp_ovl.bmp.png
w14a_fl_garasuhahen_alp_ovl.bmp,C:\Development\Git\Afevis-MGS2-Bugfix-Compilation\Texture Fixes\ps2 textures\HAS ALPHA\same sha1\w14a_fl_garasuhahen_alp_ovl.bmp.png
w14a_fl_line_a01_alp_ovl.bmp,C:\Development\Git\Afevis-MGS2-Bugfix-Compilation\Texture Fixes\ps2 textures\HAS ALPHA\same sha1\w14a_fl_line_a01_alp_ovl.bmp.png
w14a_fl_line_a02_alp_ovl.bmp,C:\Development\Git\Afevis-MGS2-Bugfix-Compilation\Texture Fixes\ps2 textures\HAS ALPHA\same sha1\w14a_fl_line_a02_alp_ovl.bmp.png
w14a_greenline_alp_ovl.bmp,C:\Development\Git\Afevis-MGS2-Bugfix-Compilation\Texture Fixes\ps2 textures\HAS ALPHA\same sha1\w14a_greenline_alp_ovl.bmp.png
w14a_h_dodai_a01.bmp,C:\Development\Git\Afevis-MGS2-Bugfix-Compilation\Texture Fixes\ps2 textures\OPAQUE\same sha1\w14a_h_dodai_a01.bmp.png
w14a_h_dodai_a02.bmp,C:\Development\Git\Afevis-MGS2-Bugfix-Compilation\Texture Fixes\ps2 textures\OPAQUE\same sha1\w14a_h_dodai_a02.bmp.png
w14a_h_garasu_a03_alp.bmp,C:\Development\Git\Afevis-MGS2-Bugfix-Compilation\Texture Fixes\ps2 textures\HAS ALPHA\same sha1\w14a_h_garasu_a03_alp.bmp.png
w14a_h_souti_c17_alp_ovl.bmp,C:\Development\Git\Afevis-MGS2-Bugfix-Compilation\Texture Fixes\ps2 textures\HAS ALPHA\same sha1\w14a_h_souti_c17_alp_ovl.bmp.png
w14a_kage_a01_alp_ovl.bmp,C:\Development\Git\Afevis-MGS2-Bugfix-Compilation\Texture Fixes\ps2 textures\HAS ALPHA\same sha1\w14a_kage_a01_alp_ovl.bmp.png
w14a_kage_e02_alp_ovl.bmp,C:\Development\Git\Afevis-MGS2-Bugfix-Compilation\Texture Fixes\ps2 textures\HAS ALPHA\same sha1\w14a_kage_e02_alp_ovl.bmp.png
w14a_kage_e03_alp_ovl.bmp,C:\Development\Git\Afevis-MGS2-Bugfix-Compilation\Texture Fixes\ps2 textures\HAS ALPHA\same sha1\w14a_kage_e03_alp_ovl.bmp.png
w14a_kage_e04_alp_ovl.bmp,C:\Development\Git\Afevis-MGS2-Bugfix-Compilation\Texture Fixes\ps2 textures\HAS ALPHA\same sha1\w14a_kage_e04_alp_ovl.bmp.png
w14a_node_areaname_alp_ovl.bmp,C:\Development\Git\Afevis-MGS2-Bugfix-Compilation\Texture Fixes\ps2 textures\HAS ALPHA\same sha1\w14a_node_areaname_alp_ovl.bmp.png
w14a_pipesita_01_alp_ovl.bmp,C:\Development\Git\Afevis-MGS2-Bugfix-Compilation\Texture Fixes\ps2 textures\HAS ALPHA\same sha1\w14a_pipesita_01_alp_ovl.bmp.png
w14a_poster_mog_01.bmp,C:\Development\Git\Afevis-MGS2-Bugfix-Compilation\Texture Fixes\ps2 textures\OPAQUE\bp_remade\w14a_poster_mog_01.bmp.png
w14a_roof_e03.bmp,C:\Development\Git\Afevis-MGS2-Bugfix-Compilation\Texture Fixes\ps2 textures\OPAQUE\same sha1\w14a_roof_e03.bmp.png
w14a_roof_wire_a01_alp.bmp,C:\Development\Git\Afevis-MGS2-Bugfix-Compilation\Texture Fixes\ps2 textures\HAS ALPHA\same sha1\w14a_roof_wire_a01_alp.bmp.png
w14a_saku_a02.bmp,C:\Development\Git\Afevis-MGS2-Bugfix-Compilation\Texture Fixes\ps2 textures\OPAQUE\same sha1\w14a_saku_a02.bmp.png
w14a_saku_d05.bmp,C:\Development\Git\Afevis-MGS2-Bugfix-Compilation\Texture Fixes\ps2 textures\OPAQUE\same sha1\w14a_saku_d05.bmp.png
w14a_step_b03.bmp,C:\Development\Git\Afevis-MGS2-Bugfix-Compilation\Texture Fixes\ps2 textures\OPAQUE\bp_remade\w14a_step_b03.bmp.png
w15a_fl01b.bmp_2afc1ae6ae83df2b26b76fc7749613da,C:\Development\Git\Afevis-MGS2-Bugfix-Compilation\Texture Fixes\ps2 textures\OPAQUE\bp_remade\w15a_fl01b.bmp_2afc1ae6ae83df2b26b76fc7749613da.png
w15a_h00.bmp,C:\Development\Git\Afevis-MGS2-Bugfix-Compilation\Texture Fixes\ps2 textures\OPAQUE\same sha1\w15a_h00.bmp.png
w15a_h00a.bmp,C:\Development\Git\Afevis-MGS2-Bugfix-Compilation\Texture Fixes\ps2 textures\OPAQUE\same sha1\w15a_h00a.bmp.png
w15a_h09d.bmp,C:\Development\Git\Afevis-MGS2-Bugfix-Compilation\Texture Fixes\ps2 textures\OPAQUE\same sha1\w15a_h09d.bmp.png
w15a_h09e.bmp,C:\Development\Git\Afevis-MGS2-Bugfix-Compilation\Texture Fixes\ps2 textures\OPAQUE\same sha1\w15a_h09e.bmp.png
w15a_pp01.bmp,C:\Development\Git\Afevis-MGS2-Bugfix-Compilation\Texture Fixes\ps2 textures\OPAQUE\bp_remade\w15a_pp01.bmp.png
w15a_pp04a.bmp,C:\Development\Git\Afevis-MGS2-Bugfix-Compilation\Texture Fixes\ps2 textures\OPAQUE\same sha1\w15a_pp04a.bmp.png
w15a_pp04a2.bmp,C:\Development\Git\Afevis-MGS2-Bugfix-Compilation\Texture Fixes\ps2 textures\OPAQUE\same sha1\w15a_pp04a2.bmp.png
w15a_sdw00d_alp_ovl.bmp,C:\Development\Git\Afevis-MGS2-Bugfix-Compilation\Texture Fixes\ps2 textures\HAS ALPHA\same sha1\w15a_sdw00d_alp_ovl.bmp.png
w15a_sdw06_alp_ovl.bmp,C:\Development\Git\Afevis-MGS2-Bugfix-Compilation\Texture Fixes\ps2 textures\HAS ALPHA\same sha1\w15a_sdw06_alp_ovl.bmp.png
w15a_sdw06a_alp_ovl.bmp,C:\Development\Git\Afevis-MGS2-Bugfix-Compilation\Texture Fixes\ps2 textures\HAS ALPHA\same sha1\w15a_sdw06a_alp_ovl.bmp.png
w15a_sdw06b_alp_ovl.bmp,C:\Development\Git\Afevis-MGS2-Bugfix-Compilation\Texture Fixes\ps2 textures\HAS ALPHA\same sha1\w15a_sdw06b_alp_ovl.bmp.png
w15a_sdw06c_alp_ovl.bmp,C:\Development\Git\Afevis-MGS2-Bugfix-Compilation\Texture Fixes\ps2 textures\HAS ALPHA\same sha1\w15a_sdw06c_alp_ovl.bmp.png
w15a_sdw06d_alp_ovl.bmp,C:\Development\Git\Afevis-MGS2-Bugfix-Compilation\Texture Fixes\ps2 textures\HAS ALPHA\same sha1\w15a_sdw06d_alp_ovl.bmp.png
w15a_sdw07e_alp_ovl.bmp,C:\Development\Git\Afevis-MGS2-Bugfix-Compilation\Texture Fixes\ps2 textures\HAS ALPHA\same sha1\w15a_sdw07e_alp_ovl.bmp.png
w15a_sdw07f_alp_ovl.bmp,C:\Development\Git\Afevis-MGS2-Bugfix-Compilation\Texture Fixes\ps2 textures\HAS ALPHA\same sha1\w15a_sdw07f_alp_ovl.bmp.png
w15a_sdw08_alp_ovl.bmp,C:\Development\Git\Afevis-MGS2-Bugfix-Compilation\Texture Fixes\ps2 textures\HAS ALPHA\same sha1\w15a_sdw08_alp_ovl.bmp.png
w15a_sdw08a_alp_ovl.bmp,C:\Development\Git\Afevis-MGS2-Bugfix-Compilation\Texture Fixes\ps2 textures\HAS ALPHA\same sha1\w15a_sdw08a_alp_ovl.bmp.png
w15a_sdw08b_alp_ovl.bmp,C:\Development\Git\Afevis-MGS2-Bugfix-Compilation\Texture Fixes\ps2 textures\HAS ALPHA\same sha1\w15a_sdw08b_alp_ovl.bmp.png
w15a_sdw08c_alp_ovl.bmp,C:\Development\Git\Afevis-MGS2-Bugfix-Compilation\Texture Fixes\ps2 textures\HAS ALPHA\same sha1\w15a_sdw08c_alp_ovl.bmp.png
w15a_sdw08d_alp_ovl.bmp,C:\Development\Git\Afevis-MGS2-Bugfix-Compilation\Texture Fixes\ps2 textures\HAS ALPHA\same sha1\w15a_sdw08d_alp_ovl.bmp.png
w15a_sdw08e_alp_ovl.bmp,C:\Development\Git\Afevis-MGS2-Bugfix-Compilation\Texture Fixes\ps2 textures\HAS ALPHA\same sha1\w15a_sdw08e_alp_ovl.bmp.png
w15a_sdw09_alp_ovl.bmp,C:\Development\Git\Afevis-MGS2-Bugfix-Compilation\Texture Fixes\ps2 textures\HAS ALPHA\same sha1\w15a_sdw09_alp_ovl.bmp.png
w15a_sdw09a_alp_ovl.bmp,C:\Development\Git\Afevis-MGS2-Bugfix-Compilation\Texture Fixes\ps2 textures\HAS ALPHA\same sha1\w15a_sdw09a_alp_ovl.bmp.png
w15a_stpbrk00.bmp,C:\Development\Git\Afevis-MGS2-Bugfix-Compilation\Texture Fixes\ps2 textures\OPAQUE\bp_remade\w15a_stpbrk00.bmp.png
w15b_h00.bmp,C:\Development\Git\Afevis-MGS2-Bugfix-Compilation\Texture Fixes\ps2 textures\OPAQUE\same sha1\w15b_h00.bmp.png
w15b_h00a.bmp,C:\Development\Git\Afevis-MGS2-Bugfix-Compilation\Texture Fixes\ps2 textures\OPAQUE\same sha1\w15b_h00a.bmp.png
w15b_h00a2.bmp,C:\Development\Git\Afevis-MGS2-Bugfix-Compilation\Texture Fixes\ps2 textures\OPAQUE\same sha1\w15b_h00a2.bmp.png
w15b_ppobj02.bmp,C:\Development\Git\Afevis-MGS2-Bugfix-Compilation\Texture Fixes\ps2 textures\OPAQUE\same sha1\w15b_ppobj02.bmp.png
w15b_ppobj02a.bmp,C:\Development\Git\Afevis-MGS2-Bugfix-Compilation\Texture Fixes\ps2 textures\OPAQUE\same sha1\w15b_ppobj02a.bmp.png
w15b_sdwpp00_alp_ovl.bmp,C:\Development\Git\Afevis-MGS2-Bugfix-Compilation\Texture Fixes\ps2 textures\HAS ALPHA\same sha1\w15b_sdwpp00_alp_ovl.bmp.png
w15b_sdwpp00a_alp_ovl.bmp,C:\Development\Git\Afevis-MGS2-Bugfix-Compilation\Texture Fixes\ps2 textures\HAS ALPHA\same sha1\w15b_sdwpp00a_alp_ovl.bmp.png
w15b_sdwpp00b_alp_ovl.bmp,C:\Development\Git\Afevis-MGS2-Bugfix-Compilation\Texture Fixes\ps2 textures\HAS ALPHA\same sha1\w15b_sdwpp00b_alp_ovl.bmp.png
w15b_sdwpp00c_alp_ovl.bmp,C:\Development\Git\Afevis-MGS2-Bugfix-Compilation\Texture Fixes\ps2 textures\HAS ALPHA\same sha1\w15b_sdwpp00c_alp_ovl.bmp.png
w15b_sdwpp00d_alp_ovl.bmp,C:\Development\Git\Afevis-MGS2-Bugfix-Compilation\Texture Fixes\ps2 textures\HAS ALPHA\same sha1\w15b_sdwpp00d_alp_ovl.bmp.png
w15b_sdwt00_alp_ovl.bmp,C:\Development\Git\Afevis-MGS2-Bugfix-Compilation\Texture Fixes\ps2 textures\HAS ALPHA\same sha1\w15b_sdwt00_alp_ovl.bmp.png
w15common_sdw00_alp.bmp,C:\Development\Git\Afevis-MGS2-Bugfix-Compilation\Texture Fixes\ps2 textures\HAS ALPHA\same sha1\w15common_sdw00_alp.bmp.png
w16a0_gr.bmp,C:\Development\Git\Afevis-MGS2-Bugfix-Compilation\Texture Fixes\ps2 textures\OPAQUE\same sha1\w16a0_gr.bmp.png
w16a0_lig_d.bmp,C:\Development\Git\Afevis-MGS2-Bugfix-Compilation\Texture Fixes\ps2 textures\OPAQUE\same sha1\w16a0_lig_d.bmp.png
w16a0_ref10.bmp,C:\Development\Git\Afevis-MGS2-Bugfix-Compilation\Texture Fixes\ps2 textures\OPAQUE\same sha1\w16a0_ref10.bmp.png
w16a0_sky.bmp,C:\Development\Git\Afevis-MGS2-Bugfix-Compilation\Texture Fixes\ps2 textures\OPAQUE\same sha1\w16a0_sky.bmp.png
w16a0_ta02.bmp,C:\Development\Git\Afevis-MGS2-Bugfix-Compilation\Texture Fixes\ps2 textures\OPAQUE\same sha1\w16a0_ta02.bmp.png
w16a0_ta04.bmp,C:\Development\Git\Afevis-MGS2-Bugfix-Compilation\Texture Fixes\ps2 textures\OPAQUE\same sha1\w16a0_ta04.bmp.png
w16a0_ta04a.bmp,C:\Development\Git\Afevis-MGS2-Bugfix-Compilation\Texture Fixes\ps2 textures\OPAQUE\same sha1\w16a0_ta04a.bmp.png
w16a0_ta04b.bmp,C:\Development\Git\Afevis-MGS2-Bugfix-Compilation\Texture Fixes\ps2 textures\OPAQUE\same sha1\w16a0_ta04b.bmp.png
w16a0_ta04c.bmp,C:\Development\Git\Afevis-MGS2-Bugfix-Compilation\Texture Fixes\ps2 textures\OPAQUE\same sha1\w16a0_ta04c.bmp.png
w16a0_wa3_h1.bmp,C:\Development\Git\Afevis-MGS2-Bugfix-Compilation\Texture Fixes\ps2 textures\OPAQUE\same sha1\w16a0_wa3_h1.bmp.png
w16a0_wa3_h3.bmp,C:\Development\Git\Afevis-MGS2-Bugfix-Compilation\Texture Fixes\ps2 textures\OPAQUE\same sha1\w16a0_wa3_h3.bmp.png
w16a0_wasita01.bmp,C:\Development\Git\Afevis-MGS2-Bugfix-Compilation\Texture Fixes\ps2 textures\OPAQUE\same sha1\w16a0_wasita01.bmp.png
w16a0_yuka_bld090_alp_ovl.bmp,C:\Development\Git\Afevis-MGS2-Bugfix-Compilation\Texture Fixes\ps2 textures\HAS ALPHA\same sha1\w16a0_yuka_bld090_alp_ovl.bmp.png
w16a0n_gls_rail00.bmp,C:\Development\Git\Afevis-MGS2-Bugfix-Compilation\Texture Fixes\ps2 textures\OPAQUE\same sha1\w16a0n_gls_rail00.bmp.png
w16a0n_pi.bmp,C:\Development\Git\Afevis-MGS2-Bugfix-Compilation\Texture Fixes\ps2 textures\OPAQUE\same sha1\w16a0n_pi.bmp.png
w16a0n_pi1.bmp,C:\Development\Git\Afevis-MGS2-Bugfix-Compilation\Texture Fixes\ps2 textures\OPAQUE\same sha1\w16a0n_pi1.bmp.png
w16a0n_po01.bmp,C:\Development\Git\Afevis-MGS2-Bugfix-Compilation\Texture Fixes\ps2 textures\OPAQUE\bp_remade\w16a0n_po01.bmp.png
w16a0n_po02.bmp,C:\Development\Git\Afevis-MGS2-Bugfix-Compilation\Texture Fixes\ps2 textures\OPAQUE\bp_remade\w16a0n_po02.bmp.png
w16a0n_wa11.bmp,C:\Development\Git\Afevis-MGS2-Bugfix-Compilation\Texture Fixes\ps2 textures\OPAQUE\same sha1\w16a0n_wa11.bmp.png
w16a1_rf02.bmp,C:\Development\Git\Afevis-MGS2-Bugfix-Compilation\Texture Fixes\ps2 textures\OPAQUE\same sha1\w16a1_rf02.bmp.png
w16a1_rf_pi1.bmp,C:\Development\Git\Afevis-MGS2-Bugfix-Compilation\Texture Fixes\ps2 textures\OPAQUE\same sha1\w16a1_rf_pi1.bmp.png
w16a1n_obj01.bmp,C:\Development\Git\Afevis-MGS2-Bugfix-Compilation\Texture Fixes\ps2 textures\OPAQUE\same sha1\w16a1n_obj01.bmp.png
w16a1n_obj02.bmp,C:\Development\Git\Afevis-MGS2-Bugfix-Compilation\Texture Fixes\ps2 textures\OPAQUE\same sha1\w16a1n_obj02.bmp.png
w16a1n_obj03.bmp,C:\Development\Git\Afevis-MGS2-Bugfix-Compilation\Texture Fixes\ps2 textures\OPAQUE\same sha1\w16a1n_obj03.bmp.png
w16a1n_obj05.bmp,C:\Development\Git\Afevis-MGS2-Bugfix-Compilation\Texture Fixes\ps2 textures\OPAQUE\same sha1\w16a1n_obj05.bmp.png
w16a1n_obj05a.bmp,C:\Development\Git\Afevis-MGS2-Bugfix-Compilation\Texture Fixes\ps2 textures\OPAQUE\same sha1\w16a1n_obj05a.bmp.png
w16a2_pos.bmp,C:\Development\Git\Afevis-MGS2-Bugfix-Compilation\Texture Fixes\ps2 textures\OPAQUE\bp_remade\w16a2_pos.bmp.png
w16a2_wtr02.bmp,C:\Development\Git\Afevis-MGS2-Bugfix-Compilation\Texture Fixes\ps2 textures\OPAQUE\same sha1\w16a2_wtr02.bmp.png
w16a2n_fl_sh01_alp_ovl.bmp,C:\Development\Git\Afevis-MGS2-Bugfix-Compilation\Texture Fixes\ps2 textures\HAS ALPHA\same sha1\w16a2n_fl_sh01_alp_ovl.bmp.png
w16a4n_p1_alp_ovl.bmp,C:\Development\Git\Afevis-MGS2-Bugfix-Compilation\Texture Fixes\ps2 textures\HAS ALPHA\same sha1\w16a4n_p1_alp_ovl.bmp.png
w16a4n_p2_alp_ovl.bmp,C:\Development\Git\Afevis-MGS2-Bugfix-Compilation\Texture Fixes\ps2 textures\HAS ALPHA\same sha1\w16a4n_p2_alp_ovl.bmp.png
w16a_fl_t01b.bmp,C:\Development\Git\Afevis-MGS2-Bugfix-Compilation\Texture Fixes\ps2 textures\OPAQUE\same sha1\w16a_fl_t01b.bmp.png
w16a_fl_t01c.bmp,C:\Development\Git\Afevis-MGS2-Bugfix-Compilation\Texture Fixes\ps2 textures\OPAQUE\same sha1\w16a_fl_t01c.bmp.png
w16a_gy045.bmp,C:\Development\Git\Afevis-MGS2-Bugfix-Compilation\Texture Fixes\ps2 textures\OPAQUE\same sha1\w16a_gy045.bmp.png
w16a_gy060a.bmp,C:\Development\Git\Afevis-MGS2-Bugfix-Compilation\Texture Fixes\ps2 textures\OPAQUE\same sha1\w16a_gy060a.bmp.png
w16a_gy095.bmp,C:\Development\Git\Afevis-MGS2-Bugfix-Compilation\Texture Fixes\ps2 textures\OPAQUE\same sha1\w16a_gy095.bmp.png
w16a_ki16_top.bmp,C:\Development\Git\Afevis-MGS2-Bugfix-Compilation\Texture Fixes\ps2 textures\OPAQUE\same sha1\w16a_ki16_top.bmp.png
w16a_node_areaname_alp_ovl.bmp,C:\Development\Git\Afevis-MGS2-Bugfix-Compilation\Texture Fixes\ps2 textures\HAS ALPHA\same sha1\w16a_node_areaname_alp_ovl.bmp.png
w16a_rf01.bmp,C:\Development\Git\Afevis-MGS2-Bugfix-Compilation\Texture Fixes\ps2 textures\OPAQUE\same sha1\w16a_rf01.bmp.png
w16a_wa01.bmp,C:\Development\Git\Afevis-MGS2-Bugfix-Compilation\Texture Fixes\ps2 textures\OPAQUE\bp_remade\w16a_wa01.bmp.png
w16a_wa02.bmp,C:\Development\Git\Afevis-MGS2-Bugfix-Compilation\Texture Fixes\ps2 textures\OPAQUE\bp_remade\w16a_wa02.bmp.png
w16a_wa02a.bmp,C:\Development\Git\Afevis-MGS2-Bugfix-Compilation\Texture Fixes\ps2 textures\OPAQUE\bp_remade\w16a_wa02a.bmp.png
w16a_wa03.bmp,C:\Development\Git\Afevis-MGS2-Bugfix-Compilation\Texture Fixes\ps2 textures\OPAQUE\bp_remade\w16a_wa03.bmp.png
w16a_wa04_1.bmp,C:\Development\Git\Afevis-MGS2-Bugfix-Compilation\Texture Fixes\ps2 textures\OPAQUE\bp_remade\w16a_wa04_1.bmp.png
w16a_wa04_3.bmp,C:\Development\Git\Afevis-MGS2-Bugfix-Compilation\Texture Fixes\ps2 textures\OPAQUE\bp_remade\w16a_wa04_3.bmp.png
w16a_wa3_h1.bmp,C:\Development\Git\Afevis-MGS2-Bugfix-Compilation\Texture Fixes\ps2 textures\OPAQUE\same sha1\w16a_wa3_h1.bmp.png
w16a_wa_to01.bmp,C:\Development\Git\Afevis-MGS2-Bugfix-Compilation\Texture Fixes\ps2 textures\OPAQUE\bp_remade\w16a_wa_to01.bmp.png
w16a_wa_to01aa.bmp,C:\Development\Git\Afevis-MGS2-Bugfix-Compilation\Texture Fixes\ps2 textures\OPAQUE\same sha1\w16a_wa_to01aa.bmp.png
w16a_wa_to02.bmp,C:\Development\Git\Afevis-MGS2-Bugfix-Compilation\Texture Fixes\ps2 textures\OPAQUE\same sha1\w16a_wa_to02.bmp.png
w16a_wa_top.bmp,C:\Development\Git\Afevis-MGS2-Bugfix-Compilation\Texture Fixes\ps2 textures\OPAQUE\bp_remade\w16a_wa_top.bmp.png
w16a_wclabel01a.bmp,C:\Development\Git\Afevis-MGS2-Bugfix-Compilation\Texture Fixes\ps2 textures\OPAQUE\same sha1\w16a_wclabel01a.bmp.png
w16an_fl01.bmp,C:\Development\Git\Afevis-MGS2-Bugfix-Compilation\Texture Fixes\ps2 textures\OPAQUE\bp_remade\w16an_fl01.bmp.png
w16an_ki11a.bmp,C:\Development\Git\Afevis-MGS2-Bugfix-Compilation\Texture Fixes\ps2 textures\OPAQUE\same sha1\w16an_ki11a.bmp.png
w16an_ki16_in.bmp,C:\Development\Git\Afevis-MGS2-Bugfix-Compilation\Texture Fixes\ps2 textures\OPAQUE\same sha1\w16an_ki16_in.bmp.png
w16an_kita03c.bmp,C:\Development\Git\Afevis-MGS2-Bugfix-Compilation\Texture Fixes\ps2 textures\OPAQUE\same sha1\w16an_kita03c.bmp.png
w16an_sdwt00_alp_ovl.bmp,C:\Development\Git\Afevis-MGS2-Bugfix-Compilation\Texture Fixes\ps2 textures\HAS ALPHA\same sha1\w16an_sdwt00_alp_ovl.bmp.png
w16an_wa_to01.bmp,C:\Development\Git\Afevis-MGS2-Bugfix-Compilation\Texture Fixes\ps2 textures\OPAQUE\same sha1\w16an_wa_to01.bmp.png
w16an_wa_to03.bmp,C:\Development\Git\Afevis-MGS2-Bugfix-Compilation\Texture Fixes\ps2 textures\OPAQUE\bp_remade\w16an_wa_to03.bmp.png
w16an_wa_to05a.bmp,C:\Development\Git\Afevis-MGS2-Bugfix-Compilation\Texture Fixes\ps2 textures\OPAQUE\bp_remade\w16an_wa_to05a.bmp.png
w17a_ppobj00.bmp,C:\Development\Git\Afevis-MGS2-Bugfix-Compilation\Texture Fixes\ps2 textures\OPAQUE\same sha1\w17a_ppobj00.bmp.png
w17a_sdw02b2_alp_ovl.bmp,C:\Development\Git\Afevis-MGS2-Bugfix-Compilation\Texture Fixes\ps2 textures\HAS ALPHA\same sha1\w17a_sdw02b2_alp_ovl.bmp.png
w17a_sdw04a_alp_ovl.bmp,C:\Development\Git\Afevis-MGS2-Bugfix-Compilation\Texture Fixes\ps2 textures\HAS ALPHA\same sha1\w17a_sdw04a_alp_ovl.bmp.png
w17a_sdwpp02_alp_ovl.bmp,C:\Development\Git\Afevis-MGS2-Bugfix-Compilation\Texture Fixes\ps2 textures\HAS ALPHA\same sha1\w17a_sdwpp02_alp_ovl.bmp.png
w17a_sdwpp02a_alp_ovl.bmp,C:\Development\Git\Afevis-MGS2-Bugfix-Compilation\Texture Fixes\ps2 textures\HAS ALPHA\same sha1\w17a_sdwpp02a_alp_ovl.bmp.png
w17a_sdwpp03a_alp_ovl.bmp,C:\Development\Git\Afevis-MGS2-Bugfix-Compilation\Texture Fixes\ps2 textures\HAS ALPHA\same sha1\w17a_sdwpp03a_alp_ovl.bmp.png
w17a_sdwt00_alp_ovl.bmp,C:\Development\Git\Afevis-MGS2-Bugfix-Compilation\Texture Fixes\ps2 textures\HAS ALPHA\same sha1\w17a_sdwt00_alp_ovl.bmp.png
w17a_sk02c.bmp,C:\Development\Git\Afevis-MGS2-Bugfix-Compilation\Texture Fixes\ps2 textures\OPAQUE\same sha1\w17a_sk02c.bmp.png
w17a_sk02c2.bmp,C:\Development\Git\Afevis-MGS2-Bugfix-Compilation\Texture Fixes\ps2 textures\OPAQUE\same sha1\w17a_sk02c2.bmp.png
w17a_sk02g2.bmp,C:\Development\Git\Afevis-MGS2-Bugfix-Compilation\Texture Fixes\ps2 textures\OPAQUE\same sha1\w17a_sk02g2.bmp.png
w17a_sk02g5.bmp,C:\Development\Git\Afevis-MGS2-Bugfix-Compilation\Texture Fixes\ps2 textures\OPAQUE\same sha1\w17a_sk02g5.bmp.png
w18a_2f_flor1.bmp,C:\Development\Git\Afevis-MGS2-Bugfix-Compilation\Texture Fixes\ps2 textures\OPAQUE\bp_remade\w18a_2f_flor1.bmp.png
w18a_2f_flor2.bmp,C:\Development\Git\Afevis-MGS2-Bugfix-Compilation\Texture Fixes\ps2 textures\OPAQUE\bp_remade\w18a_2f_flor2.bmp.png
w18a_bridgefloor1.bmp,C:\Development\Git\Afevis-MGS2-Bugfix-Compilation\Texture Fixes\ps2 textures\OPAQUE\bp_remade\w18a_bridgefloor1.bmp.png
w18a_ceil_frame2_ender.bmp,C:\Development\Git\Afevis-MGS2-Bugfix-Compilation\Texture Fixes\ps2 textures\OPAQUE\same sha1\w18a_ceil_frame2_ender.bmp.png
w18a_ceil_shad1_alp_ovl.bmp,C:\Development\Git\Afevis-MGS2-Bugfix-Compilation\Texture Fixes\ps2 textures\HAS ALPHA\same sha1\w18a_ceil_shad1_alp_ovl.bmp.png
w18a_ceillit_stay3.bmp,C:\Development\Git\Afevis-MGS2-Bugfix-Compilation\Texture Fixes\ps2 textures\OPAQUE\same sha1\w18a_ceillit_stay3.bmp.png
w18a_color_sky.bmp,C:\Development\Git\Afevis-MGS2-Bugfix-Compilation\Texture Fixes\ps2 textures\OPAQUE\same sha1\w18a_color_sky.bmp.png
w18a_crps_saku1.bmp,C:\Development\Git\Afevis-MGS2-Bugfix-Compilation\Texture Fixes\ps2 textures\OPAQUE\same sha1\w18a_crps_saku1.bmp.png
w18a_flrshd1_alp_ovl.bmp,C:\Development\Git\Afevis-MGS2-Bugfix-Compilation\Texture Fixes\ps2 textures\HAS ALPHA\same sha1\w18a_flrshd1_alp_ovl.bmp.png
w18a_hatch.bmp,C:\Development\Git\Afevis-MGS2-Bugfix-Compilation\Texture Fixes\ps2 textures\OPAQUE\bp_remade\w18a_hatch.bmp.png
w18a_hatch_ami_alp.bmp,C:\Development\Git\Afevis-MGS2-Bugfix-Compilation\Texture Fixes\ps2 textures\HAS ALPHA\same sha1\w18a_hatch_ami_alp.bmp.png
w18a_hatch_danmen.bmp,C:\Development\Git\Afevis-MGS2-Bugfix-Compilation\Texture Fixes\ps2 textures\OPAQUE\same sha1\w18a_hatch_danmen.bmp.png
w18a_hatch_pipe1.bmp,C:\Development\Git\Afevis-MGS2-Bugfix-Compilation\Texture Fixes\ps2 textures\OPAQUE\same sha1\w18a_hatch_pipe1.bmp.png
w18a_hatch_soko.bmp,C:\Development\Git\Afevis-MGS2-Bugfix-Compilation\Texture Fixes\ps2 textures\OPAQUE\same sha1\w18a_hatch_soko.bmp.png
w18a_litflame_wire_alp.bmp,C:\Development\Git\Afevis-MGS2-Bugfix-Compilation\Texture Fixes\ps2 textures\HAS ALPHA\same sha1\w18a_litflame_wire_alp.bmp.png
w18a_load_fader_alp_ovl.bmp,C:\Development\Git\Afevis-MGS2-Bugfix-Compilation\Texture Fixes\ps2 textures\HAS ALPHA\same sha1\w18a_load_fader_alp_ovl.bmp.png
w18a_lowlit_brk.bmp,C:\Development\Git\Afevis-MGS2-Bugfix-Compilation\Texture Fixes\ps2 textures\OPAQUE\same sha1\w18a_lowlit_brk.bmp.png
w18a_node_areaname_alp_ovl.bmp,C:\Development\Git\Afevis-MGS2-Bugfix-Compilation\Texture Fixes\ps2 textures\HAS ALPHA\same sha1\w18a_node_areaname_alp_ovl.bmp.png
w18a_pinlit.bmp,C:\Development\Git\Afevis-MGS2-Bugfix-Compilation\Texture Fixes\ps2 textures\OPAQUE\same sha1\w18a_pinlit.bmp.png
w18a_pinlit_brk.bmp,C:\Development\Git\Afevis-MGS2-Bugfix-Compilation\Texture Fixes\ps2 textures\OPAQUE\same sha1\w18a_pinlit_brk.bmp.png
w18a_pinlit_common.bmp,C:\Development\Git\Afevis-MGS2-Bugfix-Compilation\Texture Fixes\ps2 textures\OPAQUE\same sha1\w18a_pinlit_common.bmp.png
w18a_poolwall1.bmp,C:\Development\Git\Afevis-MGS2-Bugfix-Compilation\Texture Fixes\ps2 textures\OPAQUE\bp_remade\w18a_poolwall1.bmp.png
w18a_poolwall1_fader.bmp,C:\Development\Git\Afevis-MGS2-Bugfix-Compilation\Texture Fixes\ps2 textures\OPAQUE\bp_remade\w18a_poolwall1_fader.bmp.png
w18a_saku1_u.bmp,C:\Development\Git\Afevis-MGS2-Bugfix-Compilation\Texture Fixes\ps2 textures\OPAQUE\bp_remade\w18a_saku1_u.bmp.png
w18a_tank1_elebox1.bmp,C:\Development\Git\Afevis-MGS2-Bugfix-Compilation\Texture Fixes\ps2 textures\OPAQUE\same sha1\w18a_tank1_elebox1.bmp.png
w18a_tank2_t2.bmp,C:\Development\Git\Afevis-MGS2-Bugfix-Compilation\Texture Fixes\ps2 textures\OPAQUE\same sha1\w18a_tank2_t2.bmp.png
w18a_tekkotsu_clasp1.bmp,C:\Development\Git\Afevis-MGS2-Bugfix-Compilation\Texture Fixes\ps2 textures\OPAQUE\same sha1\w18a_tekkotsu_clasp1.bmp.png
w18a_tnkfloor1.bmp,C:\Development\Git\Afevis-MGS2-Bugfix-Compilation\Texture Fixes\ps2 textures\OPAQUE\bp_remade\w18a_tnkfloor1.bmp.png
w18a_tnkfloor2.bmp,C:\Development\Git\Afevis-MGS2-Bugfix-Compilation\Texture Fixes\ps2 textures\OPAQUE\bp_remade\w18a_tnkfloor2.bmp.png
w18a_tsr_bar1.bmp,C:\Development\Git\Afevis-MGS2-Bugfix-Compilation\Texture Fixes\ps2 textures\OPAQUE\bp_remade\w18a_tsr_bar1.bmp.png
w18a_tsr_jiku1.bmp,C:\Development\Git\Afevis-MGS2-Bugfix-Compilation\Texture Fixes\ps2 textures\OPAQUE\bp_remade\w18a_tsr_jiku1.bmp.png
w18a_volumelit_add_alp.bmp,C:\Development\Git\Afevis-MGS2-Bugfix-Compilation\Texture Fixes\ps2 textures\HAS ALPHA\same sha1\w18a_volumelit_add_alp.bmp.png
w18a_wall2.bmp,C:\Development\Git\Afevis-MGS2-Bugfix-Compilation\Texture Fixes\ps2 textures\OPAQUE\bp_remade\w18a_wall2.bmp.png
w18a_water_alp_ovl.bmp,C:\Development\Git\Afevis-MGS2-Bugfix-Compilation\Texture Fixes\ps2 textures\OPAQUE\same sha1\w18a_water_alp_ovl.bmp.png
w18a_water_ref_add_alp_ovl.bmp,C:\Development\Git\Afevis-MGS2-Bugfix-Compilation\Texture Fixes\ps2 textures\HAS ALPHA\same sha1\w18a_water_ref_add_alp_ovl.bmp.png
w18a_wire_alp.bmp,C:\Development\Git\Afevis-MGS2-Bugfix-Compilation\Texture Fixes\ps2 textures\HAS ALPHA\same sha1\w18a_wire_alp.bmp.png
w19a_ashi00a.bmp,C:\Development\Git\Afevis-MGS2-Bugfix-Compilation\Texture Fixes\ps2 textures\OPAQUE\same sha1\w19a_ashi00a.bmp.png
w19a_ashi00a.bmp_b527a05f24075709f701083f02178c3f,C:\Development\Git\Afevis-MGS2-Bugfix-Compilation\Texture Fixes\ps2 textures\OPAQUE\same sha1\w19a_ashi00a.bmp_b527a05f24075709f701083f02178c3f.png
w19a_fl00a.bmp_c26bf4dda2e1dfdd33908da1144af72f,C:\Development\Git\Afevis-MGS2-Bugfix-Compilation\Texture Fixes\ps2 textures\OPAQUE\same sha1\w19a_fl00a.bmp_c26bf4dda2e1dfdd33908da1144af72f.png
w19a_fl01.bmp,C:\Development\Git\Afevis-MGS2-Bugfix-Compilation\Texture Fixes\ps2 textures\OPAQUE\bp_remade\w19a_fl01.bmp.png
w19a_fl03a.bmp,C:\Development\Git\Afevis-MGS2-Bugfix-Compilation\Texture Fixes\ps2 textures\OPAQUE\bp_remade\w19a_fl03a.bmp.png
w19a_obj01a.bmp,C:\Development\Git\Afevis-MGS2-Bugfix-Compilation\Texture Fixes\ps2 textures\OPAQUE\same sha1\w19a_obj01a.bmp.png
w19a_ppobj00.bmp,C:\Development\Git\Afevis-MGS2-Bugfix-Compilation\Texture Fixes\ps2 textures\OPAQUE\same sha1\w19a_ppobj00.bmp.png
w19a_sdw01c_alp_ovl.bmp,C:\Development\Git\Afevis-MGS2-Bugfix-Compilation\Texture Fixes\ps2 textures\HAS ALPHA\same sha1\w19a_sdw01c_alp_ovl.bmp.png
w19a_sdw03b_alp_ovl.bmp,C:\Development\Git\Afevis-MGS2-Bugfix-Compilation\Texture Fixes\ps2 textures\HAS ALPHA\same sha1\w19a_sdw03b_alp_ovl.bmp.png
w19a_sdw03c_alp_ovl.bmp,C:\Development\Git\Afevis-MGS2-Bugfix-Compilation\Texture Fixes\ps2 textures\HAS ALPHA\same sha1\w19a_sdw03c_alp_ovl.bmp.png
w19a_sdw04_alp_ovl.bmp,C:\Development\Git\Afevis-MGS2-Bugfix-Compilation\Texture Fixes\ps2 textures\HAS ALPHA\same sha1\w19a_sdw04_alp_ovl.bmp.png
w19a_sdw05_alp_ovl.bmp,C:\Development\Git\Afevis-MGS2-Bugfix-Compilation\Texture Fixes\ps2 textures\HAS ALPHA\same sha1\w19a_sdw05_alp_ovl.bmp.png
w19a_sdwpp00_alp_ovl.bmp,C:\Development\Git\Afevis-MGS2-Bugfix-Compilation\Texture Fixes\ps2 textures\HAS ALPHA\same sha1\w19a_sdwpp00_alp_ovl.bmp.png
w19a_sdwpp00a_alp_ovl.bmp,C:\Development\Git\Afevis-MGS2-Bugfix-Compilation\Texture Fixes\ps2 textures\HAS ALPHA\same sha1\w19a_sdwpp00a_alp_ovl.bmp.png
w19a_sdwpp00b_alp_ovl.bmp,C:\Development\Git\Afevis-MGS2-Bugfix-Compilation\Texture Fixes\ps2 textures\HAS ALPHA\same sha1\w19a_sdwpp00b_alp_ovl.bmp.png
w19a_sdwpp01_alp_ovl.bmp,C:\Development\Git\Afevis-MGS2-Bugfix-Compilation\Texture Fixes\ps2 textures\HAS ALPHA\same sha1\w19a_sdwpp01_alp_ovl.bmp.png
w19a_sdwpp01a_alp_ovl.bmp,C:\Development\Git\Afevis-MGS2-Bugfix-Compilation\Texture Fixes\ps2 textures\HAS ALPHA\same sha1\w19a_sdwpp01a_alp_ovl.bmp.png
w19a_sdwpp01b_alp_ovl.bmp,C:\Development\Git\Afevis-MGS2-Bugfix-Compilation\Texture Fixes\ps2 textures\HAS ALPHA\same sha1\w19a_sdwpp01b_alp_ovl.bmp.png
w19a_sdwpp02_alp_ovl.bmp,C:\Development\Git\Afevis-MGS2-Bugfix-Compilation\Texture Fixes\ps2 textures\HAS ALPHA\same sha1\w19a_sdwpp02_alp_ovl.bmp.png
w19a_sk02c.bmp,C:\Development\Git\Afevis-MGS2-Bugfix-Compilation\Texture Fixes\ps2 textures\OPAQUE\same sha1\w19a_sk02c.bmp.png
w19a_sk02c2.bmp,C:\Development\Git\Afevis-MGS2-Bugfix-Compilation\Texture Fixes\ps2 textures\OPAQUE\same sha1\w19a_sk02c2.bmp.png
w19a_sk02c3.bmp,C:\Development\Git\Afevis-MGS2-Bugfix-Compilation\Texture Fixes\ps2 textures\OPAQUE\same sha1\w19a_sk02c3.bmp.png
w19a_sk02c4.bmp,C:\Development\Git\Afevis-MGS2-Bugfix-Compilation\Texture Fixes\ps2 textures\OPAQUE\same sha1\w19a_sk02c4.bmp.png
w19a_stp002.bmp,C:\Development\Git\Afevis-MGS2-Bugfix-Compilation\Texture Fixes\ps2 textures\OPAQUE\same sha1\w19a_stp002.bmp.png
w19a_stp00b.bmp,C:\Development\Git\Afevis-MGS2-Bugfix-Compilation\Texture Fixes\ps2 textures\OPAQUE\same sha1\w19a_stp00b.bmp.png
w19a_stpsdw00.bmp,C:\Development\Git\Afevis-MGS2-Bugfix-Compilation\Texture Fixes\ps2 textures\OPAQUE\same sha1\w19a_stpsdw00.bmp.png
w19a_stpsdw00a.bmp,C:\Development\Git\Afevis-MGS2-Bugfix-Compilation\Texture Fixes\ps2 textures\OPAQUE\same sha1\w19a_stpsdw00a.bmp.png
w19a_stpsdw00b.bmp,C:\Development\Git\Afevis-MGS2-Bugfix-Compilation\Texture Fixes\ps2 textures\OPAQUE\same sha1\w19a_stpsdw00b.bmp.png
w19a_stpsdw01.bmp,C:\Development\Git\Afevis-MGS2-Bugfix-Compilation\Texture Fixes\ps2 textures\OPAQUE\bp_remade\w19a_stpsdw01.bmp.png
w19a_stpsdw01a.bmp,C:\Development\Git\Afevis-MGS2-Bugfix-Compilation\Texture Fixes\ps2 textures\OPAQUE\same sha1\w19a_stpsdw01a.bmp.png
w19a_stpsdw01b.bmp,C:\Development\Git\Afevis-MGS2-Bugfix-Compilation\Texture Fixes\ps2 textures\OPAQUE\same sha1\w19a_stpsdw01b.bmp.png
w19a_stpsdw01c.bmp,C:\Development\Git\Afevis-MGS2-Bugfix-Compilation\Texture Fixes\ps2 textures\OPAQUE\same sha1\w19a_stpsdw01c.bmp.png
w19a_stpsdw01d.bmp,C:\Development\Git\Afevis-MGS2-Bugfix-Compilation\Texture Fixes\ps2 textures\OPAQUE\same sha1\w19a_stpsdw01d.bmp.png
w19a_stpsdw01e.bmp,C:\Development\Git\Afevis-MGS2-Bugfix-Compilation\Texture Fixes\ps2 textures\OPAQUE\same sha1\w19a_stpsdw01e.bmp.png
w19a_stpsdw01f.bmp,C:\Development\Git\Afevis-MGS2-Bugfix-Compilation\Texture Fixes\ps2 textures\OPAQUE\same sha1\w19a_stpsdw01f.bmp.png
w19a_stpsdw01g.bmp,C:\Development\Git\Afevis-MGS2-Bugfix-Compilation\Texture Fixes\ps2 textures\OPAQUE\same sha1\w19a_stpsdw01g.bmp.png
w19a_stpsdw01h.bmp,C:\Development\Git\Afevis-MGS2-Bugfix-Compilation\Texture Fixes\ps2 textures\OPAQUE\same sha1\w19a_stpsdw01h.bmp.png
w19a_stpsdw01i.bmp,C:\Development\Git\Afevis-MGS2-Bugfix-Compilation\Texture Fixes\ps2 textures\OPAQUE\same sha1\w19a_stpsdw01i.bmp.png
w19a_stpsdw01j.bmp,C:\Development\Git\Afevis-MGS2-Bugfix-Compilation\Texture Fixes\ps2 textures\OPAQUE\same sha1\w19a_stpsdw01j.bmp.png
w19a_stpsdw01k.bmp,C:\Development\Git\Afevis-MGS2-Bugfix-Compilation\Texture Fixes\ps2 textures\OPAQUE\same sha1\w19a_stpsdw01k.bmp.png
w19a_stpsk00b.bmp,C:\Development\Git\Afevis-MGS2-Bugfix-Compilation\Texture Fixes\ps2 textures\OPAQUE\same sha1\w19a_stpsk00b.bmp.png
w19a_stpw00c.bmp,C:\Development\Git\Afevis-MGS2-Bugfix-Compilation\Texture Fixes\ps2 textures\OPAQUE\same sha1\w19a_stpw00c.bmp.png
w20a0_fl01.bmp,C:\Development\Git\Afevis-MGS2-Bugfix-Compilation\Texture Fixes\ps2 textures\OPAQUE\same sha1\w20a0_fl01.bmp.png
w20a0_fl01.bmp_a1d28beca5974966645bd6981435acab,C:\Development\Git\Afevis-MGS2-Bugfix-Compilation\Texture Fixes\ps2 textures\OPAQUE\same sha1\w20a0_fl01.bmp_a1d28beca5974966645bd6981435acab.png
w20a0_fl01_mk.bmp,C:\Development\Git\Afevis-MGS2-Bugfix-Compilation\Texture Fixes\ps2 textures\OPAQUE\bp_remade\w20a0_fl01_mk.bmp.png
w20a0_flsh02_alp_ovl.bmp,C:\Development\Git\Afevis-MGS2-Bugfix-Compilation\Texture Fixes\ps2 textures\HAS ALPHA\same sha1\w20a0_flsh02_alp_ovl.bmp.png
w20a0_gry01.bmp,C:\Development\Git\Afevis-MGS2-Bugfix-Compilation\Texture Fixes\ps2 textures\OPAQUE\same sha1\w20a0_gry01.bmp.png
w20a0_lig03.bmp,C:\Development\Git\Afevis-MGS2-Bugfix-Compilation\Texture Fixes\ps2 textures\OPAQUE\same sha1\w20a0_lig03.bmp.png
w20a0_line01_alp_ovl.bmp,C:\Development\Git\Afevis-MGS2-Bugfix-Compilation\Texture Fixes\ps2 textures\HAS ALPHA\same sha1\w20a0_line01_alp_ovl.bmp.png
w20a0_meka01.bmp,C:\Development\Git\Afevis-MGS2-Bugfix-Compilation\Texture Fixes\ps2 textures\OPAQUE\same sha1\w20a0_meka01.bmp.png
w20a0_meka02.bmp,C:\Development\Git\Afevis-MGS2-Bugfix-Compilation\Texture Fixes\ps2 textures\OPAQUE\same sha1\w20a0_meka02.bmp.png
w20a0_meka_gr080.bmp,C:\Development\Git\Afevis-MGS2-Bugfix-Compilation\Texture Fixes\ps2 textures\OPAQUE\same sha1\w20a0_meka_gr080.bmp.png
w20a0_obj05.bmp,C:\Development\Git\Afevis-MGS2-Bugfix-Compilation\Texture Fixes\ps2 textures\OPAQUE\same sha1\w20a0_obj05.bmp.png
w20a0_pane04_alp_ovl.bmp,C:\Development\Git\Afevis-MGS2-Bugfix-Compilation\Texture Fixes\ps2 textures\HAS ALPHA\same sha1\w20a0_pane04_alp_ovl.bmp.png
w20a0_rf04.bmp,C:\Development\Git\Afevis-MGS2-Bugfix-Compilation\Texture Fixes\ps2 textures\OPAQUE\same sha1\w20a0_rf04.bmp.png
w20a3_ema_blood_alp_ovl.bmp,C:\Development\Git\Afevis-MGS2-Bugfix-Compilation\Texture Fixes\ps2 textures\HAS ALPHA\same sha1\w20a3_ema_blood_alp_ovl.bmp.png
w20a3_k100.bmp,C:\Development\Git\Afevis-MGS2-Bugfix-Compilation\Texture Fixes\ps2 textures\OPAQUE\same sha1\w20a3_k100.bmp.png
w20a3_red01.bmp,C:\Development\Git\Afevis-MGS2-Bugfix-Compilation\Texture Fixes\ps2 textures\OPAQUE\same sha1\w20a3_red01.bmp.png
w20a3_red02.bmp,C:\Development\Git\Afevis-MGS2-Bugfix-Compilation\Texture Fixes\ps2 textures\OPAQUE\same sha1\w20a3_red02.bmp.png
w20a3_room_wall1.bmp,C:\Development\Git\Afevis-MGS2-Bugfix-Compilation\Texture Fixes\ps2 textures\OPAQUE\bp_remade\w20a3_room_wall1.bmp.png
w20a3_room_wall1_lig.bmp,C:\Development\Git\Afevis-MGS2-Bugfix-Compilation\Texture Fixes\ps2 textures\OPAQUE\bp_remade\w20a3_room_wall1_lig.bmp.png
w20a4n_floor_01.bmp,C:\Development\Git\Afevis-MGS2-Bugfix-Compilation\Texture Fixes\ps2 textures\OPAQUE\bp_remade\w20a4n_floor_01.bmp.png
w20a4n_floor_02.bmp,C:\Development\Git\Afevis-MGS2-Bugfix-Compilation\Texture Fixes\ps2 textures\OPAQUE\bp_remade\w20a4n_floor_02.bmp.png
w20a4n_floor_oku_01.bmp,C:\Development\Git\Afevis-MGS2-Bugfix-Compilation\Texture Fixes\ps2 textures\OPAQUE\bp_remade\w20a4n_floor_oku_01.bmp.png
w20a4n_floor_oku_02.bmp,C:\Development\Git\Afevis-MGS2-Bugfix-Compilation\Texture Fixes\ps2 textures\OPAQUE\bp_remade\w20a4n_floor_oku_02.bmp.png
w20a4n_floor_oku_02a.bmp,C:\Development\Git\Afevis-MGS2-Bugfix-Compilation\Texture Fixes\ps2 textures\OPAQUE\bp_remade\w20a4n_floor_oku_02a.bmp.png
w20a4n_wall_01.bmp,C:\Development\Git\Afevis-MGS2-Bugfix-Compilation\Texture Fixes\ps2 textures\OPAQUE\bp_remade\w20a4n_wall_01.bmp.png
w20a4n_wall_03b.bmp,C:\Development\Git\Afevis-MGS2-Bugfix-Compilation\Texture Fixes\ps2 textures\OPAQUE\bp_remade\w20a4n_wall_03b.bmp.png
w20a4n_wall_door_01.bmp,C:\Development\Git\Afevis-MGS2-Bugfix-Compilation\Texture Fixes\ps2 textures\OPAQUE\bp_remade\w20a4n_wall_door_01.bmp.png
w20a_bel01b2.bmp_3e13885a31d01923a72db72c58d9895b,C:\Development\Git\Afevis-MGS2-Bugfix-Compilation\Texture Fixes\ps2 textures\OPAQUE\bp_remade\w20a_bel01b2.bmp_3e13885a31d01923a72db72c58d9895b.png
w20a_bel01b3.bmp_db42b9ae8dd1b8c28ef5f65bfc14d1db,C:\Development\Git\Afevis-MGS2-Bugfix-Compilation\Texture Fixes\ps2 textures\OPAQUE\bp_remade\w20a_bel01b3.bmp_db42b9ae8dd1b8c28ef5f65bfc14d1db.png
w20a_bel16.bmp,C:\Development\Git\Afevis-MGS2-Bugfix-Compilation\Texture Fixes\ps2 textures\OPAQUE\same sha1\w20a_bel16.bmp.png
w20a_bel18a.bmp,C:\Development\Git\Afevis-MGS2-Bugfix-Compilation\Texture Fixes\ps2 textures\OPAQUE\same sha1\w20a_bel18a.bmp.png
w20a_bel26a.bmp,C:\Development\Git\Afevis-MGS2-Bugfix-Compilation\Texture Fixes\ps2 textures\OPAQUE\same sha1\w20a_bel26a.bmp.png
w20a_bel_lig01.bmp,C:\Development\Git\Afevis-MGS2-Bugfix-Compilation\Texture Fixes\ps2 textures\OPAQUE\same sha1\w20a_bel_lig01.bmp.png
w20a_bel_lig02.bmp,C:\Development\Git\Afevis-MGS2-Bugfix-Compilation\Texture Fixes\ps2 textures\OPAQUE\same sha1\w20a_bel_lig02.bmp.png
w20a_belst14_alp_ovl.bmp,C:\Development\Git\Afevis-MGS2-Bugfix-Compilation\Texture Fixes\ps2 textures\HAS ALPHA\same sha1\w20a_belst14_alp_ovl.bmp.png
w20a_belst15_alp_ovl.bmp,C:\Development\Git\Afevis-MGS2-Bugfix-Compilation\Texture Fixes\ps2 textures\HAS ALPHA\same sha1\w20a_belst15_alp_ovl.bmp.png
w20a_belst17_alp_ovl.bmp,C:\Development\Git\Afevis-MGS2-Bugfix-Compilation\Texture Fixes\ps2 textures\HAS ALPHA\same sha1\w20a_belst17_alp_ovl.bmp.png
w20a_hako_b_a.bmp,C:\Development\Git\Afevis-MGS2-Bugfix-Compilation\Texture Fixes\ps2 textures\OPAQUE\bp_remade\w20a_hako_b_a.bmp.png
w20a_hako_b_a_mk.bmp,C:\Development\Git\Afevis-MGS2-Bugfix-Compilation\Texture Fixes\ps2 textures\OPAQUE\same sha1\w20a_hako_b_a_mk.bmp.png
w20a_hako_b_b.bmp,C:\Development\Git\Afevis-MGS2-Bugfix-Compilation\Texture Fixes\ps2 textures\OPAQUE\bp_remade\w20a_hako_b_b.bmp.png
w20a_hako_b_b_mk.bmp,C:\Development\Git\Afevis-MGS2-Bugfix-Compilation\Texture Fixes\ps2 textures\OPAQUE\same sha1\w20a_hako_b_b_mk.bmp.png
w20a_hako_b_c.bmp,C:\Development\Git\Afevis-MGS2-Bugfix-Compilation\Texture Fixes\ps2 textures\OPAQUE\bp_remade\w20a_hako_b_c.bmp.png
w20a_hako_b_c_mk.bmp,C:\Development\Git\Afevis-MGS2-Bugfix-Compilation\Texture Fixes\ps2 textures\OPAQUE\same sha1\w20a_hako_b_c_mk.bmp.png
w20a_hasira02c.bmp,C:\Development\Git\Afevis-MGS2-Bugfix-Compilation\Texture Fixes\ps2 textures\OPAQUE\same sha1\w20a_hasira02c.bmp.png
w20a_hasira02d.bmp,C:\Development\Git\Afevis-MGS2-Bugfix-Compilation\Texture Fixes\ps2 textures\OPAQUE\same sha1\w20a_hasira02d.bmp.png
w20a_hasira02e.bmp,C:\Development\Git\Afevis-MGS2-Bugfix-Compilation\Texture Fixes\ps2 textures\OPAQUE\same sha1\w20a_hasira02e.bmp.png
w20a_hasira02f.bmp,C:\Development\Git\Afevis-MGS2-Bugfix-Compilation\Texture Fixes\ps2 textures\OPAQUE\same sha1\w20a_hasira02f.bmp.png
w20a_hasira04.bmp,C:\Development\Git\Afevis-MGS2-Bugfix-Compilation\Texture Fixes\ps2 textures\OPAQUE\same sha1\w20a_hasira04.bmp.png
w20a_node_areaname_alp_ovl.bmp,C:\Development\Git\Afevis-MGS2-Bugfix-Compilation\Texture Fixes\ps2 textures\HAS ALPHA\same sha1\w20a_node_areaname_alp_ovl.bmp.png
w20a_pi02.bmp,C:\Development\Git\Afevis-MGS2-Bugfix-Compilation\Texture Fixes\ps2 textures\OPAQUE\same sha1\w20a_pi02.bmp.png
w20a_room_wall1.bmp,C:\Development\Git\Afevis-MGS2-Bugfix-Compilation\Texture Fixes\ps2 textures\OPAQUE\bp_remade\w20a_room_wall1.bmp.png
w20a_room_wall1_lig.bmp,C:\Development\Git\Afevis-MGS2-Bugfix-Compilation\Texture Fixes\ps2 textures\OPAQUE\bp_remade\w20a_room_wall1_lig.bmp.png
w20a_room_wall2.bmp,C:\Development\Git\Afevis-MGS2-Bugfix-Compilation\Texture Fixes\ps2 textures\OPAQUE\bp_remade\w20a_room_wall2.bmp.png
w20a_room_wall2a.bmp,C:\Development\Git\Afevis-MGS2-Bugfix-Compilation\Texture Fixes\ps2 textures\OPAQUE\bp_remade\w20a_room_wall2a.bmp.png
w20a_room_wall2b.bmp,C:\Development\Git\Afevis-MGS2-Bugfix-Compilation\Texture Fixes\ps2 textures\OPAQUE\bp_remade\w20a_room_wall2b.bmp.png
w20a_room_wall2e_a.bmp,C:\Development\Git\Afevis-MGS2-Bugfix-Compilation\Texture Fixes\ps2 textures\OPAQUE\bp_remade\w20a_room_wall2e_a.bmp.png
w20a_room_wall2e_b.bmp,C:\Development\Git\Afevis-MGS2-Bugfix-Compilation\Texture Fixes\ps2 textures\OPAQUE\bp_remade\w20a_room_wall2e_b.bmp.png
w20a_room_wall3.bmp_59886dd37d992d80a7ff34c7c37ea3df,C:\Development\Git\Afevis-MGS2-Bugfix-Compilation\Texture Fixes\ps2 textures\OPAQUE\bp_remade\w20a_room_wall3.bmp_59886dd37d992d80a7ff34c7c37ea3df.png
w20a_room_wall4a.bmp,C:\Development\Git\Afevis-MGS2-Bugfix-Compilation\Texture Fixes\ps2 textures\OPAQUE\bp_remade\w20a_room_wall4a.bmp.png
w20a_yuka01.bmp,C:\Development\Git\Afevis-MGS2-Bugfix-Compilation\Texture Fixes\ps2 textures\OPAQUE\same sha1\w20a_yuka01.bmp.png
w20b20b_hrip_edge1.bmp,C:\Development\Git\Afevis-MGS2-Bugfix-Compilation\Texture Fixes\ps2 textures\OPAQUE\same sha1\w20b20b_hrip_edge1.bmp.png
w20b_amrc_body.bmp,C:\Development\Git\Afevis-MGS2-Bugfix-Compilation\Texture Fixes\ps2 textures\OPAQUE\same sha1\w20b_amrc_body.bmp.png
w20b_amrc_stay.bmp,C:\Development\Git\Afevis-MGS2-Bugfix-Compilation\Texture Fixes\ps2 textures\OPAQUE\same sha1\w20b_amrc_stay.bmp.png
w20b_amrc_wheel.bmp,C:\Development\Git\Afevis-MGS2-Bugfix-Compilation\Texture Fixes\ps2 textures\OPAQUE\same sha1\w20b_amrc_wheel.bmp.png
w20b_box02_side.bmp,C:\Development\Git\Afevis-MGS2-Bugfix-Compilation\Texture Fixes\ps2 textures\OPAQUE\same sha1\w20b_box02_side.bmp.png
w20b_carrier_wheel.bmp,C:\Development\Git\Afevis-MGS2-Bugfix-Compilation\Texture Fixes\ps2 textures\OPAQUE\same sha1\w20b_carrier_wheel.bmp.png
w20b_comp1_fs.bmp,C:\Development\Git\Afevis-MGS2-Bugfix-Compilation\Texture Fixes\ps2 textures\OPAQUE\bp_remade\w20b_comp1_fs.bmp.png
w20b_comp2_fs.bmp,C:\Development\Git\Afevis-MGS2-Bugfix-Compilation\Texture Fixes\ps2 textures\OPAQUE\bp_remade\w20b_comp2_fs.bmp.png
w20b_crn_body_s2.bmp,C:\Development\Git\Afevis-MGS2-Bugfix-Compilation\Texture Fixes\ps2 textures\OPAQUE\same sha1\w20b_crn_body_s2.bmp.png
w20b_crn_body_s2.bmp_cbfb7453571f6fe5d199c1c3a578d500,C:\Development\Git\Afevis-MGS2-Bugfix-Compilation\Texture Fixes\ps2 textures\OPAQUE\same sha1\w20b_crn_body_s2.bmp_cbfb7453571f6fe5d199c1c3a578d500.png
w20b_crn_bodyobj1.bmp,C:\Development\Git\Afevis-MGS2-Bugfix-Compilation\Texture Fixes\ps2 textures\OPAQUE\same sha1\w20b_crn_bodyobj1.bmp.png
w20b_crn_frame1.bmp,C:\Development\Git\Afevis-MGS2-Bugfix-Compilation\Texture Fixes\ps2 textures\OPAQUE\same sha1\w20b_crn_frame1.bmp.png
w20b_crn_fukku1.bmp,C:\Development\Git\Afevis-MGS2-Bugfix-Compilation\Texture Fixes\ps2 textures\OPAQUE\same sha1\w20b_crn_fukku1.bmp.png
w20b_crn_shd1_alp_ovl.bmp,C:\Development\Git\Afevis-MGS2-Bugfix-Compilation\Texture Fixes\ps2 textures\HAS ALPHA\same sha1\w20b_crn_shd1_alp_ovl.bmp.png
w20b_crn_shd2_alp_ovl.bmp,C:\Development\Git\Afevis-MGS2-Bugfix-Compilation\Texture Fixes\ps2 textures\HAS ALPHA\same sha1\w20b_crn_shd2_alp_ovl.bmp.png
w20b_crn_shd3_alp_ovl.bmp,C:\Development\Git\Afevis-MGS2-Bugfix-Compilation\Texture Fixes\ps2 textures\HAS ALPHA\same sha1\w20b_crn_shd3_alp_ovl.bmp.png
w20b_crn_shd4_alp_ovl.bmp,C:\Development\Git\Afevis-MGS2-Bugfix-Compilation\Texture Fixes\ps2 textures\HAS ALPHA\same sha1\w20b_crn_shd4_alp_ovl.bmp.png
w20b_crn_wire.bmp,C:\Development\Git\Afevis-MGS2-Bugfix-Compilation\Texture Fixes\ps2 textures\OPAQUE\same sha1\w20b_crn_wire.bmp.png
w20b_crnfoot_dai.bmp,C:\Development\Git\Afevis-MGS2-Bugfix-Compilation\Texture Fixes\ps2 textures\OPAQUE\same sha1\w20b_crnfoot_dai.bmp.png
w20b_dammy_sea.bmp,C:\Development\Git\Afevis-MGS2-Bugfix-Compilation\Texture Fixes\ps2 textures\OPAQUE\same sha1\w20b_dammy_sea.bmp.png
w20b_horo_belt.bmp,C:\Development\Git\Afevis-MGS2-Bugfix-Compilation\Texture Fixes\ps2 textures\OPAQUE\same sha1\w20b_horo_belt.bmp.png
w20b_hri2_wheel.bmp,C:\Development\Git\Afevis-MGS2-Bugfix-Compilation\Texture Fixes\ps2 textures\OPAQUE\same sha1\w20b_hri2_wheel.bmp.png
w20b_hri_floor1.bmp,C:\Development\Git\Afevis-MGS2-Bugfix-Compilation\Texture Fixes\ps2 textures\OPAQUE\same sha1\w20b_hri_floor1.bmp.png
w20b_hri_floor1.bmp_44f5bf777c80164058c594bf93cd79e7,C:\Development\Git\Afevis-MGS2-Bugfix-Compilation\Texture Fixes\ps2 textures\OPAQUE\same sha1\w20b_hri_floor1.bmp_44f5bf777c80164058c594bf93cd79e7.png
w20b_hri_floor2.bmp,C:\Development\Git\Afevis-MGS2-Bugfix-Compilation\Texture Fixes\ps2 textures\OPAQUE\same sha1\w20b_hri_floor2.bmp.png
w20b_hri_floor2.bmp_69dcf7aabbdfc0daa941193c869c96e2,C:\Development\Git\Afevis-MGS2-Bugfix-Compilation\Texture Fixes\ps2 textures\OPAQUE\same sha1\w20b_hri_floor2.bmp_69dcf7aabbdfc0daa941193c869c96e2.png
w20b_hri_hatch.bmp,C:\Development\Git\Afevis-MGS2-Bugfix-Compilation\Texture Fixes\ps2 textures\OPAQUE\same sha1\w20b_hri_hatch.bmp.png
w20b_hri_shatter1_head.bmp,C:\Development\Git\Afevis-MGS2-Bugfix-Compilation\Texture Fixes\ps2 textures\OPAQUE\same sha1\w20b_hri_shatter1_head.bmp.png
w20b_hri_wheel_cov1.bmp,C:\Development\Git\Afevis-MGS2-Bugfix-Compilation\Texture Fixes\ps2 textures\OPAQUE\same sha1\w20b_hri_wheel_cov1.bmp.png
w20b_hri_wheel_shaft1.bmp,C:\Development\Git\Afevis-MGS2-Bugfix-Compilation\Texture Fixes\ps2 textures\OPAQUE\same sha1\w20b_hri_wheel_shaft1.bmp.png
w20b_hricnpy_hl_add_alp.bmp,C:\Development\Git\Afevis-MGS2-Bugfix-Compilation\Texture Fixes\ps2 textures\HAS ALPHA\same sha1\w20b_hricnpy_hl_add_alp.bmp.png
w20b_hrip_sasae_fusi.bmp,C:\Development\Git\Afevis-MGS2-Bugfix-Compilation\Texture Fixes\ps2 textures\OPAQUE\same sha1\w20b_hrip_sasae_fusi.bmp.png
w20b_huti.bmp,C:\Development\Git\Afevis-MGS2-Bugfix-Compilation\Texture Fixes\ps2 textures\OPAQUE\same sha1\w20b_huti.bmp.png
w20b_neibox_shd_alp_ovl.bmp,C:\Development\Git\Afevis-MGS2-Bugfix-Compilation\Texture Fixes\ps2 textures\HAS ALPHA\same sha1\w20b_neibox_shd_alp_ovl.bmp.png
w20b_pile1.bmp,C:\Development\Git\Afevis-MGS2-Bugfix-Compilation\Texture Fixes\ps2 textures\OPAQUE\same sha1\w20b_pile1.bmp.png
w20b_rack1_shd_alp_ovl.bmp,C:\Development\Git\Afevis-MGS2-Bugfix-Compilation\Texture Fixes\ps2 textures\HAS ALPHA\same sha1\w20b_rack1_shd_alp_ovl.bmp.png
w20b_saku1_u.bmp,C:\Development\Git\Afevis-MGS2-Bugfix-Compilation\Texture Fixes\ps2 textures\OPAQUE\bp_remade\w20b_saku1_u.bmp.png
w20b_seibox_shad_alp_ovl.bmp,C:\Development\Git\Afevis-MGS2-Bugfix-Compilation\Texture Fixes\ps2 textures\HAS ALPHA\same sha1\w20b_seibox_shad_alp_ovl.bmp.png
w20b_step_pillar1.bmp,C:\Development\Git\Afevis-MGS2-Bugfix-Compilation\Texture Fixes\ps2 textures\OPAQUE\bp_remade\w20b_step_pillar1.bmp.png
w20b_stepfoot1.bmp,C:\Development\Git\Afevis-MGS2-Bugfix-Compilation\Texture Fixes\ps2 textures\OPAQUE\bp_remade\w20b_stepfoot1.bmp.png
w20b_stepfoot1_lit1.bmp,C:\Development\Git\Afevis-MGS2-Bugfix-Compilation\Texture Fixes\ps2 textures\OPAQUE\same sha1\w20b_stepfoot1_lit1.bmp.png
w20b_steptsr_lit2.bmp,C:\Development\Git\Afevis-MGS2-Bugfix-Compilation\Texture Fixes\ps2 textures\OPAQUE\same sha1\w20b_steptsr_lit2.bmp.png
w20b_tana_parts.bmp,C:\Development\Git\Afevis-MGS2-Bugfix-Compilation\Texture Fixes\ps2 textures\OPAQUE\same sha1\w20b_tana_parts.bmp.png
w20b_tank1_t.bmp,C:\Development\Git\Afevis-MGS2-Bugfix-Compilation\Texture Fixes\ps2 textures\OPAQUE\same sha1\w20b_tank1_t.bmp.png
w20b_tank2_dai_s1.bmp,C:\Development\Git\Afevis-MGS2-Bugfix-Compilation\Texture Fixes\ps2 textures\OPAQUE\same sha1\w20b_tank2_dai_s1.bmp.png
w20b_temptex1.bmp,C:\Development\Git\Afevis-MGS2-Bugfix-Compilation\Texture Fixes\ps2 textures\OPAQUE\same sha1\w20b_temptex1.bmp.png
w20b_tsr1.bmp,C:\Development\Git\Afevis-MGS2-Bugfix-Compilation\Texture Fixes\ps2 textures\OPAQUE\bp_remade\w20b_tsr1.bmp.png
w20b_wire1_alp.bmp,C:\Development\Git\Afevis-MGS2-Bugfix-Compilation\Texture Fixes\ps2 textures\HAS ALPHA\same sha1\w20b_wire1_alp.bmp.png
w21_mark_warning_alp_ovl.bmp,C:\Development\Git\Afevis-MGS2-Bugfix-Compilation\Texture Fixes\ps2 textures\HAS ALPHA\same sha1\w21_mark_warning_alp_ovl.bmp.png
w21a_h02.bmp,C:\Development\Git\Afevis-MGS2-Bugfix-Compilation\Texture Fixes\ps2 textures\OPAQUE\same sha1\w21a_h02.bmp.png
w21a_h02a.bmp,C:\Development\Git\Afevis-MGS2-Bugfix-Compilation\Texture Fixes\ps2 textures\OPAQUE\same sha1\w21a_h02a.bmp.png
w21a_h02b.bmp,C:\Development\Git\Afevis-MGS2-Bugfix-Compilation\Texture Fixes\ps2 textures\OPAQUE\same sha1\w21a_h02b.bmp.png
w21a_h09d.bmp,C:\Development\Git\Afevis-MGS2-Bugfix-Compilation\Texture Fixes\ps2 textures\OPAQUE\same sha1\w21a_h09d.bmp.png
w21a_h09d.bmp_fdd5b5adc3102646395f448c3354acc6,C:\Development\Git\Afevis-MGS2-Bugfix-Compilation\Texture Fixes\ps2 textures\OPAQUE\bp_remade\w21a_h09d.bmp_fdd5b5adc3102646395f448c3354acc6.png
w21a_pp00.bmp,C:\Development\Git\Afevis-MGS2-Bugfix-Compilation\Texture Fixes\ps2 textures\OPAQUE\same sha1\w21a_pp00.bmp.png
w21a_pp04a2.bmp,C:\Development\Git\Afevis-MGS2-Bugfix-Compilation\Texture Fixes\ps2 textures\OPAQUE\same sha1\w21a_pp04a2.bmp.png
w21a_pp04a8.bmp,C:\Development\Git\Afevis-MGS2-Bugfix-Compilation\Texture Fixes\ps2 textures\OPAQUE\same sha1\w21a_pp04a8.bmp.png
w21a_sdw00_alp_ovl.bmp,C:\Development\Git\Afevis-MGS2-Bugfix-Compilation\Texture Fixes\ps2 textures\HAS ALPHA\same sha1\w21a_sdw00_alp_ovl.bmp.png
w21a_sdw00c_alp_ovl.bmp,C:\Development\Git\Afevis-MGS2-Bugfix-Compilation\Texture Fixes\ps2 textures\HAS ALPHA\same sha1\w21a_sdw00c_alp_ovl.bmp.png
w21a_sdw02_alp_ovl.bmp,C:\Development\Git\Afevis-MGS2-Bugfix-Compilation\Texture Fixes\ps2 textures\HAS ALPHA\same sha1\w21a_sdw02_alp_ovl.bmp.png
w21a_sdw05b_alp_ovl.bmp,C:\Development\Git\Afevis-MGS2-Bugfix-Compilation\Texture Fixes\ps2 textures\HAS ALPHA\same sha1\w21a_sdw05b_alp_ovl.bmp.png
w21a_sdw06a_alp_ovl.bmp,C:\Development\Git\Afevis-MGS2-Bugfix-Compilation\Texture Fixes\ps2 textures\HAS ALPHA\same sha1\w21a_sdw06a_alp_ovl.bmp.png
w21a_tnk00f.bmp,C:\Development\Git\Afevis-MGS2-Bugfix-Compilation\Texture Fixes\ps2 textures\OPAQUE\same sha1\w21a_tnk00f.bmp.png
w21a_tnk00f.bmp_a591158e83cb91447d5587c530ad54ef,C:\Development\Git\Afevis-MGS2-Bugfix-Compilation\Texture Fixes\ps2 textures\OPAQUE\same sha1\w21a_tnk00f.bmp_a591158e83cb91447d5587c530ad54ef.png
w21a_tnk00f2.bmp,C:\Development\Git\Afevis-MGS2-Bugfix-Compilation\Texture Fixes\ps2 textures\OPAQUE\same sha1\w21a_tnk00f2.bmp.png
w21a_tnk00f3.bmp,C:\Development\Git\Afevis-MGS2-Bugfix-Compilation\Texture Fixes\ps2 textures\OPAQUE\same sha1\w21a_tnk00f3.bmp.png
w21b_sdw00c_alp_ovl.bmp,C:\Development\Git\Afevis-MGS2-Bugfix-Compilation\Texture Fixes\ps2 textures\HAS ALPHA\same sha1\w21b_sdw00c_alp_ovl.bmp.png
w21b_sdwtagl2_alp_ovl.bmp,C:\Development\Git\Afevis-MGS2-Bugfix-Compilation\Texture Fixes\ps2 textures\HAS ALPHA\same sha1\w21b_sdwtagl2_alp_ovl.bmp.png
w21b_sdwtagl_alp_ovl.bmp,C:\Development\Git\Afevis-MGS2-Bugfix-Compilation\Texture Fixes\ps2 textures\HAS ALPHA\same sha1\w21b_sdwtagl_alp_ovl.bmp.png
w21b_sky_e3_alp.bmp,C:\Development\Git\Afevis-MGS2-Bugfix-Compilation\Texture Fixes\ps2 textures\HAS ALPHA\same sha1\w21b_sky_e3_alp.bmp.png
w22a0_duct_waku_t_alp_ovl.bmp,C:\Development\Git\Afevis-MGS2-Bugfix-Compilation\Texture Fixes\ps2 textures\HAS ALPHA\same sha1\w22a0_duct_waku_t_alp_ovl.bmp.png
w22a0f_kage_oku_ovl_ns_alp.bmp,C:\Development\Git\Afevis-MGS2-Bugfix-Compilation\Texture Fixes\ps2 textures\HAS ALPHA\same sha1\w22a0f_kage_oku_ovl_ns_alp.bmp.png
w22a0f_kage_oku_tana01_ovl_ns_alp.bmp,C:\Development\Git\Afevis-MGS2-Bugfix-Compilation\Texture Fixes\ps2 textures\HAS ALPHA\same sha1\w22a0f_kage_oku_tana01_ovl_ns_alp.bmp.png
w22a0f_kage_pipe_alp_ovl_ns.bmp,C:\Development\Git\Afevis-MGS2-Bugfix-Compilation\Texture Fixes\ps2 textures\HAS ALPHA\same sha1\w22a0f_kage_pipe_alp_ovl_ns.bmp.png
w22a1g_box01_02.bmp,C:\Development\Git\Afevis-MGS2-Bugfix-Compilation\Texture Fixes\ps2 textures\OPAQUE\same sha1\w22a1g_box01_02.bmp.png
w22a1h_pipe.bmp,C:\Development\Git\Afevis-MGS2-Bugfix-Compilation\Texture Fixes\ps2 textures\OPAQUE\same sha1\w22a1h_pipe.bmp.png
w22a1h_tana01_side.bmp,C:\Development\Git\Afevis-MGS2-Bugfix-Compilation\Texture Fixes\ps2 textures\OPAQUE\same sha1\w22a1h_tana01_side.bmp.png
w22a1h_tana01_side_mog.bmp,C:\Development\Git\Afevis-MGS2-Bugfix-Compilation\Texture Fixes\ps2 textures\OPAQUE\same sha1\w22a1h_tana01_side_mog.bmp.png
w22a1i_kage_oku02_alp_ovl.bmp,C:\Development\Git\Afevis-MGS2-Bugfix-Compilation\Texture Fixes\ps2 textures\HAS ALPHA\same sha1\w22a1i_kage_oku02_alp_ovl.bmp.png
w22a__pipe_kanagu_02_ovl_alp.bmp,C:\Development\Git\Afevis-MGS2-Bugfix-Compilation\Texture Fixes\ps2 textures\HAS ALPHA\same sha1\w22a__pipe_kanagu_02_ovl_alp.bmp.png
w22a_box_05_mk.bmp,C:\Development\Git\Afevis-MGS2-Bugfix-Compilation\Texture Fixes\ps2 textures\OPAQUE\same sha1\w22a_box_05_mk.bmp.png
w22a_crane_code_mk.bmp,C:\Development\Git\Afevis-MGS2-Bugfix-Compilation\Texture Fixes\ps2 textures\OPAQUE\same sha1\w22a_crane_code_mk.bmp.png
w22a_floor_line_02_add_alp_ovl.bmp,C:\Development\Git\Afevis-MGS2-Bugfix-Compilation\Texture Fixes\ps2 textures\HAS ALPHA\same sha1\w22a_floor_line_02_add_alp_ovl.bmp.png
w22a_glass_alp_ns.bmp,C:\Development\Git\Afevis-MGS2-Bugfix-Compilation\Texture Fixes\ps2 textures\HAS ALPHA\same sha1\w22a_glass_alp_ns.bmp.png
w22a_glass_alp_ovl.bmp,C:\Development\Git\Afevis-MGS2-Bugfix-Compilation\Texture Fixes\ps2 textures\HAS ALPHA\same sha1\w22a_glass_alp_ovl.bmp.png
w22a_kage10_alp_ovl.bmp,C:\Development\Git\Afevis-MGS2-Bugfix-Compilation\Texture Fixes\ps2 textures\HAS ALPHA\same sha1\w22a_kage10_alp_ovl.bmp.png
w22a_kage11_alp_ovl.bmp,C:\Development\Git\Afevis-MGS2-Bugfix-Compilation\Texture Fixes\ps2 textures\HAS ALPHA\same sha1\w22a_kage11_alp_ovl.bmp.png
w22a_kage_alp_ovl_01.bmp,C:\Development\Git\Afevis-MGS2-Bugfix-Compilation\Texture Fixes\ps2 textures\HAS ALPHA\same sha1\w22a_kage_alp_ovl_01.bmp.png
w22a_kage_alp_ovl_02.bmp,C:\Development\Git\Afevis-MGS2-Bugfix-Compilation\Texture Fixes\ps2 textures\HAS ALPHA\same sha1\w22a_kage_alp_ovl_02.bmp.png
w22a_kurayami_alp.bmp,C:\Development\Git\Afevis-MGS2-Bugfix-Compilation\Texture Fixes\ps2 textures\HAS ALPHA\same sha1\w22a_kurayami_alp.bmp.png
w22a_kurayami_alp_01.bmp,C:\Development\Git\Afevis-MGS2-Bugfix-Compilation\Texture Fixes\ps2 textures\HAS ALPHA\same sha1\w22a_kurayami_alp_01.bmp.png
w22a_light_b_t_03_ovl_add_alp.bmp,C:\Development\Git\Afevis-MGS2-Bugfix-Compilation\Texture Fixes\ps2 textures\HAS ALPHA\same sha1\w22a_light_b_t_03_ovl_add_alp.bmp.png
w22a_line_01_alp_ovl.bmp,C:\Development\Git\Afevis-MGS2-Bugfix-Compilation\Texture Fixes\ps2 textures\HAS ALPHA\same sha1\w22a_line_01_alp_ovl.bmp.png
w22a_line_02_alp_ovl.bmp,C:\Development\Git\Afevis-MGS2-Bugfix-Compilation\Texture Fixes\ps2 textures\HAS ALPHA\same sha1\w22a_line_02_alp_ovl.bmp.png
w22a_naka_kage_alp_ovl.bmp,C:\Development\Git\Afevis-MGS2-Bugfix-Compilation\Texture Fixes\ps2 textures\HAS ALPHA\same sha1\w22a_naka_kage_alp_ovl.bmp.png
w22a_node_areaname_alp_ovl.bmp,C:\Development\Git\Afevis-MGS2-Bugfix-Compilation\Texture Fixes\ps2 textures\HAS ALPHA\same sha1\w22a_node_areaname_alp_ovl.bmp.png
w22a_pipe_01.bmp,C:\Development\Git\Afevis-MGS2-Bugfix-Compilation\Texture Fixes\ps2 textures\OPAQUE\same sha1\w22a_pipe_01.bmp.png
w22a_pipe_kanagu.bmp,C:\Development\Git\Afevis-MGS2-Bugfix-Compilation\Texture Fixes\ps2 textures\OPAQUE\same sha1\w22a_pipe_kanagu.bmp.png
w22a_test.bmp,C:\Development\Git\Afevis-MGS2-Bugfix-Compilation\Texture Fixes\ps2 textures\OPAQUE\same sha1\w22a_test.bmp.png
w23a_ppobj00a.bmp,C:\Development\Git\Afevis-MGS2-Bugfix-Compilation\Texture Fixes\ps2 textures\OPAQUE\same sha1\w23a_ppobj00a.bmp.png
w23a_ppsdw00.bmp,C:\Development\Git\Afevis-MGS2-Bugfix-Compilation\Texture Fixes\ps2 textures\OPAQUE\same sha1\w23a_ppsdw00.bmp.png
w23a_ppsdw00a.bmp,C:\Development\Git\Afevis-MGS2-Bugfix-Compilation\Texture Fixes\ps2 textures\OPAQUE\same sha1\w23a_ppsdw00a.bmp.png
w23a_ppsdw00b.bmp,C:\Development\Git\Afevis-MGS2-Bugfix-Compilation\Texture Fixes\ps2 textures\OPAQUE\same sha1\w23a_ppsdw00b.bmp.png
w23a_sdw02a_alp_ovl.bmp,C:\Development\Git\Afevis-MGS2-Bugfix-Compilation\Texture Fixes\ps2 textures\HAS ALPHA\same sha1\w23a_sdw02a_alp_ovl.bmp.png
w23a_sdw02c_alp_ovl.bmp,C:\Development\Git\Afevis-MGS2-Bugfix-Compilation\Texture Fixes\ps2 textures\HAS ALPHA\same sha1\w23a_sdw02c_alp_ovl.bmp.png
w23a_sdw03_alp_ovl.bmp,C:\Development\Git\Afevis-MGS2-Bugfix-Compilation\Texture Fixes\ps2 textures\HAS ALPHA\same sha1\w23a_sdw03_alp_ovl.bmp.png
w23a_sdw03c_alp_ovl.bmp,C:\Development\Git\Afevis-MGS2-Bugfix-Compilation\Texture Fixes\ps2 textures\HAS ALPHA\same sha1\w23a_sdw03c_alp_ovl.bmp.png
w23a_sdw03d_alp_ovl.bmp,C:\Development\Git\Afevis-MGS2-Bugfix-Compilation\Texture Fixes\ps2 textures\HAS ALPHA\same sha1\w23a_sdw03d_alp_ovl.bmp.png
w23a_sdw03e_alp_ovl.bmp,C:\Development\Git\Afevis-MGS2-Bugfix-Compilation\Texture Fixes\ps2 textures\HAS ALPHA\same sha1\w23a_sdw03e_alp_ovl.bmp.png
w23a_sdw05_alp_ovl.bmp,C:\Development\Git\Afevis-MGS2-Bugfix-Compilation\Texture Fixes\ps2 textures\HAS ALPHA\same sha1\w23a_sdw05_alp_ovl.bmp.png
w23a_sk02g8.bmp,C:\Development\Git\Afevis-MGS2-Bugfix-Compilation\Texture Fixes\ps2 textures\OPAQUE\same sha1\w23a_sk02g8.bmp.png
w23a_stpw00d3.bmp,C:\Development\Git\Afevis-MGS2-Bugfix-Compilation\Texture Fixes\ps2 textures\OPAQUE\same sha1\w23a_stpw00d3.bmp.png
w23b_pp00.bmp,C:\Development\Git\Afevis-MGS2-Bugfix-Compilation\Texture Fixes\ps2 textures\OPAQUE\same sha1\w23b_pp00.bmp.png
w23b_pp04d3.bmp,C:\Development\Git\Afevis-MGS2-Bugfix-Compilation\Texture Fixes\ps2 textures\OPAQUE\same sha1\w23b_pp04d3.bmp.png
w23b_ppobj01b.bmp,C:\Development\Git\Afevis-MGS2-Bugfix-Compilation\Texture Fixes\ps2 textures\OPAQUE\same sha1\w23b_ppobj01b.bmp.png
w23b_sdw03_alp_ovl.bmp,C:\Development\Git\Afevis-MGS2-Bugfix-Compilation\Texture Fixes\ps2 textures\HAS ALPHA\same sha1\w23b_sdw03_alp_ovl.bmp.png
w23b_sk02a.bmp,C:\Development\Git\Afevis-MGS2-Bugfix-Compilation\Texture Fixes\ps2 textures\OPAQUE\same sha1\w23b_sk02a.bmp.png
w23b_sk02a2.bmp,C:\Development\Git\Afevis-MGS2-Bugfix-Compilation\Texture Fixes\ps2 textures\OPAQUE\same sha1\w23b_sk02a2.bmp.png
w23b_stpsk00b.bmp,C:\Development\Git\Afevis-MGS2-Bugfix-Compilation\Texture Fixes\ps2 textures\OPAQUE\same sha1\w23b_stpsk00b.bmp.png
w23b_stpw00.bmp,C:\Development\Git\Afevis-MGS2-Bugfix-Compilation\Texture Fixes\ps2 textures\OPAQUE\same sha1\w23b_stpw00.bmp.png
w23b_stpw00c.bmp,C:\Development\Git\Afevis-MGS2-Bugfix-Compilation\Texture Fixes\ps2 textures\OPAQUE\same sha1\w23b_stpw00c.bmp.png
w23b_stpw00d3.bmp,C:\Development\Git\Afevis-MGS2-Bugfix-Compilation\Texture Fixes\ps2 textures\OPAQUE\same sha1\w23b_stpw00d3.bmp.png
w23b_stpw02a.bmp,C:\Development\Git\Afevis-MGS2-Bugfix-Compilation\Texture Fixes\ps2 textures\OPAQUE\same sha1\w23b_stpw02a.bmp.png
w24a0_box00.bmp,C:\Development\Git\Afevis-MGS2-Bugfix-Compilation\Texture Fixes\ps2 textures\OPAQUE\same sha1\w24a0_box00.bmp.png
w24a0_box00a.bmp,C:\Development\Git\Afevis-MGS2-Bugfix-Compilation\Texture Fixes\ps2 textures\OPAQUE\same sha1\w24a0_box00a.bmp.png
w24a0_box00b.bmp,C:\Development\Git\Afevis-MGS2-Bugfix-Compilation\Texture Fixes\ps2 textures\OPAQUE\same sha1\w24a0_box00b.bmp.png
w24a0_box01.bmp,C:\Development\Git\Afevis-MGS2-Bugfix-Compilation\Texture Fixes\ps2 textures\OPAQUE\same sha1\w24a0_box01.bmp.png
w24a0_box03.bmp,C:\Development\Git\Afevis-MGS2-Bugfix-Compilation\Texture Fixes\ps2 textures\OPAQUE\same sha1\w24a0_box03.bmp.png
w24a0_box03a.bmp,C:\Development\Git\Afevis-MGS2-Bugfix-Compilation\Texture Fixes\ps2 textures\OPAQUE\same sha1\w24a0_box03a.bmp.png
w24a0_box03b.bmp,C:\Development\Git\Afevis-MGS2-Bugfix-Compilation\Texture Fixes\ps2 textures\OPAQUE\same sha1\w24a0_box03b.bmp.png
w24a0_box04.bmp,C:\Development\Git\Afevis-MGS2-Bugfix-Compilation\Texture Fixes\ps2 textures\OPAQUE\same sha1\w24a0_box04.bmp.png
w24a0_box04a.bmp,C:\Development\Git\Afevis-MGS2-Bugfix-Compilation\Texture Fixes\ps2 textures\OPAQUE\same sha1\w24a0_box04a.bmp.png
w24a0_box04b.bmp,C:\Development\Git\Afevis-MGS2-Bugfix-Compilation\Texture Fixes\ps2 textures\OPAQUE\same sha1\w24a0_box04b.bmp.png
w24a0_ent01d.bmp,C:\Development\Git\Afevis-MGS2-Bugfix-Compilation\Texture Fixes\ps2 textures\OPAQUE\bp_remade\w24a0_ent01d.bmp.png
w24a0_enta02a.bmp,C:\Development\Git\Afevis-MGS2-Bugfix-Compilation\Texture Fixes\ps2 textures\OPAQUE\bp_remade\w24a0_enta02a.bmp.png
w24a0_enta03.bmp,C:\Development\Git\Afevis-MGS2-Bugfix-Compilation\Texture Fixes\ps2 textures\OPAQUE\bp_remade\w24a0_enta03.bmp.png
w24a0_entb00.bmp_6c8a5532d241d23a8784f331456f0989,C:\Development\Git\Afevis-MGS2-Bugfix-Compilation\Texture Fixes\ps2 textures\OPAQUE\bp_remade\w24a0_entb00.bmp_6c8a5532d241d23a8784f331456f0989.png
w24a0_entb00.bmp_f59874874cc072a68689fc47c4eed1dd,C:\Development\Git\Afevis-MGS2-Bugfix-Compilation\Texture Fixes\ps2 textures\OPAQUE\same sha1\w24a0_entb00.bmp_f59874874cc072a68689fc47c4eed1dd.png
w24a0_entb02.bmp,C:\Development\Git\Afevis-MGS2-Bugfix-Compilation\Texture Fixes\ps2 textures\OPAQUE\bp_remade\w24a0_entb02.bmp.png
w24a0_entb02a.bmp,C:\Development\Git\Afevis-MGS2-Bugfix-Compilation\Texture Fixes\ps2 textures\OPAQUE\bp_remade\w24a0_entb02a.bmp.png
w24a0_entb03.bmp,C:\Development\Git\Afevis-MGS2-Bugfix-Compilation\Texture Fixes\ps2 textures\OPAQUE\bp_remade\w24a0_entb03.bmp.png
w24a0_fld01a.bmp,C:\Development\Git\Afevis-MGS2-Bugfix-Compilation\Texture Fixes\ps2 textures\OPAQUE\bp_remade\w24a0_fld01a.bmp.png
w24a0_flu0_alp_ovl.bmp,C:\Development\Git\Afevis-MGS2-Bugfix-Compilation\Texture Fixes\ps2 textures\HAS ALPHA\same sha1\w24a0_flu0_alp_ovl.bmp.png
w24a0_rf03b.bmp,C:\Development\Git\Afevis-MGS2-Bugfix-Compilation\Texture Fixes\ps2 textures\OPAQUE\same sha1\w24a0_rf03b.bmp.png
w24a0_rf03d.bmp,C:\Development\Git\Afevis-MGS2-Bugfix-Compilation\Texture Fixes\ps2 textures\OPAQUE\same sha1\w24a0_rf03d.bmp.png
w24a0_rfbox00b.bmp,C:\Development\Git\Afevis-MGS2-Bugfix-Compilation\Texture Fixes\ps2 textures\OPAQUE\same sha1\w24a0_rfbox00b.bmp.png
w24a0_rfbox01a.bmp,C:\Development\Git\Afevis-MGS2-Bugfix-Compilation\Texture Fixes\ps2 textures\OPAQUE\same sha1\w24a0_rfbox01a.bmp.png
w24a0_rfbox01b.bmp,C:\Development\Git\Afevis-MGS2-Bugfix-Compilation\Texture Fixes\ps2 textures\OPAQUE\same sha1\w24a0_rfbox01b.bmp.png
w24a0_rflit03.bmp,C:\Development\Git\Afevis-MGS2-Bugfix-Compilation\Texture Fixes\ps2 textures\OPAQUE\same sha1\w24a0_rflit03.bmp.png
w24a0_rflit04_alp_add.bmp,C:\Development\Git\Afevis-MGS2-Bugfix-Compilation\Texture Fixes\ps2 textures\HAS ALPHA\same sha1\w24a0_rflit04_alp_add.bmp.png
w24a0_rflit06a_alp_add_ovl.bmp,C:\Development\Git\Afevis-MGS2-Bugfix-Compilation\Texture Fixes\ps2 textures\HAS ALPHA\same sha1\w24a0_rflit06a_alp_add_ovl.bmp.png
w24a0_rflit06g_alp_add_ovl.bmp,C:\Development\Git\Afevis-MGS2-Bugfix-Compilation\Texture Fixes\ps2 textures\HAS ALPHA\same sha1\w24a0_rflit06g_alp_add_ovl.bmp.png
w24a0_sdw00a_alp_ovl.bmp,C:\Development\Git\Afevis-MGS2-Bugfix-Compilation\Texture Fixes\ps2 textures\HAS ALPHA\same sha1\w24a0_sdw00a_alp_ovl.bmp.png
w24a0_step04.bmp,C:\Development\Git\Afevis-MGS2-Bugfix-Compilation\Texture Fixes\ps2 textures\OPAQUE\bp_remade\w24a0_step04.bmp.png
w24a0_udrlit01.bmp,C:\Development\Git\Afevis-MGS2-Bugfix-Compilation\Texture Fixes\ps2 textures\OPAQUE\same sha1\w24a0_udrlit01.bmp.png
w24a0_wd00.bmp_94d50342014c79c5d55c461f9c88bb3f,C:\Development\Git\Afevis-MGS2-Bugfix-Compilation\Texture Fixes\ps2 textures\OPAQUE\same sha1\w24a0_wd00.bmp_94d50342014c79c5d55c461f9c88bb3f.png
w24a0_wg01.bmp,C:\Development\Git\Afevis-MGS2-Bugfix-Compilation\Texture Fixes\ps2 textures\OPAQUE\bp_remade\w24a0_wg01.bmp.png
w24a0_wg02.bmp,C:\Development\Git\Afevis-MGS2-Bugfix-Compilation\Texture Fixes\ps2 textures\OPAQUE\bp_remade\w24a0_wg02.bmp.png
w24a0_wh00.bmp,C:\Development\Git\Afevis-MGS2-Bugfix-Compilation\Texture Fixes\ps2 textures\OPAQUE\bp_remade\w24a0_wh00.bmp.png
w24a0_wh01a.bmp,C:\Development\Git\Afevis-MGS2-Bugfix-Compilation\Texture Fixes\ps2 textures\OPAQUE\same sha1\w24a0_wh01a.bmp.png
w24a0_wlit01.bmp,C:\Development\Git\Afevis-MGS2-Bugfix-Compilation\Texture Fixes\ps2 textures\OPAQUE\bp_remade\w24a0_wlit01.bmp.png
w24a0_wlit03.bmp,C:\Development\Git\Afevis-MGS2-Bugfix-Compilation\Texture Fixes\ps2 textures\OPAQUE\same sha1\w24a0_wlit03.bmp.png
w24a0_wlit03.bmp_9e58018c2f35bc0413344d9da405d5a9,C:\Development\Git\Afevis-MGS2-Bugfix-Compilation\Texture Fixes\ps2 textures\OPAQUE\same sha1\w24a0_wlit03.bmp_9e58018c2f35bc0413344d9da405d5a9.png
w24a0_wlit03.bmp_f87fc2792f36b022785b64b591d68fac,C:\Development\Git\Afevis-MGS2-Bugfix-Compilation\Texture Fixes\ps2 textures\OPAQUE\same sha1\w24a0_wlit03.bmp_f87fc2792f36b022785b64b591d68fac.png
w24a0_wlit03u.bmp,C:\Development\Git\Afevis-MGS2-Bugfix-Compilation\Texture Fixes\ps2 textures\OPAQUE\same sha1\w24a0_wlit03u.bmp.png
w24a1_eyes_sano.bmp,C:\Development\Git\Afevis-MGS2-Bugfix-Compilation\Texture Fixes\ps2 textures\OPAQUE\bp_remade\w24a1_eyes_sano.bmp.png
w24a1_fl01.bmp,C:\Development\Git\Afevis-MGS2-Bugfix-Compilation\Texture Fixes\ps2 textures\OPAQUE\bp_remade\w24a1_fl01.bmp.png
w24a1_fl03.bmp,C:\Development\Git\Afevis-MGS2-Bugfix-Compilation\Texture Fixes\ps2 textures\OPAQUE\bp_remade\w24a1_fl03.bmp.png
w24a1_fl03a.bmp,C:\Development\Git\Afevis-MGS2-Bugfix-Compilation\Texture Fixes\ps2 textures\OPAQUE\bp_remade\w24a1_fl03a.bmp.png
w24a1_fl03b.bmp,C:\Development\Git\Afevis-MGS2-Bugfix-Compilation\Texture Fixes\ps2 textures\OPAQUE\bp_remade\w24a1_fl03b.bmp.png
w24a1_partition00b.bmp,C:\Development\Git\Afevis-MGS2-Bugfix-Compilation\Texture Fixes\ps2 textures\OPAQUE\same sha1\w24a1_partition00b.bmp.png
w24a1_rf00b.bmp,C:\Development\Git\Afevis-MGS2-Bugfix-Compilation\Texture Fixes\ps2 textures\OPAQUE\same sha1\w24a1_rf00b.bmp.png
w24a1_rf00c.bmp,C:\Development\Git\Afevis-MGS2-Bugfix-Compilation\Texture Fixes\ps2 textures\OPAQUE\same sha1\w24a1_rf00c.bmp.png
w24a1_rf00d.bmp,C:\Development\Git\Afevis-MGS2-Bugfix-Compilation\Texture Fixes\ps2 textures\OPAQUE\same sha1\w24a1_rf00d.bmp.png
w24a1_rf01b2.bmp,C:\Development\Git\Afevis-MGS2-Bugfix-Compilation\Texture Fixes\ps2 textures\OPAQUE\same sha1\w24a1_rf01b2.bmp.png
w24a1_rflit03.bmp,C:\Development\Git\Afevis-MGS2-Bugfix-Compilation\Texture Fixes\ps2 textures\OPAQUE\same sha1\w24a1_rflit03.bmp.png
w24a1_rflit04_alp_add.bmp,C:\Development\Git\Afevis-MGS2-Bugfix-Compilation\Texture Fixes\ps2 textures\HAS ALPHA\same sha1\w24a1_rflit04_alp_add.bmp.png
w24a1_rflitbase00.bmp,C:\Development\Git\Afevis-MGS2-Bugfix-Compilation\Texture Fixes\ps2 textures\OPAQUE\same sha1\w24a1_rflitbase00.bmp.png
w24a1_rflitbase00a.bmp,C:\Development\Git\Afevis-MGS2-Bugfix-Compilation\Texture Fixes\ps2 textures\OPAQUE\same sha1\w24a1_rflitbase00a.bmp.png
w24a1_rflitbase00b.bmp,C:\Development\Git\Afevis-MGS2-Bugfix-Compilation\Texture Fixes\ps2 textures\OPAQUE\same sha1\w24a1_rflitbase00b.bmp.png
w24a1_rflitbase00c.bmp,C:\Development\Git\Afevis-MGS2-Bugfix-Compilation\Texture Fixes\ps2 textures\OPAQUE\same sha1\w24a1_rflitbase00c.bmp.png
w24a1_sdw02_alp_ovl.bmp,C:\Development\Git\Afevis-MGS2-Bugfix-Compilation\Texture Fixes\ps2 textures\HAS ALPHA\same sha1\w24a1_sdw02_alp_ovl.bmp.png
w24a1_sdw03a_alp_ovl.bmp,C:\Development\Git\Afevis-MGS2-Bugfix-Compilation\Texture Fixes\ps2 textures\HAS ALPHA\same sha1\w24a1_sdw03a_alp_ovl.bmp.png
w24a1_w00.bmp,C:\Development\Git\Afevis-MGS2-Bugfix-Compilation\Texture Fixes\ps2 textures\OPAQUE\bp_remade\w24a1_w00.bmp.png
w24a1_w00a.bmp,C:\Development\Git\Afevis-MGS2-Bugfix-Compilation\Texture Fixes\ps2 textures\OPAQUE\bp_remade\w24a1_w00a.bmp.png
w24a21_fld00.bmp,C:\Development\Git\Afevis-MGS2-Bugfix-Compilation\Texture Fixes\ps2 textures\OPAQUE\same sha1\w24a21_fld00.bmp.png
w24a21_sdwline_alp_ovl.bmp,C:\Development\Git\Afevis-MGS2-Bugfix-Compilation\Texture Fixes\ps2 textures\HAS ALPHA\same sha1\w24a21_sdwline_alp_ovl.bmp.png
w24a21_wd00d.bmp,C:\Development\Git\Afevis-MGS2-Bugfix-Compilation\Texture Fixes\ps2 textures\OPAQUE\same sha1\w24a21_wd00d.bmp.png
w24a_21asdw00_alp_ovl.bmp,C:\Development\Git\Afevis-MGS2-Bugfix-Compilation\Texture Fixes\ps2 textures\HAS ALPHA\same sha1\w24a_21asdw00_alp_ovl.bmp.png
w24a_node_areaname_alp_ovl.bmp,C:\Development\Git\Afevis-MGS2-Bugfix-Compilation\Texture Fixes\ps2 textures\HAS ALPHA\same sha1\w24a_node_areaname_alp_ovl.bmp.png
w24a_poster_mog_01.bmp,C:\Development\Git\Afevis-MGS2-Bugfix-Compilation\Texture Fixes\ps2 textures\OPAQUE\bp_remade\w24a_poster_mog_01.bmp.png
w24a_poster_mog_02.bmp,C:\Development\Git\Afevis-MGS2-Bugfix-Compilation\Texture Fixes\ps2 textures\OPAQUE\bp_remade\w24a_poster_mog_02.bmp.png
w24a_pp03b.bmp,C:\Development\Git\Afevis-MGS2-Bugfix-Compilation\Texture Fixes\ps2 textures\OPAQUE\bp_remade\w24a_pp03b.bmp.png
w24a_pp03c.bmp,C:\Development\Git\Afevis-MGS2-Bugfix-Compilation\Texture Fixes\ps2 textures\OPAQUE\bp_remade\w24a_pp03c.bmp.png
w24a_pp03d.bmp,C:\Development\Git\Afevis-MGS2-Bugfix-Compilation\Texture Fixes\ps2 textures\OPAQUE\bp_remade\w24a_pp03d.bmp.png
w24a_pp04b.bmp,C:\Development\Git\Afevis-MGS2-Bugfix-Compilation\Texture Fixes\ps2 textures\OPAQUE\same sha1\w24a_pp04b.bmp.png
w24a_ppb00.bmp,C:\Development\Git\Afevis-MGS2-Bugfix-Compilation\Texture Fixes\ps2 textures\OPAQUE\same sha1\w24a_ppb00.bmp.png
w24a_ppb00a.bmp,C:\Development\Git\Afevis-MGS2-Bugfix-Compilation\Texture Fixes\ps2 textures\OPAQUE\same sha1\w24a_ppb00a.bmp.png
w24a_ppb03a.bmp,C:\Development\Git\Afevis-MGS2-Bugfix-Compilation\Texture Fixes\ps2 textures\OPAQUE\same sha1\w24a_ppb03a.bmp.png
w24b0_cart00a.bmp,C:\Development\Git\Afevis-MGS2-Bugfix-Compilation\Texture Fixes\ps2 textures\OPAQUE\same sha1\w24b0_cart00a.bmp.png
w24b0_cart00c.bmp,C:\Development\Git\Afevis-MGS2-Bugfix-Compilation\Texture Fixes\ps2 textures\OPAQUE\same sha1\w24b0_cart00c.bmp.png
w24b0_cart01a.bmp,C:\Development\Git\Afevis-MGS2-Bugfix-Compilation\Texture Fixes\ps2 textures\OPAQUE\same sha1\w24b0_cart01a.bmp.png
w24b0_cart02.bmp,C:\Development\Git\Afevis-MGS2-Bugfix-Compilation\Texture Fixes\ps2 textures\OPAQUE\same sha1\w24b0_cart02.bmp.png
w24b0_cart02a.bmp,C:\Development\Git\Afevis-MGS2-Bugfix-Compilation\Texture Fixes\ps2 textures\OPAQUE\same sha1\w24b0_cart02a.bmp.png
w24b0_kage00a_alp_ovl.bmp,C:\Development\Git\Afevis-MGS2-Bugfix-Compilation\Texture Fixes\ps2 textures\HAS ALPHA\same sha1\w24b0_kage00a_alp_ovl.bmp.png
w24b0_ms00.bmp,C:\Development\Git\Afevis-MGS2-Bugfix-Compilation\Texture Fixes\ps2 textures\OPAQUE\bp_remade\w24b0_ms00.bmp.png
w24b0_ms02.bmp,C:\Development\Git\Afevis-MGS2-Bugfix-Compilation\Texture Fixes\ps2 textures\OPAQUE\bp_remade\w24b0_ms02.bmp.png
w24b0_ms02a.bmp,C:\Development\Git\Afevis-MGS2-Bugfix-Compilation\Texture Fixes\ps2 textures\OPAQUE\bp_remade\w24b0_ms02a.bmp.png
w24b0_ms04_alp_add_ovl.bmp,C:\Development\Git\Afevis-MGS2-Bugfix-Compilation\Texture Fixes\ps2 textures\HAS ALPHA\same sha1\w24b0_ms04_alp_add_ovl.bmp.png
w24b0_wa00.bmp,C:\Development\Git\Afevis-MGS2-Bugfix-Compilation\Texture Fixes\ps2 textures\OPAQUE\bp_remade\w24b0_wa00.bmp.png
w24b0_wa00.bmp_b6d0408a55dff40e868a46afb34da39a,C:\Development\Git\Afevis-MGS2-Bugfix-Compilation\Texture Fixes\ps2 textures\OPAQUE\same sha1\w24b0_wa00.bmp_b6d0408a55dff40e868a46afb34da39a.png
w24b0_we00.bmp,C:\Development\Git\Afevis-MGS2-Bugfix-Compilation\Texture Fixes\ps2 textures\OPAQUE\bp_remade\w24b0_we00.bmp.png
w24b1_box00a.bmp,C:\Development\Git\Afevis-MGS2-Bugfix-Compilation\Texture Fixes\ps2 textures\OPAQUE\same sha1\w24b1_box00a.bmp.png
w24b1_fl01b.bmp,C:\Development\Git\Afevis-MGS2-Bugfix-Compilation\Texture Fixes\ps2 textures\OPAQUE\same sha1\w24b1_fl01b.bmp.png
w24b1_fld00_alp_ovl.bmp,C:\Development\Git\Afevis-MGS2-Bugfix-Compilation\Texture Fixes\ps2 textures\HAS ALPHA\same sha1\w24b1_fld00_alp_ovl.bmp.png
w24b1_litbase00.bmp,C:\Development\Git\Afevis-MGS2-Bugfix-Compilation\Texture Fixes\ps2 textures\OPAQUE\same sha1\w24b1_litbase00.bmp.png
w24b1_litbase00a.bmp,C:\Development\Git\Afevis-MGS2-Bugfix-Compilation\Texture Fixes\ps2 textures\OPAQUE\same sha1\w24b1_litbase00a.bmp.png
w24b1_rf00.bmp,C:\Development\Git\Afevis-MGS2-Bugfix-Compilation\Texture Fixes\ps2 textures\OPAQUE\same sha1\w24b1_rf00.bmp.png
w24b1_rf00a.bmp,C:\Development\Git\Afevis-MGS2-Bugfix-Compilation\Texture Fixes\ps2 textures\OPAQUE\same sha1\w24b1_rf00a.bmp.png
w24b1_rf01a.bmp,C:\Development\Git\Afevis-MGS2-Bugfix-Compilation\Texture Fixes\ps2 textures\OPAQUE\same sha1\w24b1_rf01a.bmp.png
w24b1_sdw00_alp_ovl.bmp,C:\Development\Git\Afevis-MGS2-Bugfix-Compilation\Texture Fixes\ps2 textures\HAS ALPHA\same sha1\w24b1_sdw00_alp_ovl.bmp.png
w24b1_sdw02b_alp_ovl.bmp,C:\Development\Git\Afevis-MGS2-Bugfix-Compilation\Texture Fixes\ps2 textures\HAS ALPHA\same sha1\w24b1_sdw02b_alp_ovl.bmp.png
w24b1_sdw04_alp_ovl.bmp,C:\Development\Git\Afevis-MGS2-Bugfix-Compilation\Texture Fixes\ps2 textures\HAS ALPHA\same sha1\w24b1_sdw04_alp_ovl.bmp.png
w24b2_fl00.bmp,C:\Development\Git\Afevis-MGS2-Bugfix-Compilation\Texture Fixes\ps2 textures\OPAQUE\bp_remade\w24b2_fl00.bmp.png
w24b2_g070.bmp,C:\Development\Git\Afevis-MGS2-Bugfix-Compilation\Texture Fixes\ps2 textures\OPAQUE\same sha1\w24b2_g070.bmp.png
w24b2_mizo2_alp_ovl.bmp,C:\Development\Git\Afevis-MGS2-Bugfix-Compilation\Texture Fixes\ps2 textures\HAS ALPHA\same sha1\w24b2_mizo2_alp_ovl.bmp.png
w24b2_po01.bmp,C:\Development\Git\Afevis-MGS2-Bugfix-Compilation\Texture Fixes\ps2 textures\OPAQUE\bp_remade\w24b2_po01.bmp.png
w24b2_po02.bmp,C:\Development\Git\Afevis-MGS2-Bugfix-Compilation\Texture Fixes\ps2 textures\OPAQUE\bp_remade\w24b2_po02.bmp.png
w24b2_wa02.bmp,C:\Development\Git\Afevis-MGS2-Bugfix-Compilation\Texture Fixes\ps2 textures\OPAQUE\same sha1\w24b2_wa02.bmp.png
w24b2n_rf00.bmp,C:\Development\Git\Afevis-MGS2-Bugfix-Compilation\Texture Fixes\ps2 textures\OPAQUE\same sha1\w24b2n_rf00.bmp.png
w24b_node_areaname_alp_ovl.bmp,C:\Development\Git\Afevis-MGS2-Bugfix-Compilation\Texture Fixes\ps2 textures\HAS ALPHA\same sha1\w24b_node_areaname_alp_ovl.bmp.png
w24bn_lit00_add_alp_ovl.bmp,C:\Development\Git\Afevis-MGS2-Bugfix-Compilation\Texture Fixes\ps2 textures\HAS ALPHA\same sha1\w24bn_lit00_add_alp_ovl.bmp.png
w24c0_b_comp_04.bmp,C:\Development\Git\Afevis-MGS2-Bugfix-Compilation\Texture Fixes\ps2 textures\OPAQUE\same sha1\w24c0_b_comp_04.bmp.png
w24c0_dr02.bmp,C:\Development\Git\Afevis-MGS2-Bugfix-Compilation\Texture Fixes\ps2 textures\OPAQUE\same sha1\w24c0_dr02.bmp.png
w24c0_fl_05_alp.bmp,C:\Development\Git\Afevis-MGS2-Bugfix-Compilation\Texture Fixes\ps2 textures\HAS ALPHA\same sha1\w24c0_fl_05_alp.bmp.png
w24c0_gate_head.bmp,C:\Development\Git\Afevis-MGS2-Bugfix-Compilation\Texture Fixes\ps2 textures\OPAQUE\same sha1\w24c0_gate_head.bmp.png
w24c0_gate_head.bmp_4cce7bb0e02990b6b0413ee36563c4e8,C:\Development\Git\Afevis-MGS2-Bugfix-Compilation\Texture Fixes\ps2 textures\OPAQUE\same sha1\w24c0_gate_head.bmp_4cce7bb0e02990b6b0413ee36563c4e8.png
w24c0_kage_alp.bmp,C:\Development\Git\Afevis-MGS2-Bugfix-Compilation\Texture Fixes\ps2 textures\HAS ALPHA\same sha1\w24c0_kage_alp.bmp.png
w24c0_obj02a.bmp,C:\Development\Git\Afevis-MGS2-Bugfix-Compilation\Texture Fixes\ps2 textures\OPAQUE\same sha1\w24c0_obj02a.bmp.png
w24c0_obj07_a.bmp,C:\Development\Git\Afevis-MGS2-Bugfix-Compilation\Texture Fixes\ps2 textures\OPAQUE\bp_remade\w24c0_obj07_a.bmp.png
w24c0_obj09a.bmp,C:\Development\Git\Afevis-MGS2-Bugfix-Compilation\Texture Fixes\ps2 textures\OPAQUE\bp_remade\w24c0_obj09a.bmp.png
w24c0_obj10.bmp,C:\Development\Git\Afevis-MGS2-Bugfix-Compilation\Texture Fixes\ps2 textures\OPAQUE\same sha1\w24c0_obj10.bmp.png
w24c0_obj10a.bmp,C:\Development\Git\Afevis-MGS2-Bugfix-Compilation\Texture Fixes\ps2 textures\OPAQUE\same sha1\w24c0_obj10a.bmp.png
w24c0_obj17c.bmp,C:\Development\Git\Afevis-MGS2-Bugfix-Compilation\Texture Fixes\ps2 textures\OPAQUE\same sha1\w24c0_obj17c.bmp.png
w24c0_obj17d.bmp,C:\Development\Git\Afevis-MGS2-Bugfix-Compilation\Texture Fixes\ps2 textures\OPAQUE\same sha1\w24c0_obj17d.bmp.png
w24c0_obj17e.bmp,C:\Development\Git\Afevis-MGS2-Bugfix-Compilation\Texture Fixes\ps2 textures\OPAQUE\same sha1\w24c0_obj17e.bmp.png
w24c0_rf04.bmp,C:\Development\Git\Afevis-MGS2-Bugfix-Compilation\Texture Fixes\ps2 textures\OPAQUE\same sha1\w24c0_rf04.bmp.png
w24c0_sh2_alp_ovl.bmp,C:\Development\Git\Afevis-MGS2-Bugfix-Compilation\Texture Fixes\ps2 textures\HAS ALPHA\same sha1\w24c0_sh2_alp_ovl.bmp.png
w24c0_sh_alp.bmp,C:\Development\Git\Afevis-MGS2-Bugfix-Compilation\Texture Fixes\ps2 textures\HAS ALPHA\same sha1\w24c0_sh_alp.bmp.png
w24c0_sp01.bmp,C:\Development\Git\Afevis-MGS2-Bugfix-Compilation\Texture Fixes\ps2 textures\OPAQUE\bp_remade\w24c0_sp01.bmp.png
w24c0_sp01aa.bmp,C:\Development\Git\Afevis-MGS2-Bugfix-Compilation\Texture Fixes\ps2 textures\OPAQUE\bp_remade\w24c0_sp01aa.bmp.png
w24c0_sp01c1.bmp,C:\Development\Git\Afevis-MGS2-Bugfix-Compilation\Texture Fixes\ps2 textures\OPAQUE\bp_remade\w24c0_sp01c1.bmp.png
w24c0_sp02b.bmp,C:\Development\Git\Afevis-MGS2-Bugfix-Compilation\Texture Fixes\ps2 textures\OPAQUE\bp_remade\w24c0_sp02b.bmp.png
w24c0_step.bmp,C:\Development\Git\Afevis-MGS2-Bugfix-Compilation\Texture Fixes\ps2 textures\OPAQUE\same sha1\w24c0_step.bmp.png
w24c0_stst07_alp_ovl.bmp,C:\Development\Git\Afevis-MGS2-Bugfix-Compilation\Texture Fixes\ps2 textures\HAS ALPHA\same sha1\w24c0_stst07_alp_ovl.bmp.png
w24c0_stst08_alp_ovl.bmp,C:\Development\Git\Afevis-MGS2-Bugfix-Compilation\Texture Fixes\ps2 textures\HAS ALPHA\same sha1\w24c0_stst08_alp_ovl.bmp.png
w24c0_stst10_alp_ovl.bmp,C:\Development\Git\Afevis-MGS2-Bugfix-Compilation\Texture Fixes\ps2 textures\HAS ALPHA\same sha1\w24c0_stst10_alp_ovl.bmp.png
w24c0_ta01_alp_ovl.bmp,C:\Development\Git\Afevis-MGS2-Bugfix-Compilation\Texture Fixes\ps2 textures\HAS ALPHA\same sha1\w24c0_ta01_alp_ovl.bmp.png
w24c0_ta05.bmp,C:\Development\Git\Afevis-MGS2-Bugfix-Compilation\Texture Fixes\ps2 textures\OPAQUE\same sha1\w24c0_ta05.bmp.png
w24c0_ta06.bmp,C:\Development\Git\Afevis-MGS2-Bugfix-Compilation\Texture Fixes\ps2 textures\OPAQUE\bp_remade\w24c0_ta06.bmp.png
w24c0_ta07.bmp,C:\Development\Git\Afevis-MGS2-Bugfix-Compilation\Texture Fixes\ps2 textures\OPAQUE\bp_remade\w24c0_ta07.bmp.png
w24c0_wa01b.bmp,C:\Development\Git\Afevis-MGS2-Bugfix-Compilation\Texture Fixes\ps2 textures\OPAQUE\bp_remade\w24c0_wa01b.bmp.png
w24c0_wa01e2_2.bmp,C:\Development\Git\Afevis-MGS2-Bugfix-Compilation\Texture Fixes\ps2 textures\OPAQUE\bp_remade\w24c0_wa01e2_2.bmp.png
w24c0_wa01e3.bmp,C:\Development\Git\Afevis-MGS2-Bugfix-Compilation\Texture Fixes\ps2 textures\OPAQUE\bp_remade\w24c0_wa01e3.bmp.png
w24c0_wa04.bmp,C:\Development\Git\Afevis-MGS2-Bugfix-Compilation\Texture Fixes\ps2 textures\OPAQUE\same sha1\w24c0_wa04.bmp.png
w24c0_win_slif.bmp,C:\Development\Git\Afevis-MGS2-Bugfix-Compilation\Texture Fixes\ps2 textures\OPAQUE\same sha1\w24c0_win_slif.bmp.png
w24c0_win_waku.bmp,C:\Development\Git\Afevis-MGS2-Bugfix-Compilation\Texture Fixes\ps2 textures\OPAQUE\same sha1\w24c0_win_waku.bmp.png
w24c0n_fl_sh01_alp_ovl.bmp,C:\Development\Git\Afevis-MGS2-Bugfix-Compilation\Texture Fixes\ps2 textures\HAS ALPHA\same sha1\w24c0n_fl_sh01_alp_ovl.bmp.png
w24c0n_sdw00_alp_ovl.bmp,C:\Development\Git\Afevis-MGS2-Bugfix-Compilation\Texture Fixes\ps2 textures\HAS ALPHA\same sha1\w24c0n_sdw00_alp_ovl.bmp.png
w24c0n_sdw01_alp_ovl.bmp,C:\Development\Git\Afevis-MGS2-Bugfix-Compilation\Texture Fixes\ps2 textures\HAS ALPHA\same sha1\w24c0n_sdw01_alp_ovl.bmp.png
w24c0n_st02_alp_ovl.bmp,C:\Development\Git\Afevis-MGS2-Bugfix-Compilation\Texture Fixes\ps2 textures\HAS ALPHA\same sha1\w24c0n_st02_alp_ovl.bmp.png
w24c0n_walig01_add_alp_ovl.bmp,C:\Development\Git\Afevis-MGS2-Bugfix-Compilation\Texture Fixes\ps2 textures\HAS ALPHA\same sha1\w24c0n_walig01_add_alp_ovl.bmp.png
w24c_lit1_00.bmp,C:\Development\Git\Afevis-MGS2-Bugfix-Compilation\Texture Fixes\ps2 textures\OPAQUE\same sha1\w24c_lit1_00.bmp.png
w24c_lit1_01_alp_ovl.bmp,C:\Development\Git\Afevis-MGS2-Bugfix-Compilation\Texture Fixes\ps2 textures\HAS ALPHA\same sha1\w24c_lit1_01_alp_ovl.bmp.png
w24c_lit2_00.bmp,C:\Development\Git\Afevis-MGS2-Bugfix-Compilation\Texture Fixes\ps2 textures\OPAQUE\same sha1\w24c_lit2_00.bmp.png
w24c_loadfl01.bmp,C:\Development\Git\Afevis-MGS2-Bugfix-Compilation\Texture Fixes\ps2 textures\OPAQUE\same sha1\w24c_loadfl01.bmp.png
w24c_node_areaname_alp_ovl.bmp,C:\Development\Git\Afevis-MGS2-Bugfix-Compilation\Texture Fixes\ps2 textures\HAS ALPHA\same sha1\w24c_node_areaname_alp_ovl.bmp.png
w24c_over_mrs_alp_ovl.bmp,C:\Development\Git\Afevis-MGS2-Bugfix-Compilation\Texture Fixes\ps2 textures\OPAQUE\bp_remade\no_mip_fixes\ui\w24c_over_mrs_alp_ovl.bmp.png
w24c_over_oba_alp_ovl.bmp,C:\Development\Git\Afevis-MGS2-Bugfix-Compilation\Texture Fixes\ps2 textures\OPAQUE\bp_remade\no_mip_fixes\ui\w24c_over_oba_alp_ovl.bmp.png
w24c_overguy_alp_ovl.bmp,C:\Development\Git\Afevis-MGS2-Bugfix-Compilation\Texture Fixes\ps2 textures\OPAQUE\bp_remade\no_mip_fixes\ui\w24c_overguy_alp_ovl.bmp.png
w24c_sptlit00.bmp,C:\Development\Git\Afevis-MGS2-Bugfix-Compilation\Texture Fixes\ps2 textures\OPAQUE\same sha1\w24c_sptlit00.bmp.png
w24c_sptlit00b.bmp,C:\Development\Git\Afevis-MGS2-Bugfix-Compilation\Texture Fixes\ps2 textures\OPAQUE\same sha1\w24c_sptlit00b.bmp.png
w24d0_w05.bmp,C:\Development\Git\Afevis-MGS2-Bugfix-Compilation\Texture Fixes\ps2 textures\OPAQUE\bp_remade\w24d0_w05.bmp.png
w24d1_pane2.bmp,C:\Development\Git\Afevis-MGS2-Bugfix-Compilation\Texture Fixes\ps2 textures\OPAQUE\same sha1\w24d1_pane2.bmp.png
w24d1_sh1_alp.bmp,C:\Development\Git\Afevis-MGS2-Bugfix-Compilation\Texture Fixes\ps2 textures\HAS ALPHA\same sha1\w24d1_sh1_alp.bmp.png
w24d1_step.bmp,C:\Development\Git\Afevis-MGS2-Bugfix-Compilation\Texture Fixes\ps2 textures\OPAQUE\same sha1\w24d1_step.bmp.png
w24d1_wa2_6u.bmp,C:\Development\Git\Afevis-MGS2-Bugfix-Compilation\Texture Fixes\ps2 textures\OPAQUE\same sha1\w24d1_wa2_6u.bmp.png
w24d1_wa_h1u.bmp,C:\Development\Git\Afevis-MGS2-Bugfix-Compilation\Texture Fixes\ps2 textures\OPAQUE\same sha1\w24d1_wa_h1u.bmp.png
w24d1n_sdw00_alp_ovl.bmp,C:\Development\Git\Afevis-MGS2-Bugfix-Compilation\Texture Fixes\ps2 textures\HAS ALPHA\same sha1\w24d1n_sdw00_alp_ovl.bmp.png
w24d1r_rf_pi4.bmp,C:\Development\Git\Afevis-MGS2-Bugfix-Compilation\Texture Fixes\ps2 textures\OPAQUE\same sha1\w24d1r_rf_pi4.bmp.png
w24d1r_rf_pi7.bmp,C:\Development\Git\Afevis-MGS2-Bugfix-Compilation\Texture Fixes\ps2 textures\OPAQUE\same sha1\w24d1r_rf_pi7.bmp.png
w24d2_fr_all4_alp_ovl.bmp,C:\Development\Git\Afevis-MGS2-Bugfix-Compilation\Texture Fixes\ps2 textures\HAS ALPHA\same sha1\w24d2_fr_all4_alp_ovl.bmp.png
w24d2_ta_u.bmp,C:\Development\Git\Afevis-MGS2-Bugfix-Compilation\Texture Fixes\ps2 textures\OPAQUE\same sha1\w24d2_ta_u.bmp.png
w24d2_wa3_h1.bmp,C:\Development\Git\Afevis-MGS2-Bugfix-Compilation\Texture Fixes\ps2 textures\OPAQUE\same sha1\w24d2_wa3_h1.bmp.png
w24d2_wa3_h1.bmp_deabbdfb6d97793d88d289f81ed4e2fe,C:\Development\Git\Afevis-MGS2-Bugfix-Compilation\Texture Fixes\ps2 textures\OPAQUE\same sha1\w24d2_wa3_h1.bmp_deabbdfb6d97793d88d289f81ed4e2fe.png
w24d2_wa3_h1u.bmp,C:\Development\Git\Afevis-MGS2-Bugfix-Compilation\Texture Fixes\ps2 textures\OPAQUE\same sha1\w24d2_wa3_h1u.bmp.png
w24d2_wa_11u.bmp,C:\Development\Git\Afevis-MGS2-Bugfix-Compilation\Texture Fixes\ps2 textures\OPAQUE\same sha1\w24d2_wa_11u.bmp.png
w24d2_wa_1bbb.bmp,C:\Development\Git\Afevis-MGS2-Bugfix-Compilation\Texture Fixes\ps2 textures\OPAQUE\same sha1\w24d2_wa_1bbb.bmp.png
w24d2_wa_1bbb2.bmp,C:\Development\Git\Afevis-MGS2-Bugfix-Compilation\Texture Fixes\ps2 textures\OPAQUE\same sha1\w24d2_wa_1bbb2.bmp.png
w24d2_wa_1u.bmp,C:\Development\Git\Afevis-MGS2-Bugfix-Compilation\Texture Fixes\ps2 textures\OPAQUE\same sha1\w24d2_wa_1u.bmp.png
w24d2_wall_shd1_alp_ovl.bmp,C:\Development\Git\Afevis-MGS2-Bugfix-Compilation\Texture Fixes\ps2 textures\HAS ALPHA\same sha1\w24d2_wall_shd1_alp_ovl.bmp.png
w24d2n_lit01.bmp,C:\Development\Git\Afevis-MGS2-Bugfix-Compilation\Texture Fixes\ps2 textures\OPAQUE\same sha1\w24d2n_lit01.bmp.png
w24dn_rflit04_alp_add.bmp,C:\Development\Git\Afevis-MGS2-Bugfix-Compilation\Texture Fixes\ps2 textures\HAS ALPHA\same sha1\w24dn_rflit04_alp_add.bmp.png
w25a1_sdw02_alp_ovl.bmp,C:\Development\Git\Afevis-MGS2-Bugfix-Compilation\Texture Fixes\ps2 textures\HAS ALPHA\same sha1\w25a1_sdw02_alp_ovl.bmp.png
w25a1_sdw03_alp_ovl.bmp,C:\Development\Git\Afevis-MGS2-Bugfix-Compilation\Texture Fixes\ps2 textures\HAS ALPHA\same sha1\w25a1_sdw03_alp_ovl.bmp.png
w25a1_sku00.bmp,C:\Development\Git\Afevis-MGS2-Bugfix-Compilation\Texture Fixes\ps2 textures\OPAQUE\same sha1\w25a1_sku00.bmp.png
w25a1_sku00a.bmp,C:\Development\Git\Afevis-MGS2-Bugfix-Compilation\Texture Fixes\ps2 textures\OPAQUE\same sha1\w25a1_sku00a.bmp.png
w25a21_h00.bmp,C:\Development\Git\Afevis-MGS2-Bugfix-Compilation\Texture Fixes\ps2 textures\OPAQUE\same sha1\w25a21_h00.bmp.png
w25a21_h00a.bmp,C:\Development\Git\Afevis-MGS2-Bugfix-Compilation\Texture Fixes\ps2 textures\OPAQUE\same sha1\w25a21_h00a.bmp.png
w25a_fl00b.bmp,C:\Development\Git\Afevis-MGS2-Bugfix-Compilation\Texture Fixes\ps2 textures\OPAQUE\bp_remade\w25a_fl00b.bmp.png
w25a_fl00d.bmp,C:\Development\Git\Afevis-MGS2-Bugfix-Compilation\Texture Fixes\ps2 textures\OPAQUE\bp_remade\w25a_fl00d.bmp.png
w25a_fl04.bmp,C:\Development\Git\Afevis-MGS2-Bugfix-Compilation\Texture Fixes\ps2 textures\OPAQUE\bp_remade\w25a_fl04.bmp.png
w25a_fl05.bmp,C:\Development\Git\Afevis-MGS2-Bugfix-Compilation\Texture Fixes\ps2 textures\OPAQUE\same sha1\w25a_fl05.bmp.png
w25a_fl05a.bmp_eab6a76640eebadec634613e41b4f430,C:\Development\Git\Afevis-MGS2-Bugfix-Compilation\Texture Fixes\ps2 textures\OPAQUE\bp_remade\w25a_fl05a.bmp_eab6a76640eebadec634613e41b4f430.png
w25a_flu05a.bmp,C:\Development\Git\Afevis-MGS2-Bugfix-Compilation\Texture Fixes\ps2 textures\OPAQUE\bp_remade\w25a_flu05a.bmp.png
w25a_h00a222.bmp,C:\Development\Git\Afevis-MGS2-Bugfix-Compilation\Texture Fixes\ps2 textures\OPAQUE\same sha1\w25a_h00a222.bmp.png
w25a_h03.bmp,C:\Development\Git\Afevis-MGS2-Bugfix-Compilation\Texture Fixes\ps2 textures\OPAQUE\bp_remade\w25a_h03.bmp.png
w25a_h03a.bmp,C:\Development\Git\Afevis-MGS2-Bugfix-Compilation\Texture Fixes\ps2 textures\OPAQUE\bp_remade\w25a_h03a.bmp.png
w25a_h04a.bmp,C:\Development\Git\Afevis-MGS2-Bugfix-Compilation\Texture Fixes\ps2 textures\OPAQUE\bp_remade\w25a_h04a.bmp.png
w25a_h04b.bmp,C:\Development\Git\Afevis-MGS2-Bugfix-Compilation\Texture Fixes\ps2 textures\OPAQUE\same sha1\w25a_h04b.bmp.png
w25a_h04f.bmp,C:\Development\Git\Afevis-MGS2-Bugfix-Compilation\Texture Fixes\ps2 textures\OPAQUE\same sha1\w25a_h04f.bmp.png
w25a_h04k.bmp,C:\Development\Git\Afevis-MGS2-Bugfix-Compilation\Texture Fixes\ps2 textures\OPAQUE\bp_remade\w25a_h04k.bmp.png
w25a_h04l.bmp,C:\Development\Git\Afevis-MGS2-Bugfix-Compilation\Texture Fixes\ps2 textures\OPAQUE\same sha1\w25a_h04l.bmp.png
w25a_h05a_brk01.bmp,C:\Development\Git\Afevis-MGS2-Bugfix-Compilation\Texture Fixes\ps2 textures\OPAQUE\same sha1\w25a_h05a_brk01.bmp.png
w25a_h05d.bmp,C:\Development\Git\Afevis-MGS2-Bugfix-Compilation\Texture Fixes\ps2 textures\OPAQUE\same sha1\w25a_h05d.bmp.png
w25a_pp03.bmp,C:\Development\Git\Afevis-MGS2-Bugfix-Compilation\Texture Fixes\ps2 textures\OPAQUE\same sha1\w25a_pp03.bmp.png
w25a_pp04.bmp,C:\Development\Git\Afevis-MGS2-Bugfix-Compilation\Texture Fixes\ps2 textures\OPAQUE\same sha1\w25a_pp04.bmp.png
w25a_sdw05b_alp_ovl.bmp,C:\Development\Git\Afevis-MGS2-Bugfix-Compilation\Texture Fixes\ps2 textures\HAS ALPHA\same sha1\w25a_sdw05b_alp_ovl.bmp.png
w25a_sdw05c_alp_ovl.bmp,C:\Development\Git\Afevis-MGS2-Bugfix-Compilation\Texture Fixes\ps2 textures\HAS ALPHA\same sha1\w25a_sdw05c_alp_ovl.bmp.png
w25a_sdw05d_alp_ovl.bmp,C:\Development\Git\Afevis-MGS2-Bugfix-Compilation\Texture Fixes\ps2 textures\HAS ALPHA\same sha1\w25a_sdw05d_alp_ovl.bmp.png
w25a_sdw06_alp_ovl.bmp,C:\Development\Git\Afevis-MGS2-Bugfix-Compilation\Texture Fixes\ps2 textures\HAS ALPHA\same sha1\w25a_sdw06_alp_ovl.bmp.png
w25a_sdw06e_alp_ovl.bmp,C:\Development\Git\Afevis-MGS2-Bugfix-Compilation\Texture Fixes\ps2 textures\HAS ALPHA\same sha1\w25a_sdw06e_alp_ovl.bmp.png
w25a_sdw06f_alp_ovl.bmp,C:\Development\Git\Afevis-MGS2-Bugfix-Compilation\Texture Fixes\ps2 textures\HAS ALPHA\same sha1\w25a_sdw06f_alp_ovl.bmp.png
w25a_sdw06g_alp_ovl.bmp,C:\Development\Git\Afevis-MGS2-Bugfix-Compilation\Texture Fixes\ps2 textures\HAS ALPHA\same sha1\w25a_sdw06g_alp_ovl.bmp.png
w25a_sdw10_alp_ovl.bmp,C:\Development\Git\Afevis-MGS2-Bugfix-Compilation\Texture Fixes\ps2 textures\HAS ALPHA\same sha1\w25a_sdw10_alp_ovl.bmp.png
w25a_sdw_alp_ovl.bmp,C:\Development\Git\Afevis-MGS2-Bugfix-Compilation\Texture Fixes\ps2 textures\HAS ALPHA\same sha1\w25a_sdw_alp_ovl.bmp.png
w25a_sdwsc_alp_ovl.bmp,C:\Development\Git\Afevis-MGS2-Bugfix-Compilation\Texture Fixes\ps2 textures\HAS ALPHA\same sha1\w25a_sdwsc_alp_ovl.bmp.png
w25a_stps00.bmp,C:\Development\Git\Afevis-MGS2-Bugfix-Compilation\Texture Fixes\ps2 textures\OPAQUE\same sha1\w25a_stps00.bmp.png
w25a_tank00.bmp_607cd5e0bf0f5b379a6262cd93f54ffa,C:\Development\Git\Afevis-MGS2-Bugfix-Compilation\Texture Fixes\ps2 textures\OPAQUE\bp_remade\w25a_tank00.bmp_607cd5e0bf0f5b379a6262cd93f54ffa.png
w25a_tank00a.bmp,C:\Development\Git\Afevis-MGS2-Bugfix-Compilation\Texture Fixes\ps2 textures\OPAQUE\bp_remade\w25a_tank00a.bmp.png
w25a_tank00a.bmp_9f6a9a41fbec5a6454931e96bfcdd611,C:\Development\Git\Afevis-MGS2-Bugfix-Compilation\Texture Fixes\ps2 textures\OPAQUE\same sha1\w25a_tank00a.bmp_9f6a9a41fbec5a6454931e96bfcdd611.png
w25a_tank00b.bmp,C:\Development\Git\Afevis-MGS2-Bugfix-Compilation\Texture Fixes\ps2 textures\OPAQUE\same sha1\w25a_tank00b.bmp.png
w25a_tank00c.bmp,C:\Development\Git\Afevis-MGS2-Bugfix-Compilation\Texture Fixes\ps2 textures\OPAQUE\same sha1\w25a_tank00c.bmp.png
w25a_tank00f.bmp,C:\Development\Git\Afevis-MGS2-Bugfix-Compilation\Texture Fixes\ps2 textures\OPAQUE\same sha1\w25a_tank00f.bmp.png
w25a_wire01a.bmp,C:\Development\Git\Afevis-MGS2-Bugfix-Compilation\Texture Fixes\ps2 textures\OPAQUE\bp_remade\w25a_wire01a.bmp.png
w25a_wire01b.bmp,C:\Development\Git\Afevis-MGS2-Bugfix-Compilation\Texture Fixes\ps2 textures\OPAQUE\bp_remade\w25a_wire01b.bmp.png
w25a_wire01d.bmp,C:\Development\Git\Afevis-MGS2-Bugfix-Compilation\Texture Fixes\ps2 textures\OPAQUE\bp_remade\w25a_wire01d.bmp.png
w25b0_sdw00_alp_ovl.bmp,C:\Development\Git\Afevis-MGS2-Bugfix-Compilation\Texture Fixes\ps2 textures\HAS ALPHA\same sha1\w25b0_sdw00_alp_ovl.bmp.png
w25b_h00.bmp,C:\Development\Git\Afevis-MGS2-Bugfix-Compilation\Texture Fixes\ps2 textures\OPAQUE\same sha1\w25b_h00.bmp.png
w25b_h00a.bmp,C:\Development\Git\Afevis-MGS2-Bugfix-Compilation\Texture Fixes\ps2 textures\OPAQUE\same sha1\w25b_h00a.bmp.png
w25b_h00b.bmp,C:\Development\Git\Afevis-MGS2-Bugfix-Compilation\Texture Fixes\ps2 textures\OPAQUE\same sha1\w25b_h00b.bmp.png
w25b_h04f.bmp,C:\Development\Git\Afevis-MGS2-Bugfix-Compilation\Texture Fixes\ps2 textures\OPAQUE\same sha1\w25b_h04f.bmp.png
w25b_pp01c.bmp,C:\Development\Git\Afevis-MGS2-Bugfix-Compilation\Texture Fixes\ps2 textures\OPAQUE\bp_remade\w25b_pp01c.bmp.png
w25b_pp04.bmp,C:\Development\Git\Afevis-MGS2-Bugfix-Compilation\Texture Fixes\ps2 textures\OPAQUE\bp_remade\w25b_pp04.bmp.png
w25b_sdw00c_alp_ovl.bmp,C:\Development\Git\Afevis-MGS2-Bugfix-Compilation\Texture Fixes\ps2 textures\HAS ALPHA\same sha1\w25b_sdw00c_alp_ovl.bmp.png
w25b_sk02a.bmp,C:\Development\Git\Afevis-MGS2-Bugfix-Compilation\Texture Fixes\ps2 textures\OPAQUE\same sha1\w25b_sk02a.bmp.png
w25b_sk02b.bmp,C:\Development\Git\Afevis-MGS2-Bugfix-Compilation\Texture Fixes\ps2 textures\OPAQUE\same sha1\w25b_sk02b.bmp.png
w25b_stps00.bmp,C:\Development\Git\Afevis-MGS2-Bugfix-Compilation\Texture Fixes\ps2 textures\OPAQUE\same sha1\w25b_stps00.bmp.png
w25c10_w00f2.bmp,C:\Development\Git\Afevis-MGS2-Bugfix-Compilation\Texture Fixes\ps2 textures\OPAQUE\same sha1\w25c10_w00f2.bmp.png
w25c10_w00f3.bmp,C:\Development\Git\Afevis-MGS2-Bugfix-Compilation\Texture Fixes\ps2 textures\OPAQUE\same sha1\w25c10_w00f3.bmp.png
w25c1_sdw01d_alp_ovl.bmp,C:\Development\Git\Afevis-MGS2-Bugfix-Compilation\Texture Fixes\ps2 textures\HAS ALPHA\same sha1\w25c1_sdw01d_alp_ovl.bmp.png
w25c1_sdw01e_alp_ovl.bmp,C:\Development\Git\Afevis-MGS2-Bugfix-Compilation\Texture Fixes\ps2 textures\HAS ALPHA\same sha1\w25c1_sdw01e_alp_ovl.bmp.png
w25c1_sdwline02_alp_ovl.bmp,C:\Development\Git\Afevis-MGS2-Bugfix-Compilation\Texture Fixes\ps2 textures\HAS ALPHA\same sha1\w25c1_sdwline02_alp_ovl.bmp.png
w25c_box00a.bmp,C:\Development\Git\Afevis-MGS2-Bugfix-Compilation\Texture Fixes\ps2 textures\OPAQUE\same sha1\w25c_box00a.bmp.png
w25c_fl05a.bmp,C:\Development\Git\Afevis-MGS2-Bugfix-Compilation\Texture Fixes\ps2 textures\OPAQUE\same sha1\w25c_fl05a.bmp.png
w25c_fl05a.bmp_5d5c005378747543fddf1e2a161ecf6f,C:\Development\Git\Afevis-MGS2-Bugfix-Compilation\Texture Fixes\ps2 textures\OPAQUE\bp_remade\w25c_fl05a.bmp_5d5c005378747543fddf1e2a161ecf6f.png
w25c_h09d.bmp,C:\Development\Git\Afevis-MGS2-Bugfix-Compilation\Texture Fixes\ps2 textures\OPAQUE\same sha1\w25c_h09d.bmp.png
w25c_obj00.bmp,C:\Development\Git\Afevis-MGS2-Bugfix-Compilation\Texture Fixes\ps2 textures\OPAQUE\bp_remade\w25c_obj00.bmp.png
w25c_pp04a.bmp,C:\Development\Git\Afevis-MGS2-Bugfix-Compilation\Texture Fixes\ps2 textures\OPAQUE\bp_remade\w25c_pp04a.bmp.png
w25c_sdw00_alp_ovl.bmp,C:\Development\Git\Afevis-MGS2-Bugfix-Compilation\Texture Fixes\ps2 textures\HAS ALPHA\same sha1\w25c_sdw00_alp_ovl.bmp.png
w25c_sk02c.bmp,C:\Development\Git\Afevis-MGS2-Bugfix-Compilation\Texture Fixes\ps2 textures\OPAQUE\same sha1\w25c_sk02c.bmp.png
w25c_w00f2.bmp,C:\Development\Git\Afevis-MGS2-Bugfix-Compilation\Texture Fixes\ps2 textures\OPAQUE\bp_remade\w25c_w00f2.bmp.png
w25c_w00f2.bmp_def331845b33cf0d004b8819ab1b47ad,C:\Development\Git\Afevis-MGS2-Bugfix-Compilation\Texture Fixes\ps2 textures\OPAQUE\bp_remade\w25c_w00f2.bmp_def331845b33cf0d004b8819ab1b47ad.png
w25c_w00f3.bmp,C:\Development\Git\Afevis-MGS2-Bugfix-Compilation\Texture Fixes\ps2 textures\OPAQUE\bp_remade\w25c_w00f3.bmp.png
w25c_w00f3.bmp_80bb089f15a6b67db42cdc5ba9154cce,C:\Development\Git\Afevis-MGS2-Bugfix-Compilation\Texture Fixes\ps2 textures\OPAQUE\bp_remade\w25c_w00f3.bmp_80bb089f15a6b67db42cdc5ba9154cce.png
w25c_w06b2.bmp_e32e56967b81d8e10f197bc69b626128,C:\Development\Git\Afevis-MGS2-Bugfix-Compilation\Texture Fixes\ps2 textures\OPAQUE\bp_remade\w25c_w06b2.bmp_e32e56967b81d8e10f197bc69b626128.png
w25c_w06b3.bmp_ccfce4ea287dbf204c2ead5e6bbda70c,C:\Development\Git\Afevis-MGS2-Bugfix-Compilation\Texture Fixes\ps2 textures\OPAQUE\bp_remade\w25c_w06b3.bmp_ccfce4ea287dbf204c2ead5e6bbda70c.png
w25c_wind00b.bmp,C:\Development\Git\Afevis-MGS2-Bugfix-Compilation\Texture Fixes\ps2 textures\OPAQUE\same sha1\w25c_wind00b.bmp.png
w25c_wind01.bmp,C:\Development\Git\Afevis-MGS2-Bugfix-Compilation\Texture Fixes\ps2 textures\OPAQUE\same sha1\w25c_wind01.bmp.png
w25c_wind01a.bmp,C:\Development\Git\Afevis-MGS2-Bugfix-Compilation\Texture Fixes\ps2 textures\OPAQUE\same sha1\w25c_wind01a.bmp.png
w25d1_sdwline02_alp_ovl.bmp,C:\Development\Git\Afevis-MGS2-Bugfix-Compilation\Texture Fixes\ps2 textures\HAS ALPHA\same sha1\w25d1_sdwline02_alp_ovl.bmp.png
w25d_28entb00.bmp,C:\Development\Git\Afevis-MGS2-Bugfix-Compilation\Texture Fixes\ps2 textures\OPAQUE\same sha1\w25d_28entb00.bmp.png
w25d_28entb03.bmp,C:\Development\Git\Afevis-MGS2-Bugfix-Compilation\Texture Fixes\ps2 textures\OPAQUE\same sha1\w25d_28entb03.bmp.png
w25d_28wl_rouka_01.bmp,C:\Development\Git\Afevis-MGS2-Bugfix-Compilation\Texture Fixes\ps2 textures\OPAQUE\same sha1\w25d_28wl_rouka_01.bmp.png
w25d_wire_taba.bmp,C:\Development\Git\Afevis-MGS2-Bugfix-Compilation\Texture Fixes\ps2 textures\OPAQUE\same sha1\w25d_wire_taba.bmp.png
w28a_ana_hari_03.bmp,C:\Development\Git\Afevis-MGS2-Bugfix-Compilation\Texture Fixes\ps2 textures\OPAQUE\bp_remade\w28a_ana_hari_03.bmp.png
w28a_ana_hari_04.bmp,C:\Development\Git\Afevis-MGS2-Bugfix-Compilation\Texture Fixes\ps2 textures\OPAQUE\bp_remade\w28a_ana_hari_04.bmp.png
w28a_ana_hari_05.bmp,C:\Development\Git\Afevis-MGS2-Bugfix-Compilation\Texture Fixes\ps2 textures\OPAQUE\bp_remade\w28a_ana_hari_05.bmp.png
w28a_ana_light_tome.bmp,C:\Development\Git\Afevis-MGS2-Bugfix-Compilation\Texture Fixes\ps2 textures\OPAQUE\bp_remade\w28a_ana_light_tome.bmp.png
w28a_ana_pipe_01.bmp,C:\Development\Git\Afevis-MGS2-Bugfix-Compilation\Texture Fixes\ps2 textures\OPAQUE\bp_remade\w28a_ana_pipe_01.bmp.png
w28a_ana_pipe_03.bmp,C:\Development\Git\Afevis-MGS2-Bugfix-Compilation\Texture Fixes\ps2 textures\OPAQUE\bp_remade\w28a_ana_pipe_03.bmp.png
w28a_ana_pipe_tome_01.bmp,C:\Development\Git\Afevis-MGS2-Bugfix-Compilation\Texture Fixes\ps2 textures\OPAQUE\bp_remade\w28a_ana_pipe_tome_01.bmp.png
w28a_ana_pipe_tome_02.bmp,C:\Development\Git\Afevis-MGS2-Bugfix-Compilation\Texture Fixes\ps2 textures\OPAQUE\bp_remade\w28a_ana_pipe_tome_02.bmp.png
w28a_ana_wall_02.bmp,C:\Development\Git\Afevis-MGS2-Bugfix-Compilation\Texture Fixes\ps2 textures\OPAQUE\bp_remade\w28a_ana_wall_02.bmp.png
w28a_ana_wall_03.bmp,C:\Development\Git\Afevis-MGS2-Bugfix-Compilation\Texture Fixes\ps2 textures\OPAQUE\bp_remade\w28a_ana_wall_03.bmp.png
w28a_grade_02_alp_ovl.bmp,C:\Development\Git\Afevis-MGS2-Bugfix-Compilation\Texture Fixes\ps2 textures\HAS ALPHA\same sha1\w28a_grade_02_alp_ovl.bmp.png
w28a_hone_naname.bmp,C:\Development\Git\Afevis-MGS2-Bugfix-Compilation\Texture Fixes\ps2 textures\OPAQUE\bp_remade\w28a_hone_naname.bmp.png
w28a_ladder_top.bmp,C:\Development\Git\Afevis-MGS2-Bugfix-Compilation\Texture Fixes\ps2 textures\OPAQUE\same sha1\w28a_ladder_top.bmp.png
w28a_oku_pipekage_bld035.bmp,C:\Development\Git\Afevis-MGS2-Bugfix-Compilation\Texture Fixes\ps2 textures\HAS ALPHA\same sha1\w28a_oku_pipekage_bld035.bmp.png
w28a_pipe_tome_002.bmp,C:\Development\Git\Afevis-MGS2-Bugfix-Compilation\Texture Fixes\ps2 textures\OPAQUE\bp_remade\w28a_pipe_tome_002.bmp.png
w28a_sky.bmp,C:\Development\Git\Afevis-MGS2-Bugfix-Compilation\Texture Fixes\ps2 textures\OPAQUE\same sha1\w28a_sky.bmp.png
w28a_wall_rouka_01.bmp,C:\Development\Git\Afevis-MGS2-Bugfix-Compilation\Texture Fixes\ps2 textures\OPAQUE\bp_remade\w28a_wall_rouka_01.bmp.png
w28an_ag_light_pipe.bmp,C:\Development\Git\Afevis-MGS2-Bugfix-Compilation\Texture Fixes\ps2 textures\OPAQUE\bp_remade\w28an_ag_light_pipe.bmp.png
w28an_ana_box_01.bmp,C:\Development\Git\Afevis-MGS2-Bugfix-Compilation\Texture Fixes\ps2 textures\OPAQUE\bp_remade\w28an_ana_box_01.bmp.png
w28an_ana_box_02.bmp,C:\Development\Git\Afevis-MGS2-Bugfix-Compilation\Texture Fixes\ps2 textures\OPAQUE\bp_remade\w28an_ana_box_02.bmp.png
w28an_ana_pipe_02.bmp,C:\Development\Git\Afevis-MGS2-Bugfix-Compilation\Texture Fixes\ps2 textures\OPAQUE\bp_remade\w28an_ana_pipe_02.bmp.png
w28an_floor_oku_02.bmp,C:\Development\Git\Afevis-MGS2-Bugfix-Compilation\Texture Fixes\ps2 textures\OPAQUE\bp_remade\w28an_floor_oku_02.bmp.png
w28an_floor_oku_02a.bmp,C:\Development\Git\Afevis-MGS2-Bugfix-Compilation\Texture Fixes\ps2 textures\OPAQUE\bp_remade\w28an_floor_oku_02a.bmp.png
w28an_lad00c.bmp,C:\Development\Git\Afevis-MGS2-Bugfix-Compilation\Texture Fixes\ps2 textures\OPAQUE\same sha1\w28an_lad00c.bmp.png
w28an_mid_box_01.bmp,C:\Development\Git\Afevis-MGS2-Bugfix-Compilation\Texture Fixes\ps2 textures\OPAQUE\bp_remade\w28an_mid_box_01.bmp.png
w28an_mid_door_fukuro.bmp,C:\Development\Git\Afevis-MGS2-Bugfix-Compilation\Texture Fixes\ps2 textures\OPAQUE\bp_remade\w28an_mid_door_fukuro.bmp.png
w28an_mid_door_fukuro_02.bmp,C:\Development\Git\Afevis-MGS2-Bugfix-Compilation\Texture Fixes\ps2 textures\OPAQUE\bp_remade\w28an_mid_door_fukuro_02.bmp.png
w28an_mid_door_fukuro_02a.bmp,C:\Development\Git\Afevis-MGS2-Bugfix-Compilation\Texture Fixes\ps2 textures\OPAQUE\bp_remade\w28an_mid_door_fukuro_02a.bmp.png
w28an_pipe_01.bmp,C:\Development\Git\Afevis-MGS2-Bugfix-Compilation\Texture Fixes\ps2 textures\OPAQUE\bp_remade\w28an_pipe_01.bmp.png
w28an_pipe_02.bmp,C:\Development\Git\Afevis-MGS2-Bugfix-Compilation\Texture Fixes\ps2 textures\OPAQUE\bp_remade\w28an_pipe_02.bmp.png
w28an_pp02.bmp,C:\Development\Git\Afevis-MGS2-Bugfix-Compilation\Texture Fixes\ps2 textures\OPAQUE\bp_remade\w28an_pp02.bmp.png
w28an_rouka_floor_01.bmp,C:\Development\Git\Afevis-MGS2-Bugfix-Compilation\Texture Fixes\ps2 textures\OPAQUE\bp_remade\w28an_rouka_floor_01.bmp.png
w28an_rouka_floor_02.bmp,C:\Development\Git\Afevis-MGS2-Bugfix-Compilation\Texture Fixes\ps2 textures\OPAQUE\bp_remade\w28an_rouka_floor_02.bmp.png
w28an_sdwpp00_alp_ovl.bmp,C:\Development\Git\Afevis-MGS2-Bugfix-Compilation\Texture Fixes\ps2 textures\HAS ALPHA\same sha1\w28an_sdwpp00_alp_ovl.bmp.png
w28an_tsr_bar1.bmp,C:\Development\Git\Afevis-MGS2-Bugfix-Compilation\Texture Fixes\ps2 textures\OPAQUE\bp_remade\w28an_tsr_bar1.bmp.png
w28an_wall_01.bmp,C:\Development\Git\Afevis-MGS2-Bugfix-Compilation\Texture Fixes\ps2 textures\OPAQUE\bp_remade\w28an_wall_01.bmp.png
w28an_wall_03.bmp,C:\Development\Git\Afevis-MGS2-Bugfix-Compilation\Texture Fixes\ps2 textures\OPAQUE\bp_remade\w28an_wall_03.bmp.png
w28an_wall_03b.bmp,C:\Development\Git\Afevis-MGS2-Bugfix-Compilation\Texture Fixes\ps2 textures\OPAQUE\bp_remade\w28an_wall_03b.bmp.png
w28an_wall_center_01.bmp,C:\Development\Git\Afevis-MGS2-Bugfix-Compilation\Texture Fixes\ps2 textures\OPAQUE\bp_remade\w28an_wall_center_01.bmp.png
w28an_wall_center_03.bmp,C:\Development\Git\Afevis-MGS2-Bugfix-Compilation\Texture Fixes\ps2 textures\OPAQUE\bp_remade\w28an_wall_center_03.bmp.png
w28an_wall_door_01.bmp,C:\Development\Git\Afevis-MGS2-Bugfix-Compilation\Texture Fixes\ps2 textures\OPAQUE\bp_remade\w28an_wall_door_01.bmp.png
w28an_wall_door_01a.bmp,C:\Development\Git\Afevis-MGS2-Bugfix-Compilation\Texture Fixes\ps2 textures\OPAQUE\bp_remade\w28an_wall_door_01a.bmp.png
w28an_wall_rouka_02.bmp,C:\Development\Git\Afevis-MGS2-Bugfix-Compilation\Texture Fixes\ps2 textures\OPAQUE\bp_remade\w28an_wall_rouka_02.bmp.png
w28an_wall_rouka_02b.bmp,C:\Development\Git\Afevis-MGS2-Bugfix-Compilation\Texture Fixes\ps2 textures\OPAQUE\bp_remade\w28an_wall_rouka_02b.bmp.png
w28an_wall_rouka_04.bmp,C:\Development\Git\Afevis-MGS2-Bugfix-Compilation\Texture Fixes\ps2 textures\OPAQUE\bp_remade\w28an_wall_rouka_04.bmp.png
w28an_wire_01.bmp,C:\Development\Git\Afevis-MGS2-Bugfix-Compilation\Texture Fixes\ps2 textures\OPAQUE\bp_remade\w28an_wire_01.bmp.png
w31a_box_01.bmp,C:\Development\Git\Afevis-MGS2-Bugfix-Compilation\Texture Fixes\ps2 textures\OPAQUE\bp_remade\w31a_box_01.bmp.png
w31a_box_02.bmp,C:\Development\Git\Afevis-MGS2-Bugfix-Compilation\Texture Fixes\ps2 textures\OPAQUE\bp_remade\w31a_box_02.bmp.png
w31a_cir_panel_alp_ovl_06.bmp,C:\Development\Git\Afevis-MGS2-Bugfix-Compilation\Texture Fixes\ps2 textures\HAS ALPHA\same sha1\w31a_cir_panel_alp_ovl_06.bmp.png
w31a_cir_panel_brk_02.bmp,C:\Development\Git\Afevis-MGS2-Bugfix-Compilation\Texture Fixes\ps2 textures\OPAQUE\bp_remade\w31a_cir_panel_brk_02.bmp.png
w31a_cir_panel_brk_04.bmp,C:\Development\Git\Afevis-MGS2-Bugfix-Compilation\Texture Fixes\ps2 textures\OPAQUE\bp_remade\w31a_cir_panel_brk_04.bmp.png
w31a_cir_panel_brk_05.bmp,C:\Development\Git\Afevis-MGS2-Bugfix-Compilation\Texture Fixes\ps2 textures\OPAQUE\bp_remade\w31a_cir_panel_brk_05.bmp.png
w31a_col_orange01.bmp,C:\Development\Git\Afevis-MGS2-Bugfix-Compilation\Texture Fixes\ps2 textures\OPAQUE\same sha1\w31a_col_orange01.bmp.png
w31a_denki_01.bmp,C:\Development\Git\Afevis-MGS2-Bugfix-Compilation\Texture Fixes\ps2 textures\OPAQUE\bp_remade\w31a_denki_01.bmp.png
w31a_floor_01.bmp,C:\Development\Git\Afevis-MGS2-Bugfix-Compilation\Texture Fixes\ps2 textures\OPAQUE\bp_remade\w31a_floor_01.bmp.png
w31a_floor_02.bmp,C:\Development\Git\Afevis-MGS2-Bugfix-Compilation\Texture Fixes\ps2 textures\OPAQUE\bp_remade\w31a_floor_02.bmp.png
w31a_floor_03.bmp,C:\Development\Git\Afevis-MGS2-Bugfix-Compilation\Texture Fixes\ps2 textures\OPAQUE\bp_remade\w31a_floor_03.bmp.png
w31a_floor_06.bmp,C:\Development\Git\Afevis-MGS2-Bugfix-Compilation\Texture Fixes\ps2 textures\OPAQUE\bp_remade\w31a_floor_06.bmp.png
w31a_haisen_01.bmp,C:\Development\Git\Afevis-MGS2-Bugfix-Compilation\Texture Fixes\ps2 textures\OPAQUE\same sha1\w31a_haisen_01.bmp.png
w31a_kage_alp_ovl_14.bmp,C:\Development\Git\Afevis-MGS2-Bugfix-Compilation\Texture Fixes\ps2 textures\HAS ALPHA\same sha1\w31a_kage_alp_ovl_14.bmp.png
w31a_node_areaname_alp_ovl.bmp,C:\Development\Git\Afevis-MGS2-Bugfix-Compilation\Texture Fixes\ps2 textures\HAS ALPHA\same sha1\w31a_node_areaname_alp_ovl.bmp.png
w31a_pipe.bmp,C:\Development\Git\Afevis-MGS2-Bugfix-Compilation\Texture Fixes\ps2 textures\OPAQUE\same sha1\w31a_pipe.bmp.png
w31a_pipe_05.bmp_dda00f5e2b5bd6fb22e1834c5768afda,C:\Development\Git\Afevis-MGS2-Bugfix-Compilation\Texture Fixes\ps2 textures\OPAQUE\same sha1\w31a_pipe_05.bmp_dda00f5e2b5bd6fb22e1834c5768afda.png
w31a_ref_lit_02.bmp,C:\Development\Git\Afevis-MGS2-Bugfix-Compilation\Texture Fixes\ps2 textures\OPAQUE\same sha1\w31a_ref_lit_02.bmp.png
w31a_ref_wall.bmp,C:\Development\Git\Afevis-MGS2-Bugfix-Compilation\Texture Fixes\ps2 textures\OPAQUE\same sha1\w31a_ref_wall.bmp.png
w31a_wall_01.bmp,C:\Development\Git\Afevis-MGS2-Bugfix-Compilation\Texture Fixes\ps2 textures\OPAQUE\bp_remade\w31a_wall_01.bmp.png
w31a_wall_03.bmp,C:\Development\Git\Afevis-MGS2-Bugfix-Compilation\Texture Fixes\ps2 textures\OPAQUE\bp_remade\w31a_wall_03.bmp.png
w31a_wire.bmp,C:\Development\Git\Afevis-MGS2-Bugfix-Compilation\Texture Fixes\ps2 textures\OPAQUE\same sha1\w31a_wire.bmp.png
w31b_code_01.bmp,C:\Development\Git\Afevis-MGS2-Bugfix-Compilation\Texture Fixes\ps2 textures\OPAQUE\same sha1\w31b_code_01.bmp.png
w31b_door_01.bmp,C:\Development\Git\Afevis-MGS2-Bugfix-Compilation\Texture Fixes\ps2 textures\OPAQUE\bp_remade\w31b_door_01.bmp.png
w31b_dox_01.bmp,C:\Development\Git\Afevis-MGS2-Bugfix-Compilation\Texture Fixes\ps2 textures\OPAQUE\bp_remade\w31b_dox_01.bmp.png
w31b_floor_02.bmp,C:\Development\Git\Afevis-MGS2-Bugfix-Compilation\Texture Fixes\ps2 textures\OPAQUE\bp_remade\w31b_floor_02.bmp.png
w31b_pipe_05.bmp,C:\Development\Git\Afevis-MGS2-Bugfix-Compilation\Texture Fixes\ps2 textures\OPAQUE\bp_remade\w31b_pipe_05.bmp.png
w31b_pipe_06.bmp,C:\Development\Git\Afevis-MGS2-Bugfix-Compilation\Texture Fixes\ps2 textures\OPAQUE\same sha1\w31b_pipe_06.bmp.png
w31b_pipe_07.bmp,C:\Development\Git\Afevis-MGS2-Bugfix-Compilation\Texture Fixes\ps2 textures\OPAQUE\same sha1\w31b_pipe_07.bmp.png
w31b_ref_water_alp_ovl_01.bmp,C:\Development\Git\Afevis-MGS2-Bugfix-Compilation\Texture Fixes\ps2 textures\OPAQUE\same sha1\w31b_ref_water_alp_ovl_01.bmp.png
w31b_ref_water_alp_ovl_01.bmp_7b39660909c4df45b9f1df4aea837cc0,C:\Development\Git\Afevis-MGS2-Bugfix-Compilation\Texture Fixes\ps2 textures\HAS ALPHA\same sha1\w31b_ref_water_alp_ovl_01.bmp_7b39660909c4df45b9f1df4aea837cc0.png
w31b_tekkotu.bmp,C:\Development\Git\Afevis-MGS2-Bugfix-Compilation\Texture Fixes\ps2 textures\OPAQUE\same sha1\w31b_tekkotu.bmp.png
w31c0_renz_alp.bmp,C:\Development\Git\Afevis-MGS2-Bugfix-Compilation\Texture Fixes\ps2 textures\HAS ALPHA\same sha1\w31c0_renz_alp.bmp.png
w31c_blind_02.bmp,C:\Development\Git\Afevis-MGS2-Bugfix-Compilation\Texture Fixes\ps2 textures\OPAQUE\same sha1\w31c_blind_02.bmp.png
w31c_blind_03.bmp,C:\Development\Git\Afevis-MGS2-Bugfix-Compilation\Texture Fixes\ps2 textures\OPAQUE\same sha1\w31c_blind_03.bmp.png
w31c_box_05.bmp,C:\Development\Git\Afevis-MGS2-Bugfix-Compilation\Texture Fixes\ps2 textures\OPAQUE\bp_remade\w31c_box_05.bmp.png
w31c_kage_ovl_alp_20.bmp,C:\Development\Git\Afevis-MGS2-Bugfix-Compilation\Texture Fixes\ps2 textures\HAS ALPHA\same sha1\w31c_kage_ovl_alp_20.bmp.png
w31c_light_add_alp_02.bmp,C:\Development\Git\Afevis-MGS2-Bugfix-Compilation\Texture Fixes\ps2 textures\HAS ALPHA\same sha1\w31c_light_add_alp_02.bmp.png
w31c_locker_04.bmp,C:\Development\Git\Afevis-MGS2-Bugfix-Compilation\Texture Fixes\ps2 textures\OPAQUE\bp_remade\w31c_locker_04.bmp.png
w31c_mark_03_alp_add_ovl.bmp,C:\Development\Git\Afevis-MGS2-Bugfix-Compilation\Texture Fixes\ps2 textures\HAS ALPHA\same sha1\w31c_mark_03_alp_add_ovl.bmp.png
w31c_node_areaname_alp_ovl.bmp,C:\Development\Git\Afevis-MGS2-Bugfix-Compilation\Texture Fixes\ps2 textures\HAS ALPHA\same sha1\w31c_node_areaname_alp_ovl.bmp.png
w31c_plate_alp_ovl_02.bmp,C:\Development\Git\Afevis-MGS2-Bugfix-Compilation\Texture Fixes\ps2 textures\HAS ALPHA\same sha1\w31c_plate_alp_ovl_02.bmp.png
w32a_asi00.bmp,C:\Development\Git\Afevis-MGS2-Bugfix-Compilation\Texture Fixes\ps2 textures\OPAQUE\bp_remade\w32a_asi00.bmp.png
w32a_asi00a.bmp,C:\Development\Git\Afevis-MGS2-Bugfix-Compilation\Texture Fixes\ps2 textures\OPAQUE\bp_remade\w32a_asi00a.bmp.png
w32a_asi00b.bmp,C:\Development\Git\Afevis-MGS2-Bugfix-Compilation\Texture Fixes\ps2 textures\OPAQUE\bp_remade\w32a_asi00b.bmp.png
w32a_asi00c.bmp,C:\Development\Git\Afevis-MGS2-Bugfix-Compilation\Texture Fixes\ps2 textures\OPAQUE\bp_remade\w32a_asi00c.bmp.png
w32a_asi00d.bmp,C:\Development\Git\Afevis-MGS2-Bugfix-Compilation\Texture Fixes\ps2 textures\OPAQUE\bp_remade\w32a_asi00d.bmp.png
w32a_asi06.bmp,C:\Development\Git\Afevis-MGS2-Bugfix-Compilation\Texture Fixes\ps2 textures\OPAQUE\bp_remade\w32a_asi06.bmp.png
w32a_board04.bmp,C:\Development\Git\Afevis-MGS2-Bugfix-Compilation\Texture Fixes\ps2 textures\OPAQUE\bp_remade\w32a_board04.bmp.png
w32a_board04a.bmp,C:\Development\Git\Afevis-MGS2-Bugfix-Compilation\Texture Fixes\ps2 textures\OPAQUE\same sha1\w32a_board04a.bmp.png
w32a_board04b.bmp,C:\Development\Git\Afevis-MGS2-Bugfix-Compilation\Texture Fixes\ps2 textures\OPAQUE\same sha1\w32a_board04b.bmp.png
w32a_fl01.bmp,C:\Development\Git\Afevis-MGS2-Bugfix-Compilation\Texture Fixes\ps2 textures\OPAQUE\bp_remade\w32a_fl01.bmp.png
w32a_fl01a.bmp,C:\Development\Git\Afevis-MGS2-Bugfix-Compilation\Texture Fixes\ps2 textures\OPAQUE\bp_remade\w32a_fl01a.bmp.png
w32a_fl01b.bmp,C:\Development\Git\Afevis-MGS2-Bugfix-Compilation\Texture Fixes\ps2 textures\OPAQUE\bp_remade\w32a_fl01b.bmp.png
w32a_fl01c.bmp,C:\Development\Git\Afevis-MGS2-Bugfix-Compilation\Texture Fixes\ps2 textures\OPAQUE\bp_remade\w32a_fl01c.bmp.png
w32a_fl01e.bmp,C:\Development\Git\Afevis-MGS2-Bugfix-Compilation\Texture Fixes\ps2 textures\OPAQUE\bp_remade\w32a_fl01e.bmp.png
w32a_flu00a.bmp,C:\Development\Git\Afevis-MGS2-Bugfix-Compilation\Texture Fixes\ps2 textures\OPAQUE\same sha1\w32a_flu00a.bmp.png
w32a_flu00b.bmp,C:\Development\Git\Afevis-MGS2-Bugfix-Compilation\Texture Fixes\ps2 textures\OPAQUE\same sha1\w32a_flu00b.bmp.png
w32a_lad00c.bmp,C:\Development\Git\Afevis-MGS2-Bugfix-Compilation\Texture Fixes\ps2 textures\OPAQUE\same sha1\w32a_lad00c.bmp.png
w32a_lad00d.bmp,C:\Development\Git\Afevis-MGS2-Bugfix-Compilation\Texture Fixes\ps2 textures\OPAQUE\same sha1\w32a_lad00d.bmp.png
w32a_lad00e.bmp,C:\Development\Git\Afevis-MGS2-Bugfix-Compilation\Texture Fixes\ps2 textures\OPAQUE\same sha1\w32a_lad00e.bmp.png
w32a_lad00f.bmp,C:\Development\Git\Afevis-MGS2-Bugfix-Compilation\Texture Fixes\ps2 textures\OPAQUE\same sha1\w32a_lad00f.bmp.png
w32a_orange00.bmp,C:\Development\Git\Afevis-MGS2-Bugfix-Compilation\Texture Fixes\ps2 textures\OPAQUE\same sha1\w32a_orange00.bmp.png
w32a_pp02.bmp_1740c8007a612689abb7c8a3139f35d1,C:\Development\Git\Afevis-MGS2-Bugfix-Compilation\Texture Fixes\ps2 textures\OPAQUE\bp_remade\w32a_pp02.bmp_1740c8007a612689abb7c8a3139f35d1.png
w32a_pp02a.bmp,C:\Development\Git\Afevis-MGS2-Bugfix-Compilation\Texture Fixes\ps2 textures\OPAQUE\same sha1\w32a_pp02a.bmp.png
w32a_pp02a.bmp_f04b2f338b30c64c7690c44f5e5cbc4f,C:\Development\Git\Afevis-MGS2-Bugfix-Compilation\Texture Fixes\ps2 textures\OPAQUE\bp_remade\w32a_pp02a.bmp_f04b2f338b30c64c7690c44f5e5cbc4f.png
w32a_pp03a.bmp,C:\Development\Git\Afevis-MGS2-Bugfix-Compilation\Texture Fixes\ps2 textures\OPAQUE\same sha1\w32a_pp03a.bmp.png
w32a_pp03a.bmp_948505e760d2eb64915a2546228b8649,C:\Development\Git\Afevis-MGS2-Bugfix-Compilation\Texture Fixes\ps2 textures\OPAQUE\bp_remade\w32a_pp03a.bmp_948505e760d2eb64915a2546228b8649.png
w32a_pp04.bmp,C:\Development\Git\Afevis-MGS2-Bugfix-Compilation\Texture Fixes\ps2 textures\OPAQUE\same sha1\w32a_pp04.bmp.png
w32a_pp04.bmp_9c8c7896da217b36139c243efc239b2c,C:\Development\Git\Afevis-MGS2-Bugfix-Compilation\Texture Fixes\ps2 textures\OPAQUE\same sha1\w32a_pp04.bmp_9c8c7896da217b36139c243efc239b2c.png
w32a_sdw00_alp_ovl.bmp,C:\Development\Git\Afevis-MGS2-Bugfix-Compilation\Texture Fixes\ps2 textures\HAS ALPHA\same sha1\w32a_sdw00_alp_ovl.bmp.png
w32a_sdw00a_alp_ovl.bmp,C:\Development\Git\Afevis-MGS2-Bugfix-Compilation\Texture Fixes\ps2 textures\HAS ALPHA\same sha1\w32a_sdw00a_alp_ovl.bmp.png
w32a_sdw00b_alp_ovl.bmp,C:\Development\Git\Afevis-MGS2-Bugfix-Compilation\Texture Fixes\ps2 textures\HAS ALPHA\same sha1\w32a_sdw00b_alp_ovl.bmp.png
w32a_sign00.bmp,C:\Development\Git\Afevis-MGS2-Bugfix-Compilation\Texture Fixes\ps2 textures\OPAQUE\bp_remade\w32a_sign00.bmp.png
w32a_sk00a.bmp,C:\Development\Git\Afevis-MGS2-Bugfix-Compilation\Texture Fixes\ps2 textures\OPAQUE\same sha1\w32a_sk00a.bmp.png
w32a_sk00b.bmp,C:\Development\Git\Afevis-MGS2-Bugfix-Compilation\Texture Fixes\ps2 textures\OPAQUE\same sha1\w32a_sk00b.bmp.png
w32a_tnk00c.bmp,C:\Development\Git\Afevis-MGS2-Bugfix-Compilation\Texture Fixes\ps2 textures\OPAQUE\same sha1\w32a_tnk00c.bmp.png
w32a_tnk00c.bmp_7c49b79a58292e5ae83f9aca9ef4fc8e,C:\Development\Git\Afevis-MGS2-Bugfix-Compilation\Texture Fixes\ps2 textures\OPAQUE\same sha1\w32a_tnk00c.bmp_7c49b79a58292e5ae83f9aca9ef4fc8e.png
w32a_tnk00e.bmp,C:\Development\Git\Afevis-MGS2-Bugfix-Compilation\Texture Fixes\ps2 textures\OPAQUE\same sha1\w32a_tnk00e.bmp.png
w32a_uki.bmp,C:\Development\Git\Afevis-MGS2-Bugfix-Compilation\Texture Fixes\ps2 textures\OPAQUE\same sha1\w32a_uki.bmp.png
w32a_w02.bmp,C:\Development\Git\Afevis-MGS2-Bugfix-Compilation\Texture Fixes\ps2 textures\OPAQUE\bp_remade\w32a_w02.bmp.png
w41a_dr2.bmp,C:\Development\Git\Afevis-MGS2-Bugfix-Compilation\Texture Fixes\ps2 textures\OPAQUE\bp_remade\w41a_dr2.bmp.png
w41a_fou.bmp,C:\Development\Git\Afevis-MGS2-Bugfix-Compilation\Texture Fixes\ps2 textures\OPAQUE\same sha1\w41a_fou.bmp.png
w41a_go_02.bmp,C:\Development\Git\Afevis-MGS2-Bugfix-Compilation\Texture Fixes\ps2 textures\OPAQUE\bp_remade\w41a_go_02.bmp.png
w41a_kansut_top.bmp,C:\Development\Git\Afevis-MGS2-Bugfix-Compilation\Texture Fixes\ps2 textures\OPAQUE\same sha1\w41a_kansut_top.bmp.png
w41a_uwall1.bmp,C:\Development\Git\Afevis-MGS2-Bugfix-Compilation\Texture Fixes\ps2 textures\OPAQUE\same sha1\w41a_uwall1.bmp.png
w41a_wallms_alp_ovl1.bmp,C:\Development\Git\Afevis-MGS2-Bugfix-Compilation\Texture Fixes\ps2 textures\HAS ALPHA\same sha1\w41a_wallms_alp_ovl1.bmp.png
w42a_1f_box_01_top.bmp_80244e81becddb60d74eb9908adbdbd3,C:\Development\Git\Afevis-MGS2-Bugfix-Compilation\Texture Fixes\ps2 textures\OPAQUE\bp_remade\w42a_1f_box_01_top.bmp_80244e81becddb60d74eb9908adbdbd3.png
w42a_1f_box_dai_top.bmp,C:\Development\Git\Afevis-MGS2-Bugfix-Compilation\Texture Fixes\ps2 textures\OPAQUE\same sha1\w42a_1f_box_dai_top.bmp.png
w42a_ceil_lit2_alp_ovl.bmp,C:\Development\Git\Afevis-MGS2-Bugfix-Compilation\Texture Fixes\ps2 textures\HAS ALPHA\same sha1\w42a_ceil_lit2_alp_ovl.bmp.png
w42a_efct_disp_05_alp_add_ovl.bmp,C:\Development\Git\Afevis-MGS2-Bugfix-Compilation\Texture Fixes\ps2 textures\HAS ALPHA\same sha1\w42a_efct_disp_05_alp_add_ovl.bmp.png
w42a_efct_disp_05_noiz_alp_add_ovl.bmp,C:\Development\Git\Afevis-MGS2-Bugfix-Compilation\Texture Fixes\ps2 textures\HAS ALPHA\same sha1\w42a_efct_disp_05_noiz_alp_add_ovl.bmp.png
w42a_efct_disp_05_scr_alp_add_ovl.bmp,C:\Development\Git\Afevis-MGS2-Bugfix-Compilation\Texture Fixes\ps2 textures\HAS ALPHA\same sha1\w42a_efct_disp_05_scr_alp_add_ovl.bmp.png
w42a_fence_top_01.bmp,C:\Development\Git\Afevis-MGS2-Bugfix-Compilation\Texture Fixes\ps2 textures\OPAQUE\same sha1\w42a_fence_top_01.bmp.png
w42a_gray.bmp,C:\Development\Git\Afevis-MGS2-Bugfix-Compilation\Texture Fixes\ps2 textures\OPAQUE\same sha1\w42a_gray.bmp.png
w42a_gray1.bmp,C:\Development\Git\Afevis-MGS2-Bugfix-Compilation\Texture Fixes\ps2 textures\OPAQUE\same sha1\w42a_gray1.bmp.png
w42a_pdray_leg1_s1.bmp,C:\Development\Git\Afevis-MGS2-Bugfix-Compilation\Texture Fixes\ps2 textures\OPAQUE\same sha1\w42a_pdray_leg1_s1.bmp.png
w42a_sdw_alp_ovl_02.bmp,C:\Development\Git\Afevis-MGS2-Bugfix-Compilation\Texture Fixes\ps2 textures\HAS ALPHA\same sha1\w42a_sdw_alp_ovl_02.bmp.png
w42a_sdw_alp_ovl_05.bmp,C:\Development\Git\Afevis-MGS2-Bugfix-Compilation\Texture Fixes\ps2 textures\HAS ALPHA\same sha1\w42a_sdw_alp_ovl_05.bmp.png
w42a_step_under.bmp,C:\Development\Git\Afevis-MGS2-Bugfix-Compilation\Texture Fixes\ps2 textures\OPAQUE\same sha1\w42a_step_under.bmp.png
w43a_efct_rbn_07_alp_add_ovl.bmp,C:\Development\Git\Afevis-MGS2-Bugfix-Compilation\Texture Fixes\ps2 textures\HAS ALPHA\same sha1\w43a_efct_rbn_07_alp_add_ovl.bmp.png
w43a_hikari_alp_add.bmp,C:\Development\Git\Afevis-MGS2-Bugfix-Compilation\Texture Fixes\ps2 textures\OPAQUE\same sha1\w43a_hikari_alp_add.bmp.png
w43a_line_alp_ovl.bmp,C:\Development\Git\Afevis-MGS2-Bugfix-Compilation\Texture Fixes\ps2 textures\HAS ALPHA\same sha1\w43a_line_alp_ovl.bmp.png
w43a_pipe_box_02.bmp,C:\Development\Git\Afevis-MGS2-Bugfix-Compilation\Texture Fixes\ps2 textures\OPAQUE\same sha1\w43a_pipe_box_02.bmp.png
w43a_wall_exit_01.bmp,C:\Development\Git\Afevis-MGS2-Bugfix-Compilation\Texture Fixes\ps2 textures\OPAQUE\bp_remade\w43a_wall_exit_01.bmp.png
w45a_door_left.bmp,C:\Development\Git\Afevis-MGS2-Bugfix-Compilation\Texture Fixes\ps2 textures\OPAQUE\bp_remade\w45a_door_left.bmp.png
w45a_door_right.bmp,C:\Development\Git\Afevis-MGS2-Bugfix-Compilation\Texture Fixes\ps2 textures\OPAQUE\bp_remade\w45a_door_right.bmp.png
w45a_floor_01.bmp,C:\Development\Git\Afevis-MGS2-Bugfix-Compilation\Texture Fixes\ps2 textures\OPAQUE\bp_remade\w45a_floor_01.bmp.png
w45a_floor_03.bmp,C:\Development\Git\Afevis-MGS2-Bugfix-Compilation\Texture Fixes\ps2 textures\OPAQUE\bp_remade\w45a_floor_03.bmp.png
w45a_fog.bmp,C:\Development\Git\Afevis-MGS2-Bugfix-Compilation\Texture Fixes\ps2 textures\OPAQUE\same sha1\w45a_fog.bmp.png
w45a_hasigo_01.bmp,C:\Development\Git\Afevis-MGS2-Bugfix-Compilation\Texture Fixes\ps2 textures\OPAQUE\same sha1\w45a_hasigo_01.bmp.png
w45a_tesuri_pole_02.bmp,C:\Development\Git\Afevis-MGS2-Bugfix-Compilation\Texture Fixes\ps2 textures\OPAQUE\same sha1\w45a_tesuri_pole_02.bmp.png
w45a_wall_grade_alp_ovl.bmp,C:\Development\Git\Afevis-MGS2-Bugfix-Compilation\Texture Fixes\ps2 textures\HAS ALPHA\same sha1\w45a_wall_grade_alp_ovl.bmp.png
w51a_ray_shadow_alp_ovl.bmp,C:\Development\Git\Afevis-MGS2-Bugfix-Compilation\Texture Fixes\ps2 textures\HAS ALPHA\same sha1\w51a_ray_shadow_alp_ovl.bmp.png
w51a_seacolor_01.bmp,C:\Development\Git\Afevis-MGS2-Bugfix-Compilation\Texture Fixes\ps2 textures\OPAQUE\same sha1\w51a_seacolor_01.bmp.png
w51a_seacolor_04_alp_ovl.bmp,C:\Development\Git\Afevis-MGS2-Bugfix-Compilation\Texture Fixes\ps2 textures\HAS ALPHA\same sha1\w51a_seacolor_04_alp_ovl.bmp.png
w60a_anntenasaki.bmp,C:\Development\Git\Afevis-MGS2-Bugfix-Compilation\Texture Fixes\ps2 textures\OPAQUE\same sha1\w60a_anntenasaki.bmp.png
w60a_antena_01.bmp,C:\Development\Git\Afevis-MGS2-Bugfix-Compilation\Texture Fixes\ps2 textures\OPAQUE\same sha1\w60a_antena_01.bmp.png
w60a_bill_a38_1.bmp,C:\Development\Git\Afevis-MGS2-Bugfix-Compilation\Texture Fixes\ps2 textures\OPAQUE\same sha1\w60a_bill_a38_1.bmp.png
w60a_brdg_02_alp_ovl.bmp,C:\Development\Git\Afevis-MGS2-Bugfix-Compilation\Texture Fixes\ps2 textures\HAS ALPHA\same sha1\w60a_brdg_02_alp_ovl.bmp.png
w60a_brdg_03.bmp,C:\Development\Git\Afevis-MGS2-Bugfix-Compilation\Texture Fixes\ps2 textures\OPAQUE\same sha1\w60a_brdg_03.bmp.png
w60a_jimen_01.bmp,C:\Development\Git\Afevis-MGS2-Bugfix-Compilation\Texture Fixes\ps2 textures\OPAQUE\same sha1\w60a_jimen_01.bmp.png
w60a_jimen_map_01_1.bmp,C:\Development\Git\Afevis-MGS2-Bugfix-Compilation\Texture Fixes\ps2 textures\OPAQUE\same sha1\w60a_jimen_map_01_1.bmp.png
w60a_jimen_map_01_1.bmp_0134fd0c954661c491364c88c507003b,C:\Development\Git\Afevis-MGS2-Bugfix-Compilation\Texture Fixes\ps2 textures\OPAQUE\same sha1\w60a_jimen_map_01_1.bmp_0134fd0c954661c491364c88c507003b.png
w60a_jimen_map_01_2.bmp,C:\Development\Git\Afevis-MGS2-Bugfix-Compilation\Texture Fixes\ps2 textures\OPAQUE\same sha1\w60a_jimen_map_01_2.bmp.png
w60a_jimen_map_01_2.bmp_3085b392c1811c615ec352c1b0151eed,C:\Development\Git\Afevis-MGS2-Bugfix-Compilation\Texture Fixes\ps2 textures\OPAQUE\same sha1\w60a_jimen_map_01_2.bmp_3085b392c1811c615ec352c1b0151eed.png
w60a_kowareyogosi_01_alp_ovl.bmp,C:\Development\Git\Afevis-MGS2-Bugfix-Compilation\Texture Fixes\ps2 textures\HAS ALPHA\same sha1\w60a_kowareyogosi_01_alp_ovl.bmp.png
w60a_kowareyogosi_02_alp_ovl.bmp,C:\Development\Git\Afevis-MGS2-Bugfix-Compilation\Texture Fixes\ps2 textures\HAS ALPHA\same sha1\w60a_kowareyogosi_02_alp_ovl.bmp.png
w60a_madoakari_01_alp_ovl.bmp,C:\Development\Git\Afevis-MGS2-Bugfix-Compilation\Texture Fixes\ps2 textures\HAS ALPHA\same sha1\w60a_madoakari_01_alp_ovl.bmp.png
w60a_seacolor_b01.bmp,C:\Development\Git\Afevis-MGS2-Bugfix-Compilation\Texture Fixes\ps2 textures\OPAQUE\same sha1\w60a_seacolor_b01.bmp.png
w60a_seacolor_b02_alp_ovl.bmp,C:\Development\Git\Afevis-MGS2-Bugfix-Compilation\Texture Fixes\ps2 textures\HAS ALPHA\same sha1\w60a_seacolor_b02_alp_ovl.bmp.png
w60a_seacolor_b03.bmp,C:\Development\Git\Afevis-MGS2-Bugfix-Compilation\Texture Fixes\ps2 textures\OPAQUE\same sha1\w60a_seacolor_b03.bmp.png
w60a_sky_b01_alp_ovl.bmp,C:\Development\Git\Afevis-MGS2-Bugfix-Compilation\Texture Fixes\ps2 textures\HAS ALPHA\same sha1\w60a_sky_b01_alp_ovl.bmp.png
w60a_tree_01_alp_ovl.bmp,C:\Development\Git\Afevis-MGS2-Bugfix-Compilation\Texture Fixes\ps2 textures\HAS ALPHA\same sha1\w60a_tree_01_alp_ovl.bmp.png
w60a_tree_02_alp_ovl.bmp,C:\Development\Git\Afevis-MGS2-Bugfix-Compilation\Texture Fixes\ps2 textures\HAS ALPHA\same sha1\w60a_tree_02_alp_ovl.bmp.png
w61a_bil7_wall1.bmp,C:\Development\Git\Afevis-MGS2-Bugfix-Compilation\Texture Fixes\ps2 textures\OPAQUE\bp_remade\w61a_bil7_wall1.bmp.png
w61a_bil7_wall4_brk.bmp,C:\Development\Git\Afevis-MGS2-Bugfix-Compilation\Texture Fixes\ps2 textures\OPAQUE\bp_remade\w61a_bil7_wall4_brk.bmp.png
w61a_bill10_wall1.bmp,C:\Development\Git\Afevis-MGS2-Bugfix-Compilation\Texture Fixes\ps2 textures\OPAQUE\same sha1\w61a_bill10_wall1.bmp.png
w61a_bill11_wall1.bmp,C:\Development\Git\Afevis-MGS2-Bugfix-Compilation\Texture Fixes\ps2 textures\OPAQUE\same sha1\w61a_bill11_wall1.bmp.png
w61a_crack_temp1.bmp,C:\Development\Git\Afevis-MGS2-Bugfix-Compilation\Texture Fixes\ps2 textures\OPAQUE\same sha1\w61a_crack_temp1.bmp.png
w61a_crack_temp2.bmp,C:\Development\Git\Afevis-MGS2-Bugfix-Compilation\Texture Fixes\ps2 textures\OPAQUE\same sha1\w61a_crack_temp2.bmp.png
w61a_douro.bmp,C:\Development\Git\Afevis-MGS2-Bugfix-Compilation\Texture Fixes\ps2 textures\OPAQUE\bp_remade\w61a_douro.bmp.png
w61a_douro_post.bmp,C:\Development\Git\Afevis-MGS2-Bugfix-Compilation\Texture Fixes\ps2 textures\OPAQUE\same sha1\w61a_douro_post.bmp.png
w61a_douro_post_t1.bmp,C:\Development\Git\Afevis-MGS2-Bugfix-Compilation\Texture Fixes\ps2 textures\OPAQUE\same sha1\w61a_douro_post_t1.bmp.png
w61a_flag_pole1.bmp,C:\Development\Git\Afevis-MGS2-Bugfix-Compilation\Texture Fixes\ps2 textures\OPAQUE\same sha1\w61a_flag_pole1.bmp.png
w61a_grn_ami.bmp,C:\Development\Git\Afevis-MGS2-Bugfix-Compilation\Texture Fixes\ps2 textures\OPAQUE\bp_remade\w61a_grn_ami.bmp.png
w61a_hodou1.bmp,C:\Development\Git\Afevis-MGS2-Bugfix-Compilation\Texture Fixes\ps2 textures\OPAQUE\bp_remade\w61a_hodou1.bmp.png
w61a_jeorge_dai.bmp,C:\Development\Git\Afevis-MGS2-Bugfix-Compilation\Texture Fixes\ps2 textures\OPAQUE\bp_remade\w61a_jeorge_dai.bmp.png
w61a_kanban1.bmp,C:\Development\Git\Afevis-MGS2-Bugfix-Compilation\Texture Fixes\ps2 textures\OPAQUE\same sha1\w61a_kanban1.bmp.png
w61a_oth_kuuchoubox.bmp,C:\Development\Git\Afevis-MGS2-Bugfix-Compilation\Texture Fixes\ps2 textures\OPAQUE\same sha1\w61a_oth_kuuchoubox.bmp.png
w61a_pillar1.bmp,C:\Development\Git\Afevis-MGS2-Bugfix-Compilation\Texture Fixes\ps2 textures\OPAQUE\bp_remade\w61a_pillar1.bmp.png
w61a_saku1_alp.bmp,C:\Development\Git\Afevis-MGS2-Bugfix-Compilation\Texture Fixes\ps2 textures\HAS ALPHA\same sha1\w61a_saku1_alp.bmp.png
w61a_step1.bmp,C:\Development\Git\Afevis-MGS2-Bugfix-Compilation\Texture Fixes\ps2 textures\OPAQUE\same sha1\w61a_step1.bmp.png
w61a_step_saku.bmp,C:\Development\Git\Afevis-MGS2-Bugfix-Compilation\Texture Fixes\ps2 textures\OPAQUE\same sha1\w61a_step_saku.bmp.png
w61a_stepwall2_f1.bmp,C:\Development\Git\Afevis-MGS2-Bugfix-Compilation\Texture Fixes\ps2 textures\OPAQUE\same sha1\w61a_stepwall2_f1.bmp.png
w61a_tank1_s1.bmp,C:\Development\Git\Afevis-MGS2-Bugfix-Compilation\Texture Fixes\ps2 textures\OPAQUE\same sha1\w61a_tank1_s1.bmp.png
w61a_tank1_t1.bmp,C:\Development\Git\Afevis-MGS2-Bugfix-Compilation\Texture Fixes\ps2 textures\OPAQUE\same sha1\w61a_tank1_t1.bmp.png
w61a_tempshad_alp_ovl.bmp,C:\Development\Git\Afevis-MGS2-Bugfix-Compilation\Texture Fixes\ps2 textures\HAS ALPHA\same sha1\w61a_tempshad_alp_ovl.bmp.png
w61a_tree_alp.bmp,C:\Development\Git\Afevis-MGS2-Bugfix-Compilation\Texture Fixes\ps2 textures\HAS ALPHA\same sha1\w61a_tree_alp.bmp.png
w61a_wbill4_wall1.bmp,C:\Development\Git\Afevis-MGS2-Bugfix-Compilation\Texture Fixes\ps2 textures\OPAQUE\same sha1\w61a_wbill4_wall1.bmp.png
w62a_bill_b01.bmp,C:\Development\Git\Afevis-MGS2-Bugfix-Compilation\Texture Fixes\ps2 textures\OPAQUE\same sha1\w62a_bill_b01.bmp.png
w62a_bill_b02.bmp,C:\Development\Git\Afevis-MGS2-Bugfix-Compilation\Texture Fixes\ps2 textures\OPAQUE\same sha1\w62a_bill_b02.bmp.png
w62a_bill_e01.bmp,C:\Development\Git\Afevis-MGS2-Bugfix-Compilation\Texture Fixes\ps2 textures\OPAQUE\same sha1\w62a_bill_e01.bmp.png
w62a_bill_e02.bmp,C:\Development\Git\Afevis-MGS2-Bugfix-Compilation\Texture Fixes\ps2 textures\OPAQUE\same sha1\w62a_bill_e02.bmp.png
w62a_bill_e03.bmp,C:\Development\Git\Afevis-MGS2-Bugfix-Compilation\Texture Fixes\ps2 textures\OPAQUE\same sha1\w62a_bill_e03.bmp.png
w62a_bill_e04.bmp,C:\Development\Git\Afevis-MGS2-Bugfix-Compilation\Texture Fixes\ps2 textures\OPAQUE\same sha1\w62a_bill_e04.bmp.png
w62a_bill_e05.bmp,C:\Development\Git\Afevis-MGS2-Bugfix-Compilation\Texture Fixes\ps2 textures\OPAQUE\same sha1\w62a_bill_e05.bmp.png
w62a_bill_h1.bmp,C:\Development\Git\Afevis-MGS2-Bugfix-Compilation\Texture Fixes\ps2 textures\OPAQUE\bp_remade\w62a_bill_h1.bmp.png
w62a_bill_j02.bmp,C:\Development\Git\Afevis-MGS2-Bugfix-Compilation\Texture Fixes\ps2 textures\OPAQUE\same sha1\w62a_bill_j02.bmp.png
w62a_bill_m01.bmp,C:\Development\Git\Afevis-MGS2-Bugfix-Compilation\Texture Fixes\ps2 textures\OPAQUE\same sha1\w62a_bill_m01.bmp.png
w62a_bill_m02.bmp,C:\Development\Git\Afevis-MGS2-Bugfix-Compilation\Texture Fixes\ps2 textures\OPAQUE\same sha1\w62a_bill_m02.bmp.png
w62a_bill_n01.bmp,C:\Development\Git\Afevis-MGS2-Bugfix-Compilation\Texture Fixes\ps2 textures\OPAQUE\same sha1\w62a_bill_n01.bmp.png
w62a_car_01_2.bmp,C:\Development\Git\Afevis-MGS2-Bugfix-Compilation\Texture Fixes\ps2 textures\OPAQUE\same sha1\w62a_car_01_2.bmp.png
w62a_car_s2.bmp,C:\Development\Git\Afevis-MGS2-Bugfix-Compilation\Texture Fixes\ps2 textures\OPAQUE\same sha1\w62a_car_s2.bmp.png
w62a_douro_01.bmp,C:\Development\Git\Afevis-MGS2-Bugfix-Compilation\Texture Fixes\ps2 textures\OPAQUE\same sha1\w62a_douro_01.bmp.png
w62a_gaitou_a01.bmp,C:\Development\Git\Afevis-MGS2-Bugfix-Compilation\Texture Fixes\ps2 textures\OPAQUE\same sha1\w62a_gaitou_a01.bmp.png
w62a_gaitou_a02.bmp,C:\Development\Git\Afevis-MGS2-Bugfix-Compilation\Texture Fixes\ps2 textures\OPAQUE\same sha1\w62a_gaitou_a02.bmp.png
w62a_gareki_a01.bmp,C:\Development\Git\Afevis-MGS2-Bugfix-Compilation\Texture Fixes\ps2 textures\OPAQUE\same sha1\w62a_gareki_a01.bmp.png
w62a_gareki_a02_alp_ovl.bmp,C:\Development\Git\Afevis-MGS2-Bugfix-Compilation\Texture Fixes\ps2 textures\HAS ALPHA\same sha1\w62a_gareki_a02_alp_ovl.bmp.png
w62a_hyousiki_03.bmp,C:\Development\Git\Afevis-MGS2-Bugfix-Compilation\Texture Fixes\ps2 textures\OPAQUE\same sha1\w62a_hyousiki_03.bmp.png
w62a_hyousikiura_01.bmp,C:\Development\Git\Afevis-MGS2-Bugfix-Compilation\Texture Fixes\ps2 textures\OPAQUE\same sha1\w62a_hyousikiura_01.bmp.png
w62a_kage_a01_alp_ovl.bmp,C:\Development\Git\Afevis-MGS2-Bugfix-Compilation\Texture Fixes\ps2 textures\HAS ALPHA\same sha1\w62a_kage_a01_alp_ovl.bmp.png
w62a_kage_a02_alp_ovl.bmp,C:\Development\Git\Afevis-MGS2-Bugfix-Compilation\Texture Fixes\ps2 textures\HAS ALPHA\same sha1\w62a_kage_a02_alp_ovl.bmp.png
w62a_tree_02_alp.bmp,C:\Development\Git\Afevis-MGS2-Bugfix-Compilation\Texture Fixes\ps2 textures\HAS ALPHA\same sha1\w62a_tree_02_alp.bmp.png
w62a_tree_02_alp.bmp_87637e31e6c9f72dc7a1e4be4db17ed5,C:\Development\Git\Afevis-MGS2-Bugfix-Compilation\Texture Fixes\ps2 textures\HAS ALPHA\same sha1\w62a_tree_02_alp.bmp_87637e31e6c9f72dc7a1e4be4db17ed5.png
w62a_tree_nemoto_01.bmp,C:\Development\Git\Afevis-MGS2-Bugfix-Compilation\Texture Fixes\ps2 textures\OPAQUE\same sha1\w62a_tree_nemoto_01.bmp.png
w_bonbori.bmp,C:\Development\Git\Afevis-MGS2-Bugfix-Compilation\Texture Fixes\ps2 textures\OPAQUE\same sha1\w_bonbori.bmp.png
wa_pi_t.bmp,C:\Development\Git\Afevis-MGS2-Bugfix-Compilation\Texture Fixes\ps2 textures\OPAQUE\same sha1\wa_pi_t.bmp.png
wall_hahen.bmp,C:\Development\Git\Afevis-MGS2-Bugfix-Compilation\Texture Fixes\ps2 textures\OPAQUE\same sha1\wall_hahen.bmp.png
wall_marker1_add_alp.bmp,C:\Development\Git\Afevis-MGS2-Bugfix-Compilation\Texture Fixes\ps2 textures\HAS ALPHA\same sha1\wall_marker1_add_alp.bmp.png
wall_marker2_add_alp.bmp,C:\Development\Git\Afevis-MGS2-Bugfix-Compilation\Texture Fixes\ps2 textures\HAS ALPHA\same sha1\wall_marker2_add_alp.bmp.png
wall_normal.bmp,C:\Development\Git\Afevis-MGS2-Bugfix-Compilation\Texture Fixes\ps2 textures\OPAQUE\same sha1\wall_normal.bmp.png
wall_u_ha.bmp,C:\Development\Git\Afevis-MGS2-Bugfix-Compilation\Texture Fixes\ps2 textures\OPAQUE\same sha1\wall_u_ha.bmp.png
wall_u_ka.bmp,C:\Development\Git\Afevis-MGS2-Bugfix-Compilation\Texture Fixes\ps2 textures\OPAQUE\same sha1\wall_u_ka.bmp.png
wall_u_su.bmp,C:\Development\Git\Afevis-MGS2-Bugfix-Compilation\Texture Fixes\ps2 textures\OPAQUE\same sha1\wall_u_su.bmp.png
walllc1_sh2.bmp,C:\Development\Git\Afevis-MGS2-Bugfix-Compilation\Texture Fixes\ps2 textures\OPAQUE\bp_remade\walllc1_sh2.bmp.png
walllc1a.bmp,C:\Development\Git\Afevis-MGS2-Bugfix-Compilation\Texture Fixes\ps2 textures\OPAQUE\bp_remade\walllc1a.bmp.png
walllc1a2a.bmp,C:\Development\Git\Afevis-MGS2-Bugfix-Compilation\Texture Fixes\ps2 textures\OPAQUE\bp_remade\walllc1a2a.bmp.png
walllc1b.bmp,C:\Development\Git\Afevis-MGS2-Bugfix-Compilation\Texture Fixes\ps2 textures\OPAQUE\bp_remade\walllc1b.bmp.png
water_reflection_alp_01.bmp,C:\Development\Git\Afevis-MGS2-Bugfix-Compilation\Texture Fixes\ps2 textures\HAS ALPHA\same sha1\water_reflection_alp_01.bmp.png
water_reflection_alp_02.bmp,C:\Development\Git\Afevis-MGS2-Bugfix-Compilation\Texture Fixes\ps2 textures\HAS ALPHA\same sha1\water_reflection_alp_02.bmp.png
waterflow01_alp.bmp,C:\Development\Git\Afevis-MGS2-Bugfix-Compilation\Texture Fixes\ps2 textures\HAS ALPHA\same sha1\waterflow01_alp.bmp.png
waterflow02_alp.bmp,C:\Development\Git\Afevis-MGS2-Bugfix-Compilation\Texture Fixes\ps2 textures\HAS ALPHA\same sha1\waterflow02_alp.bmp.png
waterflow03_alp.bmp,C:\Development\Git\Afevis-MGS2-Bugfix-Compilation\Texture Fixes\ps2 textures\HAS ALPHA\same sha1\waterflow03_alp.bmp.png
watermelon01_alp.bmp,C:\Development\Git\Afevis-MGS2-Bugfix-Compilation\Texture Fixes\ps2 textures\HAS ALPHA\same sha1\watermelon01_alp.bmp.png
wave06.bmp,C:\Development\Git\Afevis-MGS2-Bugfix-Compilation\Texture Fixes\ps2 textures\OPAQUE\bp_remade\wave06.bmp.png
wave06long1.bmp,C:\Development\Git\Afevis-MGS2-Bugfix-Compilation\Texture Fixes\ps2 textures\OPAQUE\bp_remade\wave06long1.bmp.png
wave06long2.bmp,C:\Development\Git\Afevis-MGS2-Bugfix-Compilation\Texture Fixes\ps2 textures\OPAQUE\same sha1\wave06long2.bmp.png
wave07.bmp,C:\Development\Git\Afevis-MGS2-Bugfix-Compilation\Texture Fixes\ps2 textures\HAS ALPHA\same sha1\wave07.bmp.png
wave09_alp_ovl.bmp,C:\Development\Git\Afevis-MGS2-Bugfix-Compilation\Texture Fixes\ps2 textures\HAS ALPHA\same sha1\wave09_alp_ovl.bmp.png
wave12_alp_ovl.bmp,C:\Development\Git\Afevis-MGS2-Bugfix-Compilation\Texture Fixes\ps2 textures\HAS ALPHA\same sha1\wave12_alp_ovl.bmp.png
wep_muzzle.bmp,C:\Development\Git\Afevis-MGS2-Bugfix-Compilation\Texture Fixes\ps2 textures\OPAQUE\same sha1\wep_muzzle.bmp.png
wig1_alp_ovl.bmp,C:\Development\Git\Afevis-MGS2-Bugfix-Compilation\Texture Fixes\ps2 textures\HAS ALPHA\bp_remade\no_mip_fixes\ui\wig1_alp_ovl.bmp.png
wig2_alp_ovl.bmp,C:\Development\Git\Afevis-MGS2-Bugfix-Compilation\Texture Fixes\ps2 textures\HAS ALPHA\bp_remade\no_mip_fixes\ui\wig2_alp_ovl.bmp.png
wind01.bmp,C:\Development\Git\Afevis-MGS2-Bugfix-Compilation\Texture Fixes\ps2 textures\OPAQUE\same sha1\wind01.bmp.png
wine_liq_5half.bmp,C:\Development\Git\Afevis-MGS2-Bugfix-Compilation\Texture Fixes\ps2 textures\OPAQUE\same sha1\wine_liq_5half.bmp.png
wine_liq_5half.bmp_470e6303001bbe540b7339c693e43115,C:\Development\Git\Afevis-MGS2-Bugfix-Compilation\Texture Fixes\ps2 textures\OPAQUE\same sha1\wine_liq_5half.bmp_470e6303001bbe540b7339c693e43115.png
wine_liq_ovl_mod1120_emap.bmp,C:\Development\Git\Afevis-MGS2-Bugfix-Compilation\Texture Fixes\ps2 textures\OPAQUE\same sha1\wine_liq_ovl_mod1120_emap.bmp.png
wire_alp.bmp,C:\Development\Git\Afevis-MGS2-Bugfix-Compilation\Texture Fixes\ps2 textures\HAS ALPHA\same sha1\wire_alp.bmp.png
wpb_alp_ovl.bmp,C:\Development\Git\Afevis-MGS2-Bugfix-Compilation\Texture Fixes\ps2 textures\HAS ALPHA\bp_remade\no_mip_fixes\ui\wpb_alp_ovl.bmp.png
wrain01_add_alp_ovl.bmp,C:\Development\Git\Afevis-MGS2-Bugfix-Compilation\Texture Fixes\ps2 textures\HAS ALPHA\same sha1\wrain01_add_alp_ovl.bmp.png
wrain02_add_alp_ovl.bmp,C:\Development\Git\Afevis-MGS2-Bugfix-Compilation\Texture Fixes\ps2 textures\HAS ALPHA\same sha1\wrain02_add_alp_ovl.bmp.png
wrain03_add_alp_ovl.bmp,C:\Development\Git\Afevis-MGS2-Bugfix-Compilation\Texture Fixes\ps2 textures\HAS ALPHA\same sha1\wrain03_add_alp_ovl.bmp.png
wrain04_add_alp_ovl.bmp,C:\Development\Git\Afevis-MGS2-Bugfix-Compilation\Texture Fixes\ps2 textures\HAS ALPHA\same sha1\wrain04_add_alp_ovl.bmp.png
wrain05_add_alp_ovl.bmp,C:\Development\Git\Afevis-MGS2-Bugfix-Compilation\Texture Fixes\ps2 textures\HAS ALPHA\same sha1\wrain05_add_alp_ovl.bmp.png
wrain06_add_alp_ovl.bmp,C:\Development\Git\Afevis-MGS2-Bugfix-Compilation\Texture Fixes\ps2 textures\HAS ALPHA\same sha1\wrain06_add_alp_ovl.bmp.png
wrench02_test.bmp,C:\Development\Git\Afevis-MGS2-Bugfix-Compilation\Texture Fixes\ps2 textures\OPAQUE\same sha1\wrench02_test.bmp.png
wrench_bar01.bmp,C:\Development\Git\Afevis-MGS2-Bugfix-Compilation\Texture Fixes\ps2 textures\OPAQUE\same sha1\wrench_bar01.bmp.png
wrench_head01.bmp,C:\Development\Git\Afevis-MGS2-Bugfix-Compilation\Texture Fixes\ps2 textures\OPAQUE\same sha1\wrench_head01.bmp.png
ws01a_sdw13_alp_ovl.bmp,C:\Development\Git\Afevis-MGS2-Bugfix-Compilation\Texture Fixes\ps2 textures\HAS ALPHA\same sha1\ws01a_sdw13_alp_ovl.bmp.png
ws01a_sdw15_alp_ovl.bmp,C:\Development\Git\Afevis-MGS2-Bugfix-Compilation\Texture Fixes\ps2 textures\HAS ALPHA\same sha1\ws01a_sdw15_alp_ovl.bmp.png
ws01a_sdw16_alp_ovl.bmp,C:\Development\Git\Afevis-MGS2-Bugfix-Compilation\Texture Fixes\ps2 textures\HAS ALPHA\same sha1\ws01a_sdw16_alp_ovl.bmp.png
ws01a_sdw17_alp_ovl.bmp,C:\Development\Git\Afevis-MGS2-Bugfix-Compilation\Texture Fixes\ps2 textures\HAS ALPHA\same sha1\ws01a_sdw17_alp_ovl.bmp.png
ws01a_sdw18_alp_ovl.bmp,C:\Development\Git\Afevis-MGS2-Bugfix-Compilation\Texture Fixes\ps2 textures\HAS ALPHA\same sha1\ws01a_sdw18_alp_ovl.bmp.png
ws01a_sdw19_alp_ovl.bmp,C:\Development\Git\Afevis-MGS2-Bugfix-Compilation\Texture Fixes\ps2 textures\HAS ALPHA\same sha1\ws01a_sdw19_alp_ovl.bmp.png
ws01a_sdw20_alp_ovl.bmp,C:\Development\Git\Afevis-MGS2-Bugfix-Compilation\Texture Fixes\ps2 textures\HAS ALPHA\same sha1\ws01a_sdw20_alp_ovl.bmp.png
ws01a_sdw22_alp_ovl.bmp,C:\Development\Git\Afevis-MGS2-Bugfix-Compilation\Texture Fixes\ps2 textures\HAS ALPHA\same sha1\ws01a_sdw22_alp_ovl.bmp.png
ws01a_sdw23_alp_ovl.bmp,C:\Development\Git\Afevis-MGS2-Bugfix-Compilation\Texture Fixes\ps2 textures\HAS ALPHA\same sha1\ws01a_sdw23_alp_ovl.bmp.png
ws01a_sdw24_alp_ovl.bmp,C:\Development\Git\Afevis-MGS2-Bugfix-Compilation\Texture Fixes\ps2 textures\HAS ALPHA\same sha1\ws01a_sdw24_alp_ovl.bmp.png
ws01a_sdw_roof02_alp_ovl.bmp,C:\Development\Git\Afevis-MGS2-Bugfix-Compilation\Texture Fixes\ps2 textures\HAS ALPHA\same sha1\ws01a_sdw_roof02_alp_ovl.bmp.png
ws01a_sdw_roof03_alp_ovl.bmp,C:\Development\Git\Afevis-MGS2-Bugfix-Compilation\Texture Fixes\ps2 textures\HAS ALPHA\same sha1\ws01a_sdw_roof03_alp_ovl.bmp.png
ws01a_sdw_roof07_alp_ovl.bmp,C:\Development\Git\Afevis-MGS2-Bugfix-Compilation\Texture Fixes\ps2 textures\HAS ALPHA\same sha1\ws01a_sdw_roof07_alp_ovl.bmp.png
ws01a_sdw_wall02_alp_ovl.bmp,C:\Development\Git\Afevis-MGS2-Bugfix-Compilation\Texture Fixes\ps2 textures\HAS ALPHA\same sha1\ws01a_sdw_wall02_alp_ovl.bmp.png
ws01a_sdw_wall03_alp_ovl.bmp,C:\Development\Git\Afevis-MGS2-Bugfix-Compilation\Texture Fixes\ps2 textures\HAS ALPHA\same sha1\ws01a_sdw_wall03_alp_ovl.bmp.png
ws01a_sdw_wall05_alp_ovl.bmp,C:\Development\Git\Afevis-MGS2-Bugfix-Compilation\Texture Fixes\ps2 textures\HAS ALPHA\same sha1\ws01a_sdw_wall05_alp_ovl.bmp.png
ws01a_sdw_wall07_alp_ovl.bmp,C:\Development\Git\Afevis-MGS2-Bugfix-Compilation\Texture Fixes\ps2 textures\HAS ALPHA\same sha1\ws01a_sdw_wall07_alp_ovl.bmp.png
ws01a_sdw_wall08_alp_ovl.bmp,C:\Development\Git\Afevis-MGS2-Bugfix-Compilation\Texture Fixes\ps2 textures\HAS ALPHA\same sha1\ws01a_sdw_wall08_alp_ovl.bmp.png
ws01a_sdw_wall12_alp_ovl.bmp,C:\Development\Git\Afevis-MGS2-Bugfix-Compilation\Texture Fixes\ps2 textures\HAS ALPHA\same sha1\ws01a_sdw_wall12_alp_ovl.bmp.png
ws01a_sdw_wall16_alp_ovl.bmp,C:\Development\Git\Afevis-MGS2-Bugfix-Compilation\Texture Fixes\ps2 textures\HAS ALPHA\same sha1\ws01a_sdw_wall16_alp_ovl.bmp.png
ws01a_sdw_wall17_alp_ovl.bmp,C:\Development\Git\Afevis-MGS2-Bugfix-Compilation\Texture Fixes\ps2 textures\HAS ALPHA\same sha1\ws01a_sdw_wall17_alp_ovl.bmp.png
ws01a_sdw_wall20_alp_ovl.bmp,C:\Development\Git\Afevis-MGS2-Bugfix-Compilation\Texture Fixes\ps2 textures\HAS ALPHA\same sha1\ws01a_sdw_wall20_alp_ovl.bmp.png
ws01a_sdw_wall21_alp_ovl.bmp,C:\Development\Git\Afevis-MGS2-Bugfix-Compilation\Texture Fixes\ps2 textures\HAS ALPHA\same sha1\ws01a_sdw_wall21_alp_ovl.bmp.png
ws02a_sdw_alp_ovl_04.bmp,C:\Development\Git\Afevis-MGS2-Bugfix-Compilation\Texture Fixes\ps2 textures\HAS ALPHA\same sha1\ws02a_sdw_alp_ovl_04.bmp.png
ws02a_sdw_alp_ovl_08.bmp,C:\Development\Git\Afevis-MGS2-Bugfix-Compilation\Texture Fixes\ps2 textures\HAS ALPHA\same sha1\ws02a_sdw_alp_ovl_08.bmp.png
ws03a_sdw03_alp_ovl.bmp,C:\Development\Git\Afevis-MGS2-Bugfix-Compilation\Texture Fixes\ps2 textures\HAS ALPHA\same sha1\ws03a_sdw03_alp_ovl.bmp.png
ws03a_sdw04_alp_ovl.bmp,C:\Development\Git\Afevis-MGS2-Bugfix-Compilation\Texture Fixes\ps2 textures\HAS ALPHA\same sha1\ws03a_sdw04_alp_ovl.bmp.png
ws03a_sdw05_alp_ovl.bmp,C:\Development\Git\Afevis-MGS2-Bugfix-Compilation\Texture Fixes\ps2 textures\HAS ALPHA\same sha1\ws03a_sdw05_alp_ovl.bmp.png
ws03a_sdw06_alp_ovl.bmp,C:\Development\Git\Afevis-MGS2-Bugfix-Compilation\Texture Fixes\ps2 textures\HAS ALPHA\same sha1\ws03a_sdw06_alp_ovl.bmp.png
ws03a_sdw07_alp_ovl.bmp,C:\Development\Git\Afevis-MGS2-Bugfix-Compilation\Texture Fixes\ps2 textures\HAS ALPHA\same sha1\ws03a_sdw07_alp_ovl.bmp.png
ws03a_sdw08_alp_ovl.bmp,C:\Development\Git\Afevis-MGS2-Bugfix-Compilation\Texture Fixes\ps2 textures\HAS ALPHA\same sha1\ws03a_sdw08_alp_ovl.bmp.png
ws03a_sdw09_alp_ovl.bmp,C:\Development\Git\Afevis-MGS2-Bugfix-Compilation\Texture Fixes\ps2 textures\HAS ALPHA\same sha1\ws03a_sdw09_alp_ovl.bmp.png
ws03a_sdw11_alp_ovl.bmp,C:\Development\Git\Afevis-MGS2-Bugfix-Compilation\Texture Fixes\ps2 textures\HAS ALPHA\same sha1\ws03a_sdw11_alp_ovl.bmp.png
ws03a_sdw13_alp_ovl.bmp,C:\Development\Git\Afevis-MGS2-Bugfix-Compilation\Texture Fixes\ps2 textures\HAS ALPHA\same sha1\ws03a_sdw13_alp_ovl.bmp.png
ws03a_sdw18_alp_ovl.bmp,C:\Development\Git\Afevis-MGS2-Bugfix-Compilation\Texture Fixes\ps2 textures\HAS ALPHA\same sha1\ws03a_sdw18_alp_ovl.bmp.png
ws03a_sdw22_alp_ovl.bmp,C:\Development\Git\Afevis-MGS2-Bugfix-Compilation\Texture Fixes\ps2 textures\HAS ALPHA\same sha1\ws03a_sdw22_alp_ovl.bmp.png
ws03a_sdw26_alp_ovl.bmp,C:\Development\Git\Afevis-MGS2-Bugfix-Compilation\Texture Fixes\ps2 textures\HAS ALPHA\same sha1\ws03a_sdw26_alp_ovl.bmp.png
ws03a_sdw28_alp_ovl.bmp,C:\Development\Git\Afevis-MGS2-Bugfix-Compilation\Texture Fixes\ps2 textures\HAS ALPHA\same sha1\ws03a_sdw28_alp_ovl.bmp.png
ws03a_sdw29_alp_ovl.bmp,C:\Development\Git\Afevis-MGS2-Bugfix-Compilation\Texture Fixes\ps2 textures\HAS ALPHA\same sha1\ws03a_sdw29_alp_ovl.bmp.png
ws03a_sdw30_alp_ovl.bmp,C:\Development\Git\Afevis-MGS2-Bugfix-Compilation\Texture Fixes\ps2 textures\HAS ALPHA\same sha1\ws03a_sdw30_alp_ovl.bmp.png
ws03a_sdw31_alp_ovl.bmp,C:\Development\Git\Afevis-MGS2-Bugfix-Compilation\Texture Fixes\ps2 textures\HAS ALPHA\same sha1\ws03a_sdw31_alp_ovl.bmp.png
ws04a_sdw07_alp_ovl.bmp,C:\Development\Git\Afevis-MGS2-Bugfix-Compilation\Texture Fixes\ps2 textures\HAS ALPHA\same sha1\ws04a_sdw07_alp_ovl.bmp.png
ws04a_sdw09_alp_ovl.bmp,C:\Development\Git\Afevis-MGS2-Bugfix-Compilation\Texture Fixes\ps2 textures\HAS ALPHA\same sha1\ws04a_sdw09_alp_ovl.bmp.png
ws04a_sdw10_alp_ovl.bmp,C:\Development\Git\Afevis-MGS2-Bugfix-Compilation\Texture Fixes\ps2 textures\HAS ALPHA\same sha1\ws04a_sdw10_alp_ovl.bmp.png
ws04a_sdw12_alp_ovl.bmp,C:\Development\Git\Afevis-MGS2-Bugfix-Compilation\Texture Fixes\ps2 textures\HAS ALPHA\same sha1\ws04a_sdw12_alp_ovl.bmp.png
ws04a_sdw17_alp_ovl.bmp,C:\Development\Git\Afevis-MGS2-Bugfix-Compilation\Texture Fixes\ps2 textures\HAS ALPHA\same sha1\ws04a_sdw17_alp_ovl.bmp.png
ws11a_sdw02_alp_ovl.bmp,C:\Development\Git\Afevis-MGS2-Bugfix-Compilation\Texture Fixes\ps2 textures\HAS ALPHA\same sha1\ws11a_sdw02_alp_ovl.bmp.png
ws11a_sdw03c_alp_ovl.bmp,C:\Development\Git\Afevis-MGS2-Bugfix-Compilation\Texture Fixes\ps2 textures\HAS ALPHA\same sha1\ws11a_sdw03c_alp_ovl.bmp.png
ws12a_sdw00_alp_ovl.bmp,C:\Development\Git\Afevis-MGS2-Bugfix-Compilation\Texture Fixes\ps2 textures\HAS ALPHA\same sha1\ws12a_sdw00_alp_ovl.bmp.png
ws12a_sdw01_alp_ovl.bmp,C:\Development\Git\Afevis-MGS2-Bugfix-Compilation\Texture Fixes\ps2 textures\HAS ALPHA\same sha1\ws12a_sdw01_alp_ovl.bmp.png
ws12a_sdw01a_alp_ovl.bmp,C:\Development\Git\Afevis-MGS2-Bugfix-Compilation\Texture Fixes\ps2 textures\HAS ALPHA\same sha1\ws12a_sdw01a_alp_ovl.bmp.png
ws12a_sdw01b_alp_ovl.bmp,C:\Development\Git\Afevis-MGS2-Bugfix-Compilation\Texture Fixes\ps2 textures\HAS ALPHA\same sha1\ws12a_sdw01b_alp_ovl.bmp.png
ws12a_sdw02b_alp_ovl.bmp,C:\Development\Git\Afevis-MGS2-Bugfix-Compilation\Texture Fixes\ps2 textures\HAS ALPHA\same sha1\ws12a_sdw02b_alp_ovl.bmp.png
ws12a_sdw03_alp_ovl.bmp,C:\Development\Git\Afevis-MGS2-Bugfix-Compilation\Texture Fixes\ps2 textures\HAS ALPHA\same sha1\ws12a_sdw03_alp_ovl.bmp.png
ws12a_sdw03c_alp_ovl.bmp,C:\Development\Git\Afevis-MGS2-Bugfix-Compilation\Texture Fixes\ps2 textures\HAS ALPHA\same sha1\ws12a_sdw03c_alp_ovl.bmp.png
ws22a_sdw01_alp_ovl.bmp,C:\Development\Git\Afevis-MGS2-Bugfix-Compilation\Texture Fixes\ps2 textures\HAS ALPHA\same sha1\ws22a_sdw01_alp_ovl.bmp.png
ws22a_sdw02_alp_ovl.bmp,C:\Development\Git\Afevis-MGS2-Bugfix-Compilation\Texture Fixes\ps2 textures\HAS ALPHA\same sha1\ws22a_sdw02_alp_ovl.bmp.png
ws23a_sdw01_alp_ovl.bmp,C:\Development\Git\Afevis-MGS2-Bugfix-Compilation\Texture Fixes\ps2 textures\HAS ALPHA\same sha1\ws23a_sdw01_alp_ovl.bmp.png
ws23a_sdw06_alp_ovl.bmp,C:\Development\Git\Afevis-MGS2-Bugfix-Compilation\Texture Fixes\ps2 textures\HAS ALPHA\same sha1\ws23a_sdw06_alp_ovl.bmp.png
ws23a_sdw08_alp_ovl.bmp,C:\Development\Git\Afevis-MGS2-Bugfix-Compilation\Texture Fixes\ps2 textures\HAS ALPHA\same sha1\ws23a_sdw08_alp_ovl.bmp.png
ws23a_sdw10_alp_ovl.bmp,C:\Development\Git\Afevis-MGS2-Bugfix-Compilation\Texture Fixes\ps2 textures\HAS ALPHA\same sha1\ws23a_sdw10_alp_ovl.bmp.png
ws24a_sdw00_alp_ovl.bmp,C:\Development\Git\Afevis-MGS2-Bugfix-Compilation\Texture Fixes\ps2 textures\HAS ALPHA\same sha1\ws24a_sdw00_alp_ovl.bmp.png
ws24a_sdw01_alp_ovl.bmp_f9a3a73170b9e97fca22ad7498c16d4a,C:\Development\Git\Afevis-MGS2-Bugfix-Compilation\Texture Fixes\ps2 textures\HAS ALPHA\same sha1\ws24a_sdw01_alp_ovl.bmp_f9a3a73170b9e97fca22ad7498c16d4a.png
ws24a_sdw07_alp_ovl.bmp,C:\Development\Git\Afevis-MGS2-Bugfix-Compilation\Texture Fixes\ps2 textures\HAS ALPHA\same sha1\ws24a_sdw07_alp_ovl.bmp.png
ws31a_sdw0001n_alp_ovl.bmp,C:\Development\Git\Afevis-MGS2-Bugfix-Compilation\Texture Fixes\ps2 textures\HAS ALPHA\same sha1\ws31a_sdw0001n_alp_ovl.bmp.png
ws31a_sdw004n_alp_ovl.bmp,C:\Development\Git\Afevis-MGS2-Bugfix-Compilation\Texture Fixes\ps2 textures\HAS ALPHA\same sha1\ws31a_sdw004n_alp_ovl.bmp.png
ws32a_sdw03_alp_ovl.bmp,C:\Development\Git\Afevis-MGS2-Bugfix-Compilation\Texture Fixes\ps2 textures\HAS ALPHA\same sha1\ws32a_sdw03_alp_ovl.bmp.png
ws33a_shw01_alp_ovl.bmp_91e891ba70a945d350a83d50393ccd5d,C:\Development\Git\Afevis-MGS2-Bugfix-Compilation\Texture Fixes\ps2 textures\HAS ALPHA\same sha1\ws33a_shw01_alp_ovl.bmp_91e891ba70a945d350a83d50393ccd5d.png
ws34a_nsdw00_alp_ovl.bmp,C:\Development\Git\Afevis-MGS2-Bugfix-Compilation\Texture Fixes\ps2 textures\HAS ALPHA\same sha1\ws34a_nsdw00_alp_ovl.bmp.png
ws34a_nsdw01_alp_ovl.bmp,C:\Development\Git\Afevis-MGS2-Bugfix-Compilation\Texture Fixes\ps2 textures\HAS ALPHA\same sha1\ws34a_nsdw01_alp_ovl.bmp.png
ws34a_sdw02_alp_ovl.bmp,C:\Development\Git\Afevis-MGS2-Bugfix-Compilation\Texture Fixes\ps2 textures\HAS ALPHA\same sha1\ws34a_sdw02_alp_ovl.bmp.png
ws34a_sdw10_alp_ovl.bmp,C:\Development\Git\Afevis-MGS2-Bugfix-Compilation\Texture Fixes\ps2 textures\HAS ALPHA\same sha1\ws34a_sdw10_alp_ovl.bmp.png
ws34a_sdw11_alp_ovl.bmp,C:\Development\Git\Afevis-MGS2-Bugfix-Compilation\Texture Fixes\ps2 textures\HAS ALPHA\same sha1\ws34a_sdw11_alp_ovl.bmp.png
ws34a_sdw12_alp_ovl.bmp,C:\Development\Git\Afevis-MGS2-Bugfix-Compilation\Texture Fixes\ps2 textures\HAS ALPHA\same sha1\ws34a_sdw12_alp_ovl.bmp.png
ws34a_sdw13_alp_ovl.bmp,C:\Development\Git\Afevis-MGS2-Bugfix-Compilation\Texture Fixes\ps2 textures\HAS ALPHA\same sha1\ws34a_sdw13_alp_ovl.bmp.png
ws34a_sdw17_alp_ovl.bmp,C:\Development\Git\Afevis-MGS2-Bugfix-Compilation\Texture Fixes\ps2 textures\HAS ALPHA\same sha1\ws34a_sdw17_alp_ovl.bmp.png
ws34a_sdw20_alp_ovl.bmp,C:\Development\Git\Afevis-MGS2-Bugfix-Compilation\Texture Fixes\ps2 textures\HAS ALPHA\same sha1\ws34a_sdw20_alp_ovl.bmp.png
ws34a_sdw21_alp_ovl.bmp,C:\Development\Git\Afevis-MGS2-Bugfix-Compilation\Texture Fixes\ps2 textures\HAS ALPHA\same sha1\ws34a_sdw21_alp_ovl.bmp.png
ws34a_sdw22_alp_ovl.bmp,C:\Development\Git\Afevis-MGS2-Bugfix-Compilation\Texture Fixes\ps2 textures\HAS ALPHA\same sha1\ws34a_sdw22_alp_ovl.bmp.png
ws34a_sdw23_alp_ovl.bmp,C:\Development\Git\Afevis-MGS2-Bugfix-Compilation\Texture Fixes\ps2 textures\HAS ALPHA\same sha1\ws34a_sdw23_alp_ovl.bmp.png
ws34a_sdw25_alp_ovl.bmp,C:\Development\Git\Afevis-MGS2-Bugfix-Compilation\Texture Fixes\ps2 textures\HAS ALPHA\same sha1\ws34a_sdw25_alp_ovl.bmp.png
ws34a_sdw26_alp_ovl.bmp,C:\Development\Git\Afevis-MGS2-Bugfix-Compilation\Texture Fixes\ps2 textures\HAS ALPHA\same sha1\ws34a_sdw26_alp_ovl.bmp.png
ws34a_sdw27_alp_ovl.bmp,C:\Development\Git\Afevis-MGS2-Bugfix-Compilation\Texture Fixes\ps2 textures\HAS ALPHA\same sha1\ws34a_sdw27_alp_ovl.bmp.png
ws34a_sdw28_alp_ovl.bmp,C:\Development\Git\Afevis-MGS2-Bugfix-Compilation\Texture Fixes\ps2 textures\HAS ALPHA\same sha1\ws34a_sdw28_alp_ovl.bmp.png
ws34a_sdw29_alp_ovl.bmp,C:\Development\Git\Afevis-MGS2-Bugfix-Compilation\Texture Fixes\ps2 textures\HAS ALPHA\same sha1\ws34a_sdw29_alp_ovl.bmp.png
ws34a_sdw30_alp_ovl.bmp,C:\Development\Git\Afevis-MGS2-Bugfix-Compilation\Texture Fixes\ps2 textures\HAS ALPHA\same sha1\ws34a_sdw30_alp_ovl.bmp.png
ws34a_sdw31_alp_ovl.bmp,C:\Development\Git\Afevis-MGS2-Bugfix-Compilation\Texture Fixes\ps2 textures\HAS ALPHA\same sha1\ws34a_sdw31_alp_ovl.bmp.png
ws34a_sdw32_alp_ovl.bmp,C:\Development\Git\Afevis-MGS2-Bugfix-Compilation\Texture Fixes\ps2 textures\HAS ALPHA\same sha1\ws34a_sdw32_alp_ovl.bmp.png
ws35a_sdw01_alp_ovl.bmp,C:\Development\Git\Afevis-MGS2-Bugfix-Compilation\Texture Fixes\ps2 textures\HAS ALPHA\same sha1\ws35a_sdw01_alp_ovl.bmp.png
ws35a_sdw05_alp_ovl.bmp,C:\Development\Git\Afevis-MGS2-Bugfix-Compilation\Texture Fixes\ps2 textures\HAS ALPHA\same sha1\ws35a_sdw05_alp_ovl.bmp.png
ws35a_sdw06_alp_ovl.bmp,C:\Development\Git\Afevis-MGS2-Bugfix-Compilation\Texture Fixes\ps2 textures\HAS ALPHA\same sha1\ws35a_sdw06_alp_ovl.bmp.png
ws35a_sdw10_alp_ovl.bmp,C:\Development\Git\Afevis-MGS2-Bugfix-Compilation\Texture Fixes\ps2 textures\HAS ALPHA\same sha1\ws35a_sdw10_alp_ovl.bmp.png
ws35a_sdw11_alp_ovl.bmp,C:\Development\Git\Afevis-MGS2-Bugfix-Compilation\Texture Fixes\ps2 textures\HAS ALPHA\same sha1\ws35a_sdw11_alp_ovl.bmp.png
ws35a_sdw12_alp_ovl.bmp,C:\Development\Git\Afevis-MGS2-Bugfix-Compilation\Texture Fixes\ps2 textures\HAS ALPHA\same sha1\ws35a_sdw12_alp_ovl.bmp.png
ws35a_sdw13_alp_ovl.bmp,C:\Development\Git\Afevis-MGS2-Bugfix-Compilation\Texture Fixes\ps2 textures\HAS ALPHA\same sha1\ws35a_sdw13_alp_ovl.bmp.png
ws35a_sdw14_alp_ovl.bmp,C:\Development\Git\Afevis-MGS2-Bugfix-Compilation\Texture Fixes\ps2 textures\HAS ALPHA\same sha1\ws35a_sdw14_alp_ovl.bmp.png
ws35a_sdw15_alp_ovl.bmp,C:\Development\Git\Afevis-MGS2-Bugfix-Compilation\Texture Fixes\ps2 textures\HAS ALPHA\same sha1\ws35a_sdw15_alp_ovl.bmp.png
ws35a_sdw16_alp_ovl.bmp,C:\Development\Git\Afevis-MGS2-Bugfix-Compilation\Texture Fixes\ps2 textures\HAS ALPHA\same sha1\ws35a_sdw16_alp_ovl.bmp.png
ws35a_sdw19_alp_ovl.bmp,C:\Development\Git\Afevis-MGS2-Bugfix-Compilation\Texture Fixes\ps2 textures\HAS ALPHA\same sha1\ws35a_sdw19_alp_ovl.bmp.png
ws41a_shw00_alp_ovl.bmp,C:\Development\Git\Afevis-MGS2-Bugfix-Compilation\Texture Fixes\ps2 textures\HAS ALPHA\same sha1\ws41a_shw00_alp_ovl.bmp.png
ws41a_shw00_alp_ovl.bmp_21d58decce3d62942420dd942a3815c3,C:\Development\Git\Afevis-MGS2-Bugfix-Compilation\Texture Fixes\ps2 textures\HAS ALPHA\same sha1\ws41a_shw00_alp_ovl.bmp_21d58decce3d62942420dd942a3815c3.png
ws41a_shw01_alp_ovl.bmp_ff2dd6eaa06d194dd339f50aa6fbbf6f,C:\Development\Git\Afevis-MGS2-Bugfix-Compilation\Texture Fixes\ps2 textures\HAS ALPHA\same sha1\ws41a_shw01_alp_ovl.bmp_ff2dd6eaa06d194dd339f50aa6fbbf6f.png
ws41a_shw05_alp_ovl.bmp,C:\Development\Git\Afevis-MGS2-Bugfix-Compilation\Texture Fixes\ps2 textures\HAS ALPHA\same sha1\ws41a_shw05_alp_ovl.bmp.png
ws41a_shw06_alp_ovl.bmp,C:\Development\Git\Afevis-MGS2-Bugfix-Compilation\Texture Fixes\ps2 textures\HAS ALPHA\same sha1\ws41a_shw06_alp_ovl.bmp.png
ws41a_shw07_alp_ovl.bmp,C:\Development\Git\Afevis-MGS2-Bugfix-Compilation\Texture Fixes\ps2 textures\HAS ALPHA\same sha1\ws41a_shw07_alp_ovl.bmp.png
ws41a_shw11_alp_ovl.bmp,C:\Development\Git\Afevis-MGS2-Bugfix-Compilation\Texture Fixes\ps2 textures\HAS ALPHA\same sha1\ws41a_shw11_alp_ovl.bmp.png
ws41a_shw12_alp_ovl.bmp,C:\Development\Git\Afevis-MGS2-Bugfix-Compilation\Texture Fixes\ps2 textures\HAS ALPHA\same sha1\ws41a_shw12_alp_ovl.bmp.png
ws43a_shw08_alp_ovl.bmp,C:\Development\Git\Afevis-MGS2-Bugfix-Compilation\Texture Fixes\ps2 textures\HAS ALPHA\same sha1\ws43a_shw08_alp_ovl.bmp.png
ws43a_shw13_alp_ovl.bmp,C:\Development\Git\Afevis-MGS2-Bugfix-Compilation\Texture Fixes\ps2 textures\HAS ALPHA\same sha1\ws43a_shw13_alp_ovl.bmp.png
ws43a_shw15_alp_ovl.bmp,C:\Development\Git\Afevis-MGS2-Bugfix-Compilation\Texture Fixes\ps2 textures\HAS ALPHA\same sha1\ws43a_shw15_alp_ovl.bmp.png
ws43a_shw20_alp_ovl.bmp,C:\Development\Git\Afevis-MGS2-Bugfix-Compilation\Texture Fixes\ps2 textures\HAS ALPHA\same sha1\ws43a_shw20_alp_ovl.bmp.png
ws43a_shw22_alp_ovl.bmp,C:\Development\Git\Afevis-MGS2-Bugfix-Compilation\Texture Fixes\ps2 textures\HAS ALPHA\same sha1\ws43a_shw22_alp_ovl.bmp.png
ws45a_nsdw00_alp_ovl.bmp,C:\Development\Git\Afevis-MGS2-Bugfix-Compilation\Texture Fixes\ps2 textures\HAS ALPHA\same sha1\ws45a_nsdw00_alp_ovl.bmp.png
ws45a_nsdw02_alp_ovl.bmp,C:\Development\Git\Afevis-MGS2-Bugfix-Compilation\Texture Fixes\ps2 textures\HAS ALPHA\same sha1\ws45a_nsdw02_alp_ovl.bmp.png
ws45a_nsdw04_alp_ovl.bmp,C:\Development\Git\Afevis-MGS2-Bugfix-Compilation\Texture Fixes\ps2 textures\HAS ALPHA\same sha1\ws45a_nsdw04_alp_ovl.bmp.png
ws45a_nsdw05_alp_ovl.bmp,C:\Development\Git\Afevis-MGS2-Bugfix-Compilation\Texture Fixes\ps2 textures\HAS ALPHA\same sha1\ws45a_nsdw05_alp_ovl.bmp.png
ws51a_sdw01_alp_ovl.bmp,C:\Development\Git\Afevis-MGS2-Bugfix-Compilation\Texture Fixes\ps2 textures\HAS ALPHA\same sha1\ws51a_sdw01_alp_ovl.bmp.png
ws51a_sdw01a_alp_ovl.bmp,C:\Development\Git\Afevis-MGS2-Bugfix-Compilation\Texture Fixes\ps2 textures\HAS ALPHA\same sha1\ws51a_sdw01a_alp_ovl.bmp.png
ws51a_sdw02_alp_ovl.bmp,C:\Development\Git\Afevis-MGS2-Bugfix-Compilation\Texture Fixes\ps2 textures\HAS ALPHA\same sha1\ws51a_sdw02_alp_ovl.bmp.png
ws52a_sdw00a_alp_ovl.bmp,C:\Development\Git\Afevis-MGS2-Bugfix-Compilation\Texture Fixes\ps2 textures\HAS ALPHA\same sha1\ws52a_sdw00a_alp_ovl.bmp.png
ws52a_sdw00c_alp_ovl.bmp,C:\Development\Git\Afevis-MGS2-Bugfix-Compilation\Texture Fixes\ps2 textures\HAS ALPHA\same sha1\ws52a_sdw00c_alp_ovl.bmp.png
ws52a_sdw01_alp_ovl.bmp,C:\Development\Git\Afevis-MGS2-Bugfix-Compilation\Texture Fixes\ps2 textures\HAS ALPHA\same sha1\ws52a_sdw01_alp_ovl.bmp.png
ws52a_sdw01a_alp_ovl.bmp,C:\Development\Git\Afevis-MGS2-Bugfix-Compilation\Texture Fixes\ps2 textures\HAS ALPHA\same sha1\ws52a_sdw01a_alp_ovl.bmp.png
ws52a_sdw01b_alp_ovl.bmp,C:\Development\Git\Afevis-MGS2-Bugfix-Compilation\Texture Fixes\ps2 textures\HAS ALPHA\same sha1\ws52a_sdw01b_alp_ovl.bmp.png
ws53a_sdw005_alp_ovl.bmp,C:\Development\Git\Afevis-MGS2-Bugfix-Compilation\Texture Fixes\ps2 textures\HAS ALPHA\same sha1\ws53a_sdw005_alp_ovl.bmp.png
ws53a_sdw006_alp_ovl.bmp,C:\Development\Git\Afevis-MGS2-Bugfix-Compilation\Texture Fixes\ps2 textures\HAS ALPHA\same sha1\ws53a_sdw006_alp_ovl.bmp.png
ws53a_sdw009_alp_ovl.bmp,C:\Development\Git\Afevis-MGS2-Bugfix-Compilation\Texture Fixes\ps2 textures\HAS ALPHA\same sha1\ws53a_sdw009_alp_ovl.bmp.png
ws53a_sdw11_alp_ovl.bmp,C:\Development\Git\Afevis-MGS2-Bugfix-Compilation\Texture Fixes\ps2 textures\HAS ALPHA\same sha1\ws53a_sdw11_alp_ovl.bmp.png
ws54a_shw00_alp_ovl.bmp,C:\Development\Git\Afevis-MGS2-Bugfix-Compilation\Texture Fixes\ps2 textures\HAS ALPHA\same sha1\ws54a_shw00_alp_ovl.bmp.png
ws54a_shw01_alp_ovl.bmp,C:\Development\Git\Afevis-MGS2-Bugfix-Compilation\Texture Fixes\ps2 textures\HAS ALPHA\same sha1\ws54a_shw01_alp_ovl.bmp.png
ws54a_shw02_alp_ovl.bmp,C:\Development\Git\Afevis-MGS2-Bugfix-Compilation\Texture Fixes\ps2 textures\HAS ALPHA\same sha1\ws54a_shw02_alp_ovl.bmp.png
ws54a_shw03_alp_ovl.bmp,C:\Development\Git\Afevis-MGS2-Bugfix-Compilation\Texture Fixes\ps2 textures\HAS ALPHA\same sha1\ws54a_shw03_alp_ovl.bmp.png
ws54a_shw04_alp_ovl.bmp,C:\Development\Git\Afevis-MGS2-Bugfix-Compilation\Texture Fixes\ps2 textures\HAS ALPHA\same sha1\ws54a_shw04_alp_ovl.bmp.png
ws54a_shw05_alp_ovl.bmp,C:\Development\Git\Afevis-MGS2-Bugfix-Compilation\Texture Fixes\ps2 textures\HAS ALPHA\same sha1\ws54a_shw05_alp_ovl.bmp.png
ws54a_shw06_alp_ovl.bmp,C:\Development\Git\Afevis-MGS2-Bugfix-Compilation\Texture Fixes\ps2 textures\HAS ALPHA\same sha1\ws54a_shw06_alp_ovl.bmp.png
ws54a_shw07_alp_ovl.bmp,C:\Development\Git\Afevis-MGS2-Bugfix-Compilation\Texture Fixes\ps2 textures\HAS ALPHA\same sha1\ws54a_shw07_alp_ovl.bmp.png
ws54a_shw08_alp_ovl.bmp,C:\Development\Git\Afevis-MGS2-Bugfix-Compilation\Texture Fixes\ps2 textures\HAS ALPHA\same sha1\ws54a_shw08_alp_ovl.bmp.png
ws54a_shw09_alp_ovl.bmp,C:\Development\Git\Afevis-MGS2-Bugfix-Compilation\Texture Fixes\ps2 textures\HAS ALPHA\same sha1\ws54a_shw09_alp_ovl.bmp.png
ws54a_shw10_alp_ovl.bmp,C:\Development\Git\Afevis-MGS2-Bugfix-Compilation\Texture Fixes\ps2 textures\HAS ALPHA\same sha1\ws54a_shw10_alp_ovl.bmp.png
ws54a_shw11_alp_ovl.bmp,C:\Development\Git\Afevis-MGS2-Bugfix-Compilation\Texture Fixes\ps2 textures\HAS ALPHA\same sha1\ws54a_shw11_alp_ovl.bmp.png
ws54a_shw12_alp_ovl.bmp,C:\Development\Git\Afevis-MGS2-Bugfix-Compilation\Texture Fixes\ps2 textures\HAS ALPHA\same sha1\ws54a_shw12_alp_ovl.bmp.png
ws54a_shw13_alp_ovl.bmp,C:\Development\Git\Afevis-MGS2-Bugfix-Compilation\Texture Fixes\ps2 textures\HAS ALPHA\same sha1\ws54a_shw13_alp_ovl.bmp.png
ws54a_shw14_alp_ovl.bmp,C:\Development\Git\Afevis-MGS2-Bugfix-Compilation\Texture Fixes\ps2 textures\HAS ALPHA\same sha1\ws54a_shw14_alp_ovl.bmp.png
ws54a_shw15_alp_ovl.bmp,C:\Development\Git\Afevis-MGS2-Bugfix-Compilation\Texture Fixes\ps2 textures\HAS ALPHA\same sha1\ws54a_shw15_alp_ovl.bmp.png
ws54a_shw16_alp_ovl.bmp,C:\Development\Git\Afevis-MGS2-Bugfix-Compilation\Texture Fixes\ps2 textures\HAS ALPHA\same sha1\ws54a_shw16_alp_ovl.bmp.png
ws54a_shw17_alp_ovl.bmp,C:\Development\Git\Afevis-MGS2-Bugfix-Compilation\Texture Fixes\ps2 textures\HAS ALPHA\same sha1\ws54a_shw17_alp_ovl.bmp.png
ws54a_shw18_alp_ovl.bmp,C:\Development\Git\Afevis-MGS2-Bugfix-Compilation\Texture Fixes\ps2 textures\HAS ALPHA\same sha1\ws54a_shw18_alp_ovl.bmp.png
ws54a_shw19_alp_ovl.bmp,C:\Development\Git\Afevis-MGS2-Bugfix-Compilation\Texture Fixes\ps2 textures\HAS ALPHA\same sha1\ws54a_shw19_alp_ovl.bmp.png
ws54a_wshw02_alp_ovl.bmp,C:\Development\Git\Afevis-MGS2-Bugfix-Compilation\Texture Fixes\ps2 textures\HAS ALPHA\same sha1\ws54a_wshw02_alp_ovl.bmp.png
ws54a_wshw03_alp_ovl.bmp,C:\Development\Git\Afevis-MGS2-Bugfix-Compilation\Texture Fixes\ps2 textures\HAS ALPHA\same sha1\ws54a_wshw03_alp_ovl.bmp.png
ws54a_wshw04_alp_ovl.bmp,C:\Development\Git\Afevis-MGS2-Bugfix-Compilation\Texture Fixes\ps2 textures\HAS ALPHA\same sha1\ws54a_wshw04_alp_ovl.bmp.png
ws54a_wshw05_alp_ovl.bmp,C:\Development\Git\Afevis-MGS2-Bugfix-Compilation\Texture Fixes\ps2 textures\HAS ALPHA\same sha1\ws54a_wshw05_alp_ovl.bmp.png
ws54a_wshw06_alp_ovl.bmp,C:\Development\Git\Afevis-MGS2-Bugfix-Compilation\Texture Fixes\ps2 textures\HAS ALPHA\same sha1\ws54a_wshw06_alp_ovl.bmp.png
ws54a_wshw07_alp_ovl.bmp,C:\Development\Git\Afevis-MGS2-Bugfix-Compilation\Texture Fixes\ps2 textures\HAS ALPHA\same sha1\ws54a_wshw07_alp_ovl.bmp.png
ws54a_wshw08_alp_ovl.bmp,C:\Development\Git\Afevis-MGS2-Bugfix-Compilation\Texture Fixes\ps2 textures\HAS ALPHA\same sha1\ws54a_wshw08_alp_ovl.bmp.png
ws54a_wshw10_alp_ovl.bmp,C:\Development\Git\Afevis-MGS2-Bugfix-Compilation\Texture Fixes\ps2 textures\HAS ALPHA\same sha1\ws54a_wshw10_alp_ovl.bmp.png
ws54a_wshw12_alp_ovl.bmp,C:\Development\Git\Afevis-MGS2-Bugfix-Compilation\Texture Fixes\ps2 textures\HAS ALPHA\same sha1\ws54a_wshw12_alp_ovl.bmp.png
ws54a_wshw13_alp_ovl.bmp,C:\Development\Git\Afevis-MGS2-Bugfix-Compilation\Texture Fixes\ps2 textures\HAS ALPHA\same sha1\ws54a_wshw13_alp_ovl.bmp.png
ws54a_wshw14_alp_ovl.bmp,C:\Development\Git\Afevis-MGS2-Bugfix-Compilation\Texture Fixes\ps2 textures\HAS ALPHA\same sha1\ws54a_wshw14_alp_ovl.bmp.png
ws54a_wshw15_alp_ovl.bmp,C:\Development\Git\Afevis-MGS2-Bugfix-Compilation\Texture Fixes\ps2 textures\HAS ALPHA\same sha1\ws54a_wshw15_alp_ovl.bmp.png
ws54a_wshw16_alp_ovl.bmp,C:\Development\Git\Afevis-MGS2-Bugfix-Compilation\Texture Fixes\ps2 textures\HAS ALPHA\same sha1\ws54a_wshw16_alp_ovl.bmp.png
ws54a_wshw17_alp_ovl.bmp,C:\Development\Git\Afevis-MGS2-Bugfix-Compilation\Texture Fixes\ps2 textures\HAS ALPHA\same sha1\ws54a_wshw17_alp_ovl.bmp.png
ws54a_wshw18_alp_ovl.bmp,C:\Development\Git\Afevis-MGS2-Bugfix-Compilation\Texture Fixes\ps2 textures\HAS ALPHA\same sha1\ws54a_wshw18_alp_ovl.bmp.png
ws54a_wshw19_alp_ovl.bmp,C:\Development\Git\Afevis-MGS2-Bugfix-Compilation\Texture Fixes\ps2 textures\HAS ALPHA\same sha1\ws54a_wshw19_alp_ovl.bmp.png
ws54a_wshw20_alp_ovl.bmp,C:\Development\Git\Afevis-MGS2-Bugfix-Compilation\Texture Fixes\ps2 textures\HAS ALPHA\same sha1\ws54a_wshw20_alp_ovl.bmp.png
ws55a_sdw11_alp_ovl.bmp,C:\Development\Git\Afevis-MGS2-Bugfix-Compilation\Texture Fixes\ps2 textures\HAS ALPHA\same sha1\ws55a_sdw11_alp_ovl.bmp.png
ws55a_sdw12_alp_ovl.bmp,C:\Development\Git\Afevis-MGS2-Bugfix-Compilation\Texture Fixes\ps2 textures\HAS ALPHA\same sha1\ws55a_sdw12_alp_ovl.bmp.png
ws55a_sdw16_alp_ovl.bmp,C:\Development\Git\Afevis-MGS2-Bugfix-Compilation\Texture Fixes\ps2 textures\HAS ALPHA\same sha1\ws55a_sdw16_alp_ovl.bmp.png
ws55a_sdw19_alp_ovl.bmp,C:\Development\Git\Afevis-MGS2-Bugfix-Compilation\Texture Fixes\ps2 textures\HAS ALPHA\same sha1\ws55a_sdw19_alp_ovl.bmp.png
ws55a_sdw20_alp_ovl.bmp,C:\Development\Git\Afevis-MGS2-Bugfix-Compilation\Texture Fixes\ps2 textures\HAS ALPHA\same sha1\ws55a_sdw20_alp_ovl.bmp.png
ws55a_sdw21_alp_ovl.bmp,C:\Development\Git\Afevis-MGS2-Bugfix-Compilation\Texture Fixes\ps2 textures\HAS ALPHA\same sha1\ws55a_sdw21_alp_ovl.bmp.png
ws55a_sdw22_alp_ovl.bmp,C:\Development\Git\Afevis-MGS2-Bugfix-Compilation\Texture Fixes\ps2 textures\HAS ALPHA\same sha1\ws55a_sdw22_alp_ovl.bmp.png
ws55a_sdw24_alp_ovl.bmp,C:\Development\Git\Afevis-MGS2-Bugfix-Compilation\Texture Fixes\ps2 textures\HAS ALPHA\same sha1\ws55a_sdw24_alp_ovl.bmp.png
ws55a_sdw25_alp_ovl.bmp,C:\Development\Git\Afevis-MGS2-Bugfix-Compilation\Texture Fixes\ps2 textures\HAS ALPHA\same sha1\ws55a_sdw25_alp_ovl.bmp.png
ws55a_sdw26_alp_ovl.bmp,C:\Development\Git\Afevis-MGS2-Bugfix-Compilation\Texture Fixes\ps2 textures\HAS ALPHA\same sha1\ws55a_sdw26_alp_ovl.bmp.png
ws55a_sdw27_alp_ovl.bmp,C:\Development\Git\Afevis-MGS2-Bugfix-Compilation\Texture Fixes\ps2 textures\HAS ALPHA\same sha1\ws55a_sdw27_alp_ovl.bmp.png
ws55a_sdw28_alp_ovl.bmp,C:\Development\Git\Afevis-MGS2-Bugfix-Compilation\Texture Fixes\ps2 textures\HAS ALPHA\same sha1\ws55a_sdw28_alp_ovl.bmp.png
ws55a_sdw29_alp_ovl.bmp,C:\Development\Git\Afevis-MGS2-Bugfix-Compilation\Texture Fixes\ps2 textures\HAS ALPHA\same sha1\ws55a_sdw29_alp_ovl.bmp.png
ws55a_sdw30_alp_ovl.bmp,C:\Development\Git\Afevis-MGS2-Bugfix-Compilation\Texture Fixes\ps2 textures\HAS ALPHA\same sha1\ws55a_sdw30_alp_ovl.bmp.png
ws55a_sdw34_alp_ovl.bmp,C:\Development\Git\Afevis-MGS2-Bugfix-Compilation\Texture Fixes\ps2 textures\HAS ALPHA\same sha1\ws55a_sdw34_alp_ovl.bmp.png
ws55a_sdw35_alp_ovl.bmp,C:\Development\Git\Afevis-MGS2-Bugfix-Compilation\Texture Fixes\ps2 textures\HAS ALPHA\same sha1\ws55a_sdw35_alp_ovl.bmp.png
ws55a_sdw36_alp_ovl.bmp,C:\Development\Git\Afevis-MGS2-Bugfix-Compilation\Texture Fixes\ps2 textures\HAS ALPHA\same sha1\ws55a_sdw36_alp_ovl.bmp.png
ws61a_sdw00a_alp_ovl.bmp,C:\Development\Git\Afevis-MGS2-Bugfix-Compilation\Texture Fixes\ps2 textures\HAS ALPHA\same sha1\ws61a_sdw00a_alp_ovl.bmp.png
ws62a_sdw00c_alp_ovl.bmp,C:\Development\Git\Afevis-MGS2-Bugfix-Compilation\Texture Fixes\ps2 textures\HAS ALPHA\same sha1\ws62a_sdw00c_alp_ovl.bmp.png
ws62a_sdw00d_alp_ovl.bmp,C:\Development\Git\Afevis-MGS2-Bugfix-Compilation\Texture Fixes\ps2 textures\HAS ALPHA\same sha1\ws62a_sdw00d_alp_ovl.bmp.png
ws62a_sdw03b_alp_ovl.bmp,C:\Development\Git\Afevis-MGS2-Bugfix-Compilation\Texture Fixes\ps2 textures\HAS ALPHA\same sha1\ws62a_sdw03b_alp_ovl.bmp.png
ws62a_sdw03c_alp_ovl.bmp,C:\Development\Git\Afevis-MGS2-Bugfix-Compilation\Texture Fixes\ps2 textures\HAS ALPHA\same sha1\ws62a_sdw03c_alp_ovl.bmp.png
ws62a_sdw04a_alp_ovl.bmp,C:\Development\Git\Afevis-MGS2-Bugfix-Compilation\Texture Fixes\ps2 textures\HAS ALPHA\same sha1\ws62a_sdw04a_alp_ovl.bmp.png
ws62a_sdw06_alp_ovl.bmp,C:\Development\Git\Afevis-MGS2-Bugfix-Compilation\Texture Fixes\ps2 textures\HAS ALPHA\same sha1\ws62a_sdw06_alp_ovl.bmp.png
ws62a_sdw08c_alp_ovl.bmp,C:\Development\Git\Afevis-MGS2-Bugfix-Compilation\Texture Fixes\ps2 textures\HAS ALPHA\same sha1\ws62a_sdw08c_alp_ovl.bmp.png
ws62a_sdw11_alp_ovl.bmp,C:\Development\Git\Afevis-MGS2-Bugfix-Compilation\Texture Fixes\ps2 textures\HAS ALPHA\same sha1\ws62a_sdw11_alp_ovl.bmp.png
ws62a_sdw13d_alp_ovl.bmp,C:\Development\Git\Afevis-MGS2-Bugfix-Compilation\Texture Fixes\ps2 textures\HAS ALPHA\same sha1\ws62a_sdw13d_alp_ovl.bmp.png
ws62a_sdw13i_alp_ovl.bmp,C:\Development\Git\Afevis-MGS2-Bugfix-Compilation\Texture Fixes\ps2 textures\HAS ALPHA\same sha1\ws62a_sdw13i_alp_ovl.bmp.png
ws62a_sdw14_alp_ovl.bmp,C:\Development\Git\Afevis-MGS2-Bugfix-Compilation\Texture Fixes\ps2 textures\HAS ALPHA\same sha1\ws62a_sdw14_alp_ovl.bmp.png
ws62a_sdw14c_alp_ovl.bmp,C:\Development\Git\Afevis-MGS2-Bugfix-Compilation\Texture Fixes\ps2 textures\HAS ALPHA\same sha1\ws62a_sdw14c_alp_ovl.bmp.png
ws62a_sdw14d_alp_ovl.bmp,C:\Development\Git\Afevis-MGS2-Bugfix-Compilation\Texture Fixes\ps2 textures\HAS ALPHA\same sha1\ws62a_sdw14d_alp_ovl.bmp.png
ws62a_sdw15_alp_ovl.bmp,C:\Development\Git\Afevis-MGS2-Bugfix-Compilation\Texture Fixes\ps2 textures\HAS ALPHA\same sha1\ws62a_sdw15_alp_ovl.bmp.png
ws62a_sdw15a_alp_ovl.bmp,C:\Development\Git\Afevis-MGS2-Bugfix-Compilation\Texture Fixes\ps2 textures\HAS ALPHA\same sha1\ws62a_sdw15a_alp_ovl.bmp.png
ws62a_sdw16c_alp_ovl.bmp,C:\Development\Git\Afevis-MGS2-Bugfix-Compilation\Texture Fixes\ps2 textures\HAS ALPHA\same sha1\ws62a_sdw16c_alp_ovl.bmp.png
ws62a_wall_00.bmp,C:\Development\Git\Afevis-MGS2-Bugfix-Compilation\Texture Fixes\ps2 textures\OPAQUE\same sha1\ws62a_wall_00.bmp.png
ws63a_shw03_alp_ovl.bmp,C:\Development\Git\Afevis-MGS2-Bugfix-Compilation\Texture Fixes\ps2 textures\HAS ALPHA\same sha1\ws63a_shw03_alp_ovl.bmp.png
ws63a_shw05_alp_ovl.bmp,C:\Development\Git\Afevis-MGS2-Bugfix-Compilation\Texture Fixes\ps2 textures\HAS ALPHA\same sha1\ws63a_shw05_alp_ovl.bmp.png
ws63a_shw07_alp_ovl.bmp,C:\Development\Git\Afevis-MGS2-Bugfix-Compilation\Texture Fixes\ps2 textures\HAS ALPHA\same sha1\ws63a_shw07_alp_ovl.bmp.png
ws63a_shw13_alp_ovl.bmp,C:\Development\Git\Afevis-MGS2-Bugfix-Compilation\Texture Fixes\ps2 textures\HAS ALPHA\same sha1\ws63a_shw13_alp_ovl.bmp.png
ws64a_sdw_alp_ovl_00.bmp,C:\Development\Git\Afevis-MGS2-Bugfix-Compilation\Texture Fixes\ps2 textures\HAS ALPHA\same sha1\ws64a_sdw_alp_ovl_00.bmp.png
ws64a_sdw_alp_ovl_14.bmp,C:\Development\Git\Afevis-MGS2-Bugfix-Compilation\Texture Fixes\ps2 textures\HAS ALPHA\same sha1\ws64a_sdw_alp_ovl_14.bmp.png
ws65a_sdw03_alp_ovl.bmp,C:\Development\Git\Afevis-MGS2-Bugfix-Compilation\Texture Fixes\ps2 textures\HAS ALPHA\same sha1\ws65a_sdw03_alp_ovl.bmp.png
ws65a_sdw06_alp_ovl.bmp,C:\Development\Git\Afevis-MGS2-Bugfix-Compilation\Texture Fixes\ps2 textures\HAS ALPHA\same sha1\ws65a_sdw06_alp_ovl.bmp.png
ws65a_sdw07_alp_ovl.bmp,C:\Development\Git\Afevis-MGS2-Bugfix-Compilation\Texture Fixes\ps2 textures\HAS ALPHA\same sha1\ws65a_sdw07_alp_ovl.bmp.png
ws65a_sdw09_alp_ovl.bmp,C:\Development\Git\Afevis-MGS2-Bugfix-Compilation\Texture Fixes\ps2 textures\HAS ALPHA\same sha1\ws65a_sdw09_alp_ovl.bmp.png
ws65a_sdw10_alp_ovl.bmp,C:\Development\Git\Afevis-MGS2-Bugfix-Compilation\Texture Fixes\ps2 textures\HAS ALPHA\same sha1\ws65a_sdw10_alp_ovl.bmp.png
ws65a_sdw13_alp_ovl.bmp,C:\Development\Git\Afevis-MGS2-Bugfix-Compilation\Texture Fixes\ps2 textures\HAS ALPHA\same sha1\ws65a_sdw13_alp_ovl.bmp.png
ws65a_sdw16_alp_ovl.bmp,C:\Development\Git\Afevis-MGS2-Bugfix-Compilation\Texture Fixes\ps2 textures\HAS ALPHA\same sha1\ws65a_sdw16_alp_ovl.bmp.png
ws65a_sdw21_alp_ovl.bmp,C:\Development\Git\Afevis-MGS2-Bugfix-Compilation\Texture Fixes\ps2 textures\HAS ALPHA\same sha1\ws65a_sdw21_alp_ovl.bmp.png
ws65a_sdw22_alp_ovl.bmp,C:\Development\Git\Afevis-MGS2-Bugfix-Compilation\Texture Fixes\ps2 textures\HAS ALPHA\same sha1\ws65a_sdw22_alp_ovl.bmp.png
ws65a_sdw23_alp_ovl.bmp,C:\Development\Git\Afevis-MGS2-Bugfix-Compilation\Texture Fixes\ps2 textures\HAS ALPHA\same sha1\ws65a_sdw23_alp_ovl.bmp.png
ws65a_sdw24_alp_ovl.bmp,C:\Development\Git\Afevis-MGS2-Bugfix-Compilation\Texture Fixes\ps2 textures\HAS ALPHA\same sha1\ws65a_sdw24_alp_ovl.bmp.png
ws65a_sdw25_alp_ovl.bmp,C:\Development\Git\Afevis-MGS2-Bugfix-Compilation\Texture Fixes\ps2 textures\HAS ALPHA\same sha1\ws65a_sdw25_alp_ovl.bmp.png
ws65a_sdw31_alp_ovl.bmp,C:\Development\Git\Afevis-MGS2-Bugfix-Compilation\Texture Fixes\ps2 textures\HAS ALPHA\same sha1\ws65a_sdw31_alp_ovl.bmp.png
ws65a_sdw36_alp_ovl.bmp,C:\Development\Git\Afevis-MGS2-Bugfix-Compilation\Texture Fixes\ps2 textures\HAS ALPHA\same sha1\ws65a_sdw36_alp_ovl.bmp.png
ws65a_sdw37_alp_ovl.bmp,C:\Development\Git\Afevis-MGS2-Bugfix-Compilation\Texture Fixes\ps2 textures\HAS ALPHA\same sha1\ws65a_sdw37_alp_ovl.bmp.png
ws65a_sdw38_alp_ovl.bmp,C:\Development\Git\Afevis-MGS2-Bugfix-Compilation\Texture Fixes\ps2 textures\HAS ALPHA\same sha1\ws65a_sdw38_alp_ovl.bmp.png
ws65a_sdw39_alp_ovl.bmp,C:\Development\Git\Afevis-MGS2-Bugfix-Compilation\Texture Fixes\ps2 textures\HAS ALPHA\same sha1\ws65a_sdw39_alp_ovl.bmp.png
ws65a_sdw41_alp_ovl.bmp,C:\Development\Git\Afevis-MGS2-Bugfix-Compilation\Texture Fixes\ps2 textures\HAS ALPHA\same sha1\ws65a_sdw41_alp_ovl.bmp.png
ws65a_sdw44_alp_ovl.bmp,C:\Development\Git\Afevis-MGS2-Bugfix-Compilation\Texture Fixes\ps2 textures\HAS ALPHA\same sha1\ws65a_sdw44_alp_ovl.bmp.png
ws65a_sdw46_alp_ovl.bmp,C:\Development\Git\Afevis-MGS2-Bugfix-Compilation\Texture Fixes\ps2 textures\HAS ALPHA\same sha1\ws65a_sdw46_alp_ovl.bmp.png
ws65a_sdw47_alp_ovl.bmp,C:\Development\Git\Afevis-MGS2-Bugfix-Compilation\Texture Fixes\ps2 textures\HAS ALPHA\same sha1\ws65a_sdw47_alp_ovl.bmp.png
ws65a_sdw48_alp_ovl.bmp,C:\Development\Git\Afevis-MGS2-Bugfix-Compilation\Texture Fixes\ps2 textures\HAS ALPHA\same sha1\ws65a_sdw48_alp_ovl.bmp.png
ws65a_sdw55_alp_ovl.bmp,C:\Development\Git\Afevis-MGS2-Bugfix-Compilation\Texture Fixes\ps2 textures\HAS ALPHA\same sha1\ws65a_sdw55_alp_ovl.bmp.png
ws65a_sdw57_alp_ovl.bmp,C:\Development\Git\Afevis-MGS2-Bugfix-Compilation\Texture Fixes\ps2 textures\HAS ALPHA\same sha1\ws65a_sdw57_alp_ovl.bmp.png
ws65a_sdw62_alp_ovl.bmp,C:\Development\Git\Afevis-MGS2-Bugfix-Compilation\Texture Fixes\ps2 textures\HAS ALPHA\same sha1\ws65a_sdw62_alp_ovl.bmp.png
ws65a_sdw66_alp_ovl.bmp,C:\Development\Git\Afevis-MGS2-Bugfix-Compilation\Texture Fixes\ps2 textures\HAS ALPHA\same sha1\ws65a_sdw66_alp_ovl.bmp.png
ws65a_sdw67_alp_ovl.bmp,C:\Development\Git\Afevis-MGS2-Bugfix-Compilation\Texture Fixes\ps2 textures\HAS ALPHA\same sha1\ws65a_sdw67_alp_ovl.bmp.png
ws65a_sdw70_alp_ovl.bmp,C:\Development\Git\Afevis-MGS2-Bugfix-Compilation\Texture Fixes\ps2 textures\HAS ALPHA\same sha1\ws65a_sdw70_alp_ovl.bmp.png
ws65a_sdw71_alp_ovl.bmp,C:\Development\Git\Afevis-MGS2-Bugfix-Compilation\Texture Fixes\ps2 textures\HAS ALPHA\same sha1\ws65a_sdw71_alp_ovl.bmp.png
ws65a_sdw72_alp_ovl.bmp,C:\Development\Git\Afevis-MGS2-Bugfix-Compilation\Texture Fixes\ps2 textures\HAS ALPHA\same sha1\ws65a_sdw72_alp_ovl.bmp.png
ws71a_sdw_06_alp_ovl.bmp,C:\Development\Git\Afevis-MGS2-Bugfix-Compilation\Texture Fixes\ps2 textures\HAS ALPHA\same sha1\ws71a_sdw_06_alp_ovl.bmp.png
ws71a_sdw_12_alp_ovl.bmp,C:\Development\Git\Afevis-MGS2-Bugfix-Compilation\Texture Fixes\ps2 textures\HAS ALPHA\same sha1\ws71a_sdw_12_alp_ovl.bmp.png
ws72a_sdw03_alp_ovl.bmp,C:\Development\Git\Afevis-MGS2-Bugfix-Compilation\Texture Fixes\ps2 textures\HAS ALPHA\same sha1\ws72a_sdw03_alp_ovl.bmp.png
ws72a_sdw04_alp_ovl.bmp,C:\Development\Git\Afevis-MGS2-Bugfix-Compilation\Texture Fixes\ps2 textures\HAS ALPHA\same sha1\ws72a_sdw04_alp_ovl.bmp.png
ws72a_sdw05_alp_ovl.bmp,C:\Development\Git\Afevis-MGS2-Bugfix-Compilation\Texture Fixes\ps2 textures\HAS ALPHA\same sha1\ws72a_sdw05_alp_ovl.bmp.png
ws72a_sdw06_alp_ovl.bmp,C:\Development\Git\Afevis-MGS2-Bugfix-Compilation\Texture Fixes\ps2 textures\HAS ALPHA\same sha1\ws72a_sdw06_alp_ovl.bmp.png
ws72a_sdw07_alp_ovl.bmp,C:\Development\Git\Afevis-MGS2-Bugfix-Compilation\Texture Fixes\ps2 textures\HAS ALPHA\same sha1\ws72a_sdw07_alp_ovl.bmp.png
ws72a_sdw08_alp_ovl.bmp,C:\Development\Git\Afevis-MGS2-Bugfix-Compilation\Texture Fixes\ps2 textures\HAS ALPHA\same sha1\ws72a_sdw08_alp_ovl.bmp.png
ws72a_sdw09_alp_ovl.bmp,C:\Development\Git\Afevis-MGS2-Bugfix-Compilation\Texture Fixes\ps2 textures\HAS ALPHA\same sha1\ws72a_sdw09_alp_ovl.bmp.png
ws72a_sdw10_alp_ovl.bmp,C:\Development\Git\Afevis-MGS2-Bugfix-Compilation\Texture Fixes\ps2 textures\HAS ALPHA\same sha1\ws72a_sdw10_alp_ovl.bmp.png
ws72a_sdw11_alp_ovl.bmp,C:\Development\Git\Afevis-MGS2-Bugfix-Compilation\Texture Fixes\ps2 textures\HAS ALPHA\same sha1\ws72a_sdw11_alp_ovl.bmp.png
ws72a_sdw16_alp_ovl.bmp,C:\Development\Git\Afevis-MGS2-Bugfix-Compilation\Texture Fixes\ps2 textures\HAS ALPHA\same sha1\ws72a_sdw16_alp_ovl.bmp.png
ws72a_sdw17_alp_ovl.bmp,C:\Development\Git\Afevis-MGS2-Bugfix-Compilation\Texture Fixes\ps2 textures\HAS ALPHA\same sha1\ws72a_sdw17_alp_ovl.bmp.png
ws72a_sdw18_alp_ovl.bmp,C:\Development\Git\Afevis-MGS2-Bugfix-Compilation\Texture Fixes\ps2 textures\HAS ALPHA\same sha1\ws72a_sdw18_alp_ovl.bmp.png
ws72a_sdw20_alp_ovl.bmp,C:\Development\Git\Afevis-MGS2-Bugfix-Compilation\Texture Fixes\ps2 textures\HAS ALPHA\same sha1\ws72a_sdw20_alp_ovl.bmp.png
ws72a_sdw24_alp_ovl.bmp,C:\Development\Git\Afevis-MGS2-Bugfix-Compilation\Texture Fixes\ps2 textures\HAS ALPHA\same sha1\ws72a_sdw24_alp_ovl.bmp.png
ws72a_sdw25_alp_ovl.bmp,C:\Development\Git\Afevis-MGS2-Bugfix-Compilation\Texture Fixes\ps2 textures\HAS ALPHA\same sha1\ws72a_sdw25_alp_ovl.bmp.png
ws72a_sdw26_alp_ovl.bmp,C:\Development\Git\Afevis-MGS2-Bugfix-Compilation\Texture Fixes\ps2 textures\HAS ALPHA\same sha1\ws72a_sdw26_alp_ovl.bmp.png
ws72a_sdw28_alp_ovl.bmp,C:\Development\Git\Afevis-MGS2-Bugfix-Compilation\Texture Fixes\ps2 textures\HAS ALPHA\same sha1\ws72a_sdw28_alp_ovl.bmp.png
ws72a_sdw29_alp_ovl.bmp,C:\Development\Git\Afevis-MGS2-Bugfix-Compilation\Texture Fixes\ps2 textures\HAS ALPHA\same sha1\ws72a_sdw29_alp_ovl.bmp.png
ws72a_sdw30_alp_ovl.bmp,C:\Development\Git\Afevis-MGS2-Bugfix-Compilation\Texture Fixes\ps2 textures\HAS ALPHA\same sha1\ws72a_sdw30_alp_ovl.bmp.png
ws72a_sdw31_alp_ovl.bmp,C:\Development\Git\Afevis-MGS2-Bugfix-Compilation\Texture Fixes\ps2 textures\HAS ALPHA\same sha1\ws72a_sdw31_alp_ovl.bmp.png
ws72a_sdw33_alp_ovl.bmp,C:\Development\Git\Afevis-MGS2-Bugfix-Compilation\Texture Fixes\ps2 textures\HAS ALPHA\same sha1\ws72a_sdw33_alp_ovl.bmp.png
ws73a_sdw_20_alp_ovl.bmp,C:\Development\Git\Afevis-MGS2-Bugfix-Compilation\Texture Fixes\ps2 textures\HAS ALPHA\same sha1\ws73a_sdw_20_alp_ovl.bmp.png
ws73a_sdw_27_alp_ovl.bmp,C:\Development\Git\Afevis-MGS2-Bugfix-Compilation\Texture Fixes\ps2 textures\HAS ALPHA\same sha1\ws73a_sdw_27_alp_ovl.bmp.png
ws73a_sdw_29_alp_ovl.bmp,C:\Development\Git\Afevis-MGS2-Bugfix-Compilation\Texture Fixes\ps2 textures\HAS ALPHA\same sha1\ws73a_sdw_29_alp_ovl.bmp.png
ws73a_sdw_2_alp_ovl.bmp,C:\Development\Git\Afevis-MGS2-Bugfix-Compilation\Texture Fixes\ps2 textures\HAS ALPHA\same sha1\ws73a_sdw_2_alp_ovl.bmp.png
ws73a_sdw_30_alp_ovl.bmp,C:\Development\Git\Afevis-MGS2-Bugfix-Compilation\Texture Fixes\ps2 textures\HAS ALPHA\same sha1\ws73a_sdw_30_alp_ovl.bmp.png
ws73a_sdw_35_alp_ovl.bmp,C:\Development\Git\Afevis-MGS2-Bugfix-Compilation\Texture Fixes\ps2 textures\HAS ALPHA\same sha1\ws73a_sdw_35_alp_ovl.bmp.png
ws73a_sdw_41_alp_ovl.bmp,C:\Development\Git\Afevis-MGS2-Bugfix-Compilation\Texture Fixes\ps2 textures\HAS ALPHA\same sha1\ws73a_sdw_41_alp_ovl.bmp.png
ws_13a_sdw06_alp_ovl.bmp,C:\Development\Git\Afevis-MGS2-Bugfix-Compilation\Texture Fixes\ps2 textures\HAS ALPHA\same sha1\ws_13a_sdw06_alp_ovl.bmp.png
wtd_petbottle02_mt_mod1120_emap_ovl.bmp,C:\Development\Git\Afevis-MGS2-Bugfix-Compilation\Texture Fixes\ps2 textures\OPAQUE\same sha1\wtd_petbottle02_mt_mod1120_emap_ovl.bmp.png
xlit01b_msk.bmp,C:\Development\Git\Afevis-MGS2-Bugfix-Compilation\Texture Fixes\ps2 textures\HAS ALPHA\same sha1\xlit01b_msk.bmp.png
xlit04a_alp.bmp,C:\Development\Git\Afevis-MGS2-Bugfix-Compilation\Texture Fixes\ps2 textures\HAS ALPHA\same sha1\xlit04a_alp.bmp.png
xlit04b_alp.bmp,C:\Development\Git\Afevis-MGS2-Bugfix-Compilation\Texture Fixes\ps2 textures\HAS ALPHA\same sha1\xlit04b_alp.bmp.png
xlit05a_alp.bmp,C:\Development\Git\Afevis-MGS2-Bugfix-Compilation\Texture Fixes\ps2 textures\HAS ALPHA\same sha1\xlit05a_alp.bmp.png
xlit05b_alp.bmp,C:\Development\Git\Afevis-MGS2-Bugfix-Compilation\Texture Fixes\ps2 textures\HAS ALPHA\same sha1\xlit05b_alp.bmp.png
xlit24a_alp.bmp,C:\Development\Git\Afevis-MGS2-Bugfix-Compilation\Texture Fixes\ps2 textures\HAS ALPHA\same sha1\xlit24a_alp.bmp.png
xlit24b_alp.bmp,C:\Development\Git\Afevis-MGS2-Bugfix-Compilation\Texture Fixes\ps2 textures\HAS ALPHA\same sha1\xlit24b_alp.bmp.png
yu_ha.bmp,C:\Development\Git\Afevis-MGS2-Bugfix-Compilation\Texture Fixes\ps2 textures\OPAQUE\same sha1\yu_ha.bmp.png
zoe_pos_n.bmp,C:\Development\Git\Afevis-MGS2-Bugfix-Compilation\Texture Fixes\ps2 textures\OPAQUE\bp_remade\zoe_pos_n.bmp.png
zzz.bmp,C:\Development\Git\Afevis-MGS2-Bugfix-Compilation\Texture Fixes\ps2 textures\OPAQUE\same sha1\zzz.bmp.png
zzz_msk.bmp,C:\Development\Git\Afevis-MGS2-Bugfix-Compilation\Texture Fixes\ps2 textures\HAS ALPHA\same sha1\zzz_msk.bmp.png
